Workbook

Sheet references
A1: Strid, Röös & Tidåker. (2014). Förluster av svenskt nötkött inom primärproduktion och slakt. SJV Rapport 2014:07
A2: Bertilsson (2016) Updating Swedish emission factors for cattle to be used for calculations of greenhouse gases. On commission of the Swedish Environmental Protection Agency 2016. https://publications.slu.se/?file=publ/show&id=76286
A3: Ahlgren, S., Behaderovic, D., Wirsenius, S., Carlsson, A., Hessle, A. Toräng, P., Seeman, A., den Braver, T. & et al. Kvarnbäck, O. (2022) Miljöpåverkan av svensk nöt- och lammköttsproduktion. RISE

Sheet default
A1: f_breed | B1: f_prod_system | C1: f_sub_system | D1: f_animal | E1: f_animal_rations:animal | F1: f_feed | G1: f_po8:region | H1: f_from_ps | I1: f_to_ps | J1: parameter | K1: value | L1: unit | M1: description | N1: source
A2: Milk production
A3: Dairy
A4: dairy | B4: conventional | J4: milk_prod | K4: =AVERAGE(9829,9903,9953,10112,10330) -> 10025.4 | L4: kg/cow/year | M4: Total incl. for calves | N4: Växa Husdjursstatistik Tab. 17 (2016-2020)
A5: dairy | B5: conventional | J5: milk_loss | K5: 8 | L5: % | M5: Mikaela?? 89% delivered to dairy?? | N5: Växa + Swedish Board of Agriculture
A6: dairy | B6: conventional | J6: milk_fat | K6: =AVERAGE(4.3,4.2,4.2,4.3,4.3) -> 4.26 | L6: % | N6: Växa Husdjursstatistik Tab. 17 (2016-2020)
A7: dairy | B7: conventional | J7: milk_protein | K7: =AVERAGE(3.5,3.6,3.5,3.6,3.6) -> 3.56 | L7: % | N7: Växa Husdjursstatistik Tab. 17 (2016-2020)
A8: dairy | B8: organic | J8: milk_prod | K8: =AVERAGE(9135,9246,9280,9499,9676) -> 9367.2 | L8: kg/cow/year | N8: Växa Husdjursstatistik Tab. 17 (2016-2020)
A9: dairy | B9: organic | J9: milk_loss | K9: 8 | L9: % | M9: Mikaela?? 89% delivered to dairy?? | N9: Växa + Swedish Board of Agriculture
A10: dairy | B10: organic | J10: milk_fat | K10: =AVERAGE(4.2,4.1,4.1,4.1,4.2) -> 4.14 | L10: % | N10: Växa Husdjursstatistik Tab. 17 (2016-2020)
A11: dairy | B11: organic | J11: milk_protein | K11: =AVERAGE(3.4,3.4,3.4,3.5,3.5) -> 3.44 | L11: % | N11: Växa Husdjursstatistik Tab. 17 (2016-2020)
A12: Beef
A13: beef | J13: milk_prod | K13: 0 | L13: kg/cow/year | M13: milk prod. calculated from share of calf energy req. from milk
A14: beef | J14: milk_loss | K14: 0 | L14: %
A15: beef | J15: milk_fat | K15: 4.14 | L15: % | M15: Assumes same as dairy cows
A16: beef | J16: milk_protein | K16: 3.44 | L16: % | M16: Assumes same as dairy cows | Q16: milk kg x 0,25 + fat kg x 12,2 + protein kg x 7,7
A17: beef | J17: milk_to_dairy | K17: 0 | L17: %
A19: Fertility etc.
A20: Dairy
A21: dairy | B21: conventional | J21: calving_interval | K21: 13.2 | L21: months | N21: Växa Husdjursstatistik 2020, tab 29
A22: dairy | B22: organic | J22: calving_interval | K22: 12.9 | L22: months | N22: Växa Husdjursstatistik 2020, tab 29
A23: dairy | B23: conventional | J23: AFC | K23: 27 | L23: months | M23: age at first calving | N23: Växa Husdjursstatistik 2020, tab 29
A24: dairy | B24: organic | J24: AFC | K24: 27 | L24: months | M24: age at first calving | N24: Växa Husdjursstatistik 2020, tab 29
A25: dairy | B25: conventional | J25: recruitment_rate | K25: 37.1 | L25: % | M25: % of cows per year | N25: Växa Husdjursstatistik 2020, tab 28
A26: dairy | B26: organic | J26: recruitment_rate | K26: 36.1 | L26: % | M26: % of cows per year | N26: Växa Husdjursstatistik 2020, tab 28
A27: dairy | J27: time_lag_recruitment | K27: 0 | L27: months
A28: dairy | J28: ratio_male_calf | K28: 50.655978 | L28: % | M28: % of calves | N28: Växa Husdjursstatistik 2020, tab 20
A29: dairy | J29: twin_birth | K29: =(79242*1.07+141785*4.46)/(79242+141785) -> 3.2446264 | L29: % | M29: % of calvings
A30: dairy | B30: conventional | J30: stillborn_calf | K30: 5 | L30: % | M30: % of calvings | N30: Växa Husdjursstatistik 2020, tab 28
A31: dairy | B31: organic | J31: stillborn_calf | K31: 4.6 | L31: % | M31: % of calvings | N31: Växa Husdjursstatistik 2020, tab 28
A32: dairy | B32: conventional | J32: weaning_age | K32: =9*7 -> 63 | L32: days | N32: Skottheim (2014) Hur stor betydelse har utfodrings- och avvänjningsstrategin för kalvens tillväxt och hälsa?. SLU, Uppsala
A33: dairy | B33: organic | J33: weaning_age | K33: =12*7 -> 84 | L33: days | N33: https://www.kalvportalen.se/mjoelk/mjoelkraskalvar/utfodringsperiod/
A34: dairy | B34: conventional | J34: breeding_bulls_per_cow | K34: =1/90*0.5 -> 0.0055555556 | L34: nr | M34: 0.5 breeding bulls ber farm / 90 cows per farm | N34: Artificial insemination, but often a bull for cases where it does not work (Anna Hessle, SLU)
A35: dairy | B35: organic | J35: breeding_bulls_per_cow | K35: =1/99*0.5 -> 0.0050505051 | L35: nr | M35: 0.5 breeding bulls ber farm / 99 cows per farm | N35: cows per farm from Swedish Board of Agriculture statistics database (avg. 2016-2020)
A37: Beef
A38: beef | J38: calving_interval | K38: 12.7 | L38: months
A39: beef | J39: AFC | K39: =(27.5+28.4+27.6+29.9+30)/5 -> 28.68 | L39: months | M39: age at first calving | N39: Växa Husdjursstatistik 2020 (KAP), tab 32
A40: beef | J40: recruitment_rate | K40: 25.100803 | L40: % | M40: % of cows per year
A41: beef | J41: time_lag_recruitment | K41: 5 | L41: months | M41: Time from slaughter of cow to first calving of replacement heifer | N41: Pers. com. Anna Hessle, SLU
A42: beef | J42: ratio_male_calf | K42: 51.7 | L42: % | M42: % of calves | N42: Växa Husdjursstatistik 2020 (KAP), tab 34
A43: beef | J43: twin_birth | K43: 4.5730449 | L43: % | M43: % of calvings
A44: beef | J44: stillborn_calf | K44: 2.2748383 | L44: % | M44: % of calvings
A45: beef | J45: weaning_age | K45: =7*30.4 -> 212.8 | L45: days | N45: Ahlgren et al. (2022), Bilaga tabell U
A46: beef | B46: conventional | J46: breeding_bulls_per_cow | K46: =1/17*1.5 -> 0.088235294 | L46: nr | M46: 1.5 breeding bulls ber farm / 17 cows per farm | N46: Many farms have light and heavy bull (Anna Hessle, SLU)
A47: beef | B47: organic | J47: breeding_bulls_per_cow | K47: =1/32*1.5 -> 0.046875 | L47: nr | M47: 1.5 breeding bulls ber farm / 32 cows per farm | N47: cows per farm from Swedish Board of Agriculture statistics database (avg. 2016-2020)
J49: live_weight | K49: 0 | M49: Fallback
A50: Dairy | O50: slaughter yield
A51: dairy | D51: cows | J51: live_weight | K51: =K104/O51 -> 622.94565 | L51: kg | M51: Slaughter weight * slaughter yield (from source) | N51: Hessle & Danielsson (2024) | O51: 0.5
A52: dairy | D52: breeding bulls | J52: live_weight | K52: =K105/O52 -> 762.19389 | L52: kg | M52: Slaughter weight * slaughter yield (from source) | O52: =O65/O64*O51 -> 0.56603774
A53: dairy | J53: birth_weight | K53: 40 | L53: kg | N53: Växa Slakt
A54: dairy | B54: conventional | J54: live_weight_weaning_male | K54: =K53+0.55*K32 -> 74.65 | L54: kg
A55: dairy | B55: conventional | J55: live_weight_weaning_female | K55: =K53+0.55*K32 -> 74.65 | L55: kg
A56: dairy | B56: organic | J56: live_weight_weaning_male | K56: =K53+0.55*K33 -> 86.2 | L56: kg
A57: dairy | B57: organic | J57: live_weight_weaning_female | K57: =K53+0.55*K33 -> 86.2 | L57: kg
A58: dairy | J58: live_weight_first_calving | K58: =K60 -> 586.10884 | L58: kg | M58: assume same as LW @ slaughter for heifers | O58: slaughter yield
A59: dairy | D59: calves, for slaughter | J59: live_weight_slaughter | K59: =K106/O59 -> 338.44023 | L59: kg | M59: Slaughter weight * slaughter yield (from source) | N59: Gård & Djurhälsan (2016) Slaktutbyte något att räkna med? | O59: 0.5
A60: dairy | D60: heifers | J60: live_weight_slaughter | K60: =K107/O60 -> 586.10884 | L60: kg | M60: Slaughter weight * slaughter yield (from source) | N60: Ahlgren et al. (2022) Tabell 11 | O60: =320/625 -> 0.512 | P60: assume same as steers
A61: dairy | D61: steers | J61: live_weight_slaughter | K61: =K108/O61 -> 640.74329 | L61: kg | M61: Slaughter weight * slaughter yield (from source) | N61: Ahlgren et al. (2022) Tabell 11 | O61: =320/625 -> 0.512
A62: dairy | D62: bulls | J62: live_weight_slaughter | K62: =K109/O62 -> 636.45866 | L62: kg | M62: Slaughter weight * slaughter yield (from source) | N62: Ahlgren et al. (2022) Tabell 11 | O62: =330/640 -> 0.515625
A63: Beef | O63: slaughter yield
A64: beef | D64: cows | J64: live_weight | K64: =K121/O64 -> 642.9311 | L64: kg | M64: Slaughter weight * slaughter yield (from source) | N64: Ahlgren et al. (2022) Tabell 10 | O64: 0.53
A65: beef | D65: breeding bulls | J65: live_weight | K65: =K122/O65 -> 871.65582 | L65: kg | M65: Slaughter weight * slaughter yield (from source) | N65: Ahlgren et al. (2022) Tabell 10 | O65: 0.6
A66: beef | J66: birth_weight | K66: 41 | L66: kg | N66: Växa KAP Slakt
A67: beef | J67: live_weight_weaning_male | K67: =300*0.95 -> 285 | L67: kg | M67: Adjusted to give more reasonable growth rate after weaning | N67: Ahlgren et al. (2022), Bilaga tabell U
A68: beef | J68: live_weight_weaning_female | K68: =275*0.95 -> 261.25 | L68: kg | M68: Adjusted to give more reasonable growth rate after weaning | N68: Ahlgren et al. (2022), Bilaga tabell U
A69: beef | J69: live_weight_first_calving | K69: =K71 -> 591.31287 | L69: kg | M69: assume same as LW @ slaughter for heifers | O69: slaughter yield
A70: beef | D70: calves, for slaughter | J70: live_weight_slaughter | K70: =K123/O70 -> 315.86083 | L70: kg | M70: Slaughter weight * slaughter yield (from source) | N70: Gård & Djurhälsan (2016) Slaktutbyte något att räkna med? | O70: 0.5
A71: beef | D71: heifers | J71: live_weight_slaughter | K71: =K124/O71 -> 591.31287 | L71: kg | M71: Slaughter weight * slaughter yield (from source) | N71: Ahlgren et al. (2022) Tabell 12 | O71: =315/600 -> 0.525
A72: beef | D72: steers | J72: live_weight_slaughter | K72: =K125/O72 -> 631.22742 | L72: kg | M72: Slaughter weight * slaughter yield (from source) | N72: Ahlgren et al. (2022) Tabell 12 | O72: =330/620 -> 0.53225806
A73: beef | D73: bulls | J73: live_weight_slaughter | K73: =K126/O73 -> 639.06904 | L73: kg | M73: Slaughter weight * slaughter yield (from source) | N73: Ahlgren et al. (2022) Tabell 12 | O73: =360/640 -> 0.5625
A74: Mortality
A75: Dairy
A76: dairy | D76: cows | J76: mortality | K76: 6.6 | L76: % | M76: % of cows per year | N76: Ahlgren et al. (2022), Bilaga tabell U
A77: dairy | J77: mortality_male_0towean | K77: 4.2 | L77: % | M77: % of live born | N77: Ahlgren et al. (2022), Bilaga tabell U
A78: dairy | J78: mortality_male_0towean_age | K78: 10 | L78: days | M78: avg age of deaths in span | N78: Ahlgren et al. (2022), Bilaga tabell U
A79: dairy | J79: mortality_female_0towean | K79: 3.4 | L79: % | M79: % of live born | N79: Ahlgren et al. (2022), Bilaga tabell U
A80: dairy | J80: mortality_female_0towean_age | K80: 10 | L80: days | M80: avg age of deaths in span | N80: Ahlgren et al. (2022), Bilaga tabell U
A81: dairy | J81: mortality_male_weantoslaught | K81: 6.8 | L81: % | M81: % of weaned | N81: Ahlgren et al. (2022), Bilaga tabell U
A82: dairy | J82: mortality_male_weantoslaught_age | K82: =100+10 -> 110 | L82: days | M82: avg age of deaths in span | N82: Ahlgren et al. (2022), Bilaga tabell U
A83: dairy | J83: mortality_female_weantoslaught | K83: 4 | L83: % | M83: % of weaned | N83: Ahlgren et al. (2022), Bilaga tabell U
A84: dairy | J84: mortality_female_weantoslaught_age | K84: =100+10 -> 110 | L84: days | M84: avg age of deaths in span | N84: Ahlgren et al. (2022), Bilaga tabell U
A85: Beef
A86: beef | D86: cows | J86: mortality | K86: 2 | L86: % | M86: % of cows per year | N86: Ahlgren et al. (2022), Bilaga tabell U
A87: beef | J87: mortality_male_0towean | K87: 4 | L87: % | M87: % of live born | N87: Ahlgren et al. (2022), Bilaga tabell U
A88: beef | J88: mortality_male_0towean_age | K88: 3 | L88: days | M88: avg age of death in span | N88: Ahlgren et al. (2022), Bilaga tabell U
A89: beef | J89: mortality_female_0towean | K89: 3.2 | L89: % | M89: % of live born | N89: Ahlgren et al. (2022), Bilaga tabell U
A90: beef | J90: mortality_female_0towean_age | K90: 10 | L90: days | M90: avg age of death in span | N90: Ahlgren et al. (2022), Bilaga tabell U
A91: beef | J91: mortality_male_weantoslaught | K91: 2.2 | L91: % | M91: % of weaned | N91: Ahlgren et al. (2022), Bilaga tabell U
A92: beef | J92: mortality_male_weantoslaught_age | K92: 234 | L92: days | M92: avg age of death in span | N92: Ahlgren et al. (2022), Bilaga tabell U
A93: beef | J93: mortality_female_weantoslaught | K93: 1.6 | L93: % | M93: % of weaned | N93: Ahlgren et al. (2022), Bilaga tabell U
A94: beef | J94: mortality_female_weantoslaught_age | K94: 241 | L94: days | M94: avg age of death in span | N94: Ahlgren et al. (2022), Bilaga tabell U
A96: Slaughter
A97: Dairy
A98: dairy | D98: cows | J98: slaughter_age | K98: 61.987433 | L98: months | N98: Gård & Djurhälsan (avg. 2019-2021)
A99: dairy | D99: breeding bulls | J99: slaughter_age | K99: 41.352529 | L99: months | N99: Gård & Djurhälsan (avg. 2019-2021)
A100: dairy | D100: calves, for slaughter | J100: slaughter_age | K100: 10.328497 | L100: months | N100: Gård & Djurhälsan (avg. 2019-2021)
A101: dairy | D101: heifers | J101: slaughter_age | K101: 30.188105 | L101: months | N101: Gård & Djurhälsan (avg. 2019-2021)
A102: dairy | D102: steers | J102: slaughter_age | K102: 29.050688 | L102: months | N102: Gård & Djurhälsan (avg. 2019-2021)
A103: dairy | D103: bulls | J103: slaughter_age | K103: 21.274162 | L103: months | N103: Gård & Djurhälsan (avg. 2019-2021)
A104: dairy | D104: cows | J104: slaughter_weight | K104: 311.47282 | L104: kg CW | N104: Gård & Djurhälsan (avg. 2019-2021)
...

Sheet Antal djur
B2: Mjölk besättningar | P2: =(1-P7/100)+(P7/100) -> 1 | Y2: Diko besättningar
D3: Number | F3: Slaughtered | H3: Slaughtered (1000 tonnes) | J3: Dead/culled | AA3: Number | AC3: Slaughtered | AE3: Slaughtered (1000 tonnes) | AG3: Dead/culled
D4: Conv | E4: Org | F4: Conv | G4: Org | H4: Conv | I4: Org | J4: Conv | K4: Org | M4: Parameter | P4: Konv | Q4: Eko | R4: Enhet | T4: Källa | AA4: Conv | AB4: Org | AC4: Conv | AD4: Org | AE4: Conv | AF4: Org | AG4: Conv | AH4: Org | AJ4: Parameter | AM4: Konv | AN4: Eko | AO4: Enhet | AQ4: Källa
B5: Cows | D5: =D80*(1-E58/100) -> 261212.59 | E5: =D80*(E58/100) -> 55025.412 | F5: =D5*P7/100-J5 -> 79669.839 | G5: =E5*Q7/100-K5 -> 16232.497 | H5: =F5*P30/1000000 -> 24.81499 | I5: =G5*Q30/1000000 -> 5.0559815 | J5: =D5*P14/100 -> 17240.031 | K5: =E5*Q14/100 -> 3631.6772 | M5: Kalvningsintervall | P5: 13.2 | Q5: 12.9 | R5: mån | T5: (Växa tab 29) | Y5: Cows | AA5: =D81*(1-E59/100) -> 133821.07 | AB5: =D81*(E59/100) -> 72692.928 | AC5: =AA5*AM7/100-AG5 -> 31961.815 | AD5: =AB5*AN7/100-AH5 -> 17361.974 | AE5: =AC5*AM30/1000000 -> 10.8911 | AF5: =AD5*AN30/1000000 -> 5.916153 | AG5: =AA5*AM14/100 -> 2676.4214 | AH5: =AB5*AN14/100 -> 1453.8586 | AJ5: Kalvningsintervall | AM5: =(12.7+12.7+12.7+12.7)/4 -> 12.7 | AN5: 12.7 | AO5: mån | AQ5: (Växa Husdjursstatistik 2020, tab 31)
B6: Heifers | D6: =D23*((P6-12)/12)+D27*((P25-12)/12) -> 143116.4 | E6: =E23*((Q6-12)/12)+E27*((Q25-12)/12) -> 27383.537 | F6: =D27 -> 14501.166 | G6: =E27 -> 1684.6085 | H6: =F6*P31/1000000 -> 4.3516219 | I6: =G6*Q31/1000000 -> 0.50553033 | M6: Inkalvningsålder | P6: 27 | Q6: 27 | R6: mån | T6: (Växa tab 29) | Y6: Heifers | AA6: =AA23*((AM6-12)/12)+AA27*((AM25-12)/12) -> 80765.592 | AB6: =AB23*((AN6-12)/12)+AB27*((AN25-12)/12) -> 38950.444 | AC6: =AA27 -> 27905.346 | AD6: =AB27 -> 10947.457 | AE6: =AC6*AM31/1000000 -> 8.6629149 | AF6: =AD6*AN31/1000000 -> 3.3985205 | AJ6: Inkalvningsålder | AM6: =(27.5+28.4+27.6+29.9+30)/5 -> 28.68 | AN6: =AM6 -> 28.68 | AO6: mån | AQ6: (Växa Husdjursstatistik 2020, tab 32)
B7: Steers | D7: =D28*((P27-12)/12) -> 23725.405 | E7: =E28*((Q27-12)/12) -> 2080.6328 | F7: =D28 -> 16697.558 | G7: =E28 -> 1464.3159 | H7: =F7*P33/1000000 -> 5.4778103 | I7: =G7*Q33/1000000 -> 0.4803843 | M7: Rekrytering | P7: 37.1 | Q7: 36.1 | R7: % | T7: (Växa tab 28) | Y7: Steers | AA7: =AA28*((AM27-12)/12) -> 8165.0384 | AB7: =AB28*((AN27-12)/12) -> 13736.113 | AC7: =AA28 -> 6297.7419 | AD7: =AB28 -> 10594.744 | AE7: =AC7*AM33/1000000 -> 2.1158894 | AF7: =AD7*AN33/1000000 -> 3.5595785 | AJ7: Rekrytering | AM7: =1/(AM24/12-AM6/12)*100 -> 25.883993 | AN7: =1/(AN24/12-AN6/12)*100 -> 25.883993 | AO7: % | AQ7: (ber.)
B8: Bulls | D8: =D29*((P28-12)/12) -> 80328.021 | E8: =E29*((Q28-12)/12) -> 714.54026 | F8: =D29 -> 103937.83 | G8: =E29 -> 924.55612 | H8: =F8*P34/1000000 -> 34.109693 | I8: =G8*Q34/1000000 -> 0.30341528 | M8: Könskvot, tjurkalvar | P8: =(48.7*77196+51.7*144627)/221823 -> 50.655978 | Q8: =P8 -> 50.655978 | R8: % | T8: (Växa Husdjursstatistik 2020, tab 20) | Y8: Bulls | AA8: =AA29*((AM28-12)/12) -> 36700.477 | AB8: =AB29*((AN28-12)/12) -> 11188.195 | AC8: =AA29 -> 60797.103 | AD8: =AB29 -> 18534.087 | AE8: =AC8*AM34/1000000 -> 21.85512 | AF8: =AD8*AN34/1000000 -> 6.6625658 | AJ8: Könskvot, tjurkalvar | AM8: 51.7 | AN8: =AM8 -> 51.7 | AO8: % | AQ8: (Växa KAP, tab 34)
B9: Calves | D9: =((D13-D17)*P16+(D14-D18)*P18+(D17-D19)*P20+(D18-D20)*P22+(D23+D27+D28+D29)*365.25+D24*P26*30.44)/365.25 -> 243040.2 | E9: =((E13-E17)*Q16+(E14-E18)*Q18+(E17-E19)*Q20+(E18-E20)*Q22+(E23+E27+E28+E29)*365.25+E24*Q26*30.44)/365.25 -> 25112.575 | F9: =D24 -> 10596.344 | G9: =E24 -> 319.41025 | H9: =F9*P32/1000000 -> 1.7931145 | I9: =G9*Q32/1000000 -> 0.054050639 | J9: =SUM(D21:D22) -> 23373.094 | K9: =SUM(E21:E22) -> 3061.7383 | M9: Tvilingfödslar | P9: =(79242*1.07+141785*4.46)/(79242+141785) -> 3.2446264 | Q9: =P9 -> 3.2446264 | R9: % | Y9: Calves | AA9: =((AA13-AA17)*AM16+(AA14-AA18)*AM18+(AA17-AA19)*AM20+(AA18-AA20)*AM22+(AA23+AA27+AA28+AA29)*365.25+AA24*AM26*30.44)/365.25 -> 132918.96 | AB9: =((AB13-AB17)*AN16+(AB14-AB18)*AN18+(AB17-AB19)*AN20+(AB18-AB20)*AN22+(AB23+AB27+AB28+AB29)*365.25+AB24*AN26*30.44)/365.25 -> 60501.722 | AC9: =AA24 -> 2007.1808 | AD9: =AB24 -> 846.73891 | AE9: =AC9*AM32/1000000 -> 0.3169949 | AF9: =AD9*AN32/1000000 -> 0.13372583 | AG9: =SUM(AA21:AA22) -> 7307.7168 | AH9: =SUM(AB21:AB22) -> 3731.6157 | AJ9: Tvilingfödslar | AM9: 4.5730449 | AN9: =AM9 -> 4.5730449 | AO9: % | AQ9: (Växa Husdjursstatistik 2020, tab 34a)
M10: Dödfödda kalvar | P10: 5 | Q10: 4.6 | R10: % | T10: (Växa tab 28) | AJ10: Dödfödda kalvar | AM10: =(2.4*10433+1.6*1935)/(10433+1935) -> 2.2748383 | AN10: =AM10 -> 2.2748383 | AO10: % | AQ10: (Växa Husdjursstatistik 2020, tab 31)
B11: Intermediates | D11: Conv | E11: Org | G11: Andel | H11: =SUM(H5:H9)/SUM($H5:$I9,$AE5:$AF9) -> 0.50226153 | I11: =SUM(I5:I9)/SUM($H5:$I9,$AE5:$AF9) -> 0.045560306 | M11: Lev. kalvar per år | P11: =(12/P5*(1-P7/100)+(P7/100))*(1*(1-P9/100)+2*(P9/100))*(1-P10/100) -> 0.92473865 | Q11: =(12/Q5*(1-Q7/100)+(Q7/100))*(1*(1-Q9/100)+2*(Q9/100))*(1-Q10/100) -> 0.94104312 | R11: antal/ko/år | T11: (ber.) | Y11: Intermediates | AA11: Conv | AB11: Org | AD11: Andel | AE11: =SUM(AE5:AE9)/SUM($H5:$I9,$AE5:$AF9) -> 0.31213358 | AF11: =SUM(AF5:AF9)/SUM($H5:$I9,$AE5:$AF9) -> 0.14004458 | AJ11: Lev. kalvar per år | AM11: =(12/AM5*(1-AM7/100)+(AM7/100))*(1*(1-AM9/100)+2*(AM9/100))*(1-AM10/100) -> 0.98019408 | AN11: =(12/AN5*(1-AN7/100)+(AN7/100))*(1*(1-AN9/100)+2*(AN9/100))*(1-AN10/100) -> 0.98019408 | AO11: antal/ko/år | AQ11: (ber.)
B12: Calves born | D12: =D5*P11 -> 241553.38 | E12: =E5*Q11 -> 51781.286 | H12: =H11/SUM(H11:I11) -> 0.91683372 | I12: =I11/SUM(H11:I11) -> 0.083166284 | M12: Avvänjningsålder | P12: 100 | Q12: =P12 -> 100 | R12: dagar | T12: RISE | Y12: Calves born | AA12: =AA5*AM11 -> 131170.62 | AB12: =AB5*AN11 -> 71253.178 | AE12: =AE11/SUM(AE11:AF11) -> 0.69028893 | AF12: =AF11/SUM(AE11:AF11) -> 0.30971107 | AJ12: Avvänjningsålder | AM12: =7*30.4 -> 212.8 | AN12: =AM12 -> 212.8 | AO12: dagar
B13: Male calves born | D13: =D12*P8/100 -> 122361.23 | E13: =E12*Q8/100 -> 26230.317 | M13: Dödlighet | Y13: Male calves born | AA13: =AA12*AM8/100 -> 67815.212 | AB13: =AB12*AN8/100 -> 36837.893 | AJ13: Dödlighet
B14: Female calves born | D14: =D12-D13 -> 119192.15 | E14: =E12-E13 -> 25550.969 | M14: kor | P14: 6.6 | Q14: =P14 -> 6.6 | R14: % av djur | T14: RISE | Y14: Female calves born | AA14: =AA12-AA13 -> 63355.411 | AB14: =AB12-AB13 -> 34415.285 | AJ14: kor | AM14: 2 | AN14: =AM14 -> 2 | AO14: % av djur | AQ14: RISE
B15: Male calves 2 weaned before redist | D15: =D13*(1-P15/100) -> 117222.06 | E15: =E13*(1-Q15/100) -> 25128.644 | M15: tjurkalv (föds.-avv.) | P15: 4.2 | Q15: =P15 -> 4.2 | R15: % av levande födda | T15: RISE | AA15: =AA13*(1-AM15/100) -> 65102.603 | AB15: =AB13*(1-AN15/100) -> 35364.377 | AJ15: tjurkalv (föds.-avv.) | AM15: 4 | AN15: =AM15 -> 4 | AO15: % av levande födda | AQ15: RISE
B16: Female calves 2 weaned before redist | D16: =D14*(1-P17/100) -> 115139.62 | E16: =E14*(1-Q17/100) -> 24682.236 | M16: snittålder | P16: 10 | Q16: =P16 -> 10 | R16: dagar | T16: RISE | AA16: =AA14*(1-AM17/100) -> 61328.038 | AB16: =AB14*(1-AN17/100) -> 33313.996 | AJ16: snittålder | AM16: 3 | AN16: =AM16 -> 3 | AO16: dagar | AQ16: RISE
B17: Male calves 2 weaned | D17: =D15+E15*P39/100 -> 139586.55 | E17: =E15-E15*P39/100 -> 2764.1508 | M17: kvigkalv (föds.-avv.) | P17: 3.4 | Q17: =P17 -> 3.4 | R17: % av levande födda | T17: RISE | Y17: Male calves 2 weaned | AA17: =AA15+AB15*AM39/100 -> 70053.616 | AB17: =AB15-AB15*AM39/100 -> 30413.364 | AJ17: kvigkalv (föds.-avv.) | AM17: 3.2 | AN17: =AM17 -> 3.2 | AO17: % av levande födda | AQ17: RISE
B18: Female calves 2 weaned | D18: =D16+E16*P40/100 -> 117237.61 | E18: =E16-E16*P40/100 -> 22584.246 | M18: snittålder | P18: 10 | Q18: =P18 -> 10 | R18: dagar | T18: RISE | Y18: Female calves 2 weaned | AA18: =AA16+AB16*AM40/100 -> 64159.727 | AB18: =AB16-AB16*AM40/100 -> 30482.306 | AJ18: snittålder | AM18: 10 | AN18: =AM18 -> 10 | AO18: dagar | AQ18: RISE
B19: Male calves 2 end | D19: =D17*(1-P19/100) -> 130094.66 | E19: =E17*(1-Q19/100) -> 2576.1885 | M19: tjurar/stutar (avv.-slakt) | P19: 6.8 | Q19: =P19 -> 6.8 | R19: % av avvanda | T19: RISE | Y19: Male calves 2 end | AA19: =AA17*(1-AM19/100) -> 68512.437 | AB19: =AB17*(1-AN19/100) -> 29744.27 | AJ19: tjurar/stutar (avv.-slakt) | AM19: 2.2 | AN19: =AM19 -> 2.2 | AO19: % av avvanda | AQ19: RISE
B20: Female calves 2 end | D20: =D18*(1-P21/100) -> 112548.1 | E20: =E18*(1-Q21/100) -> 21680.876 | M20: snittålder | P20: 59 | Q20: =P20 -> 59 | R20: dagar | T20: RISE | Y20: Female calves 2 end | AA20: =AA18*(1-AM21/100) -> 63133.171 | AB20: =AB18*(1-AN21/100) -> 29994.589 | AJ20: snittålder | AM20: 234 | AN20: =AM20 -> 234 | AO20: dagar | AQ20: RISE
B21: Male calves 2 dead | D21: =D13-D15+D17-D19 -> 14631.057 | E21: =E13-E15+E17-E19 -> 1289.6356 | M21: kvigor (avv.-slakt) | P21: 4 | Q21: =P21 -> 4 | R21: % av avvanda | T21: RISE | Y21: Male calves 2 dead | AA21: =AA13-AA15+AA17-AA19 -> 4253.788 | AB21: =AB13-AB15+AB17-AB19 -> 2142.6097 | AJ21: kvigor (avv.-slakt) | AM21: 1.6 | AN21: =AM21 -> 1.6 | AO21: % av avvanda | AQ21: RISE
B22: Female calves 2 dead | D22: =D14-D16+D18-D20 -> 8742.0374 | E22: =E14-E16+E18-E20 -> 1772.1028 | M22: snittålder | P22: 59 | Q22: =P22 -> 59 | R22: dagar | T22: RISE | Y22: Female calves 2 dead | AA22: =AA14-AA16+AA18-AA20 -> 3053.9288 | AB22: =AB14-AB16+AB18-AB20 -> 1589.006 | AJ22: snittålder | AM22: 241 | AN22: =AM22 -> 241 | AO22: dagar | AQ22: RISE
B23: Calves 2 recruitment | D23: =D5*P7/100 -> 96909.87 | E23: =E5*Q7/100 -> 19864.174 | M23: Slaktålder | Y23: Calves 2 recruitment | AA23: =AA5*AM7/100 -> 34638.236 | AB23: =AB5*AN7/100 -> 18815.832 | AJ23: Slaktålder
B24: Calves 2 slaughter | D24: =(SUM(D19:D20)-D23)*P36/100 -> 10596.344 | E24: =(SUM(E19:E20)-E23)*Q36/100 -> 319.41025 | M24: kor | P24: 60.9 | Q24: 61.5 | R24: mån | T24: (Växa tab 28) | Y24: Calves 2 slaughter | AA24: =(SUM(AA19:AA20)-AA23)*AM36/100 -> 2007.1808 | AB24: =(SUM(AB19:AB20)-AB23)*AN36/100 -> 846.73891 | AJ24: kor | AM24: ='G&D sammanställning'!K5 -> 75.040699 | AN24: =AM24 -> 75.040699 | AO24: mån
B25: Male calves 2 slaughter | D25: =D24*(D19)/(D19+D20-D23) -> 9459.2765 | E25: =E24*(E19)/(E19+E20-E23) -> 187.31652 | M25: kvigor | P25: ='G&D sammanställning'!H8 -> 30.188105 | Q25: =P25 -> 30.188105 | R25: mån | Y25: Male calves 2 slaughter | AA25: =AA24*(AA19)/(AA19+AA20-AA23) -> 1417.5917 | AB25: =AB24*(AB19)/(AB19+AB20-AB23) -> 615.43909 | AJ25: kvigor | AM25: ='G&D sammanställning'!K8 -> 26.02675 | AN25: =AM25 -> 26.02675 | AO25: mån
B26: Female calves 2 slaughter | D26: =D24-D25 -> 1137.0672 | E26: =E24-E25 -> 132.09372 | M26: mellankalv | P26: ='G&D sammanställning'!H14 -> 10.328497 | Q26: =P26 -> 10.328497 | R26: mån | Y26: Female calves 2 slaughter | AA26: =AA24-AA25 -> 589.58908 | AB26: =AB24-AB25 -> 231.29981 | AJ26: mellankalv | AM26: ='G&D sammanställning'!K14 -> 9.9010036 | AN26: =AM26 -> 9.9010036 | AO26: mån
B27: Calves 2 heifers | D27: =D20-D23-D26 -> 14501.166 | E27: =E20-E23-E26 -> 1684.6085 | M27: stutar | P27: ='G&D sammanställning'!H9 -> 29.050688 | Q27: =P27 -> 29.050688 | R27: mån | Y27: Calves 2 heifers | AA27: =AA20-AA23-AA26 -> 27905.346 | AB27: =AB20-AB23-AB26 -> 10947.457 | AJ27: stutar | AM27: ='G&D sammanställning'!K9 -> 27.558031 | AN27: =AM27 -> 27.558031 | AO27: mån
B28: Calves 2 steers | D28: =(D19-D25)*(P37/100) -> 16697.558 | E28: =(E19-E25)*(Q37/100) -> 1464.3159 | M28: tjurar | P28: ='G&D sammanställning'!H10 -> 21.274162 | Q28: =P28 -> 21.274162 | R28: mån | Y28: Calves 2 steers | AA28: =(AA19-AA25)*(AM37/100) -> 6297.7419 | AB28: =(AB19-AB25)*(AN37/100) -> 10594.744 | AD28: 6180.1797 | AE28: 10387.902 | AJ28: tjurar | AM28: ='G&D sammanställning'!K10 -> 19.24386 | AN28: =AM28 -> 19.24386 | AO28: mån
B29: Calves 2 bulls | D29: =D19-D25-D28 -> 103937.83 | E29: =E19-E25-E28 -> 924.55612 | M29: Slaktvikt | Y29: Calves 2 bulls | AA29: =AA19-AA25-AA28 -> 60797.103 | AB29: =AB19-AB25-AB28 -> 18534.087 | AD29: 60706.757 | AE29: 18612.205 | AJ29: Slaktvikt
M30: kor | P30: ='G&D sammanställning'!B5 -> 311.47282 | Q30: =P30 -> 311.47282 | R30: kg | AJ30: kor | AM30: ='G&D sammanställning'!E5 -> 340.75348 | AN30: =AM30 -> 340.75348 | AO30: kg
M31: kvigor | P31: ='G&D sammanställning'!B8 -> 300.08773 | Q31: =P31 -> 300.08773 | R31: kg | AJ31: kvigor | AM31: ='G&D sammanställning'!E8 -> 310.43926 | AN31: =AM31 -> 310.43926 | AO31: kg
M32: mellankalv | P32: ='G&D sammanställning'!B14 -> 169.22012 | Q32: =P32 -> 169.22012 | R32: kg | AJ32: mellankalv | AM32: ='G&D sammanställning'!E14 -> 157.93042 | AN32: =AM32 -> 157.93042 | AO32: kg
M33: stutar | P33: ='G&D sammanställning'!B9 -> 328.06057 | Q33: =P33 -> 328.06057 | R33: kg | AJ33: stutar | AM33: ='G&D sammanställning'!E9 -> 335.97589 | AN33: =AM33 -> 335.97589 | AO33: kg
M34: tjurar | P34: ='G&D sammanställning'!B10 -> 328.174 | Q34: =P34 -> 328.174 | R34: kg | AJ34: tjurar | AM34: ='G&D sammanställning'!E10 -> 359.47634 | AN34: =AM34 -> 359.47634 | AO34: kg
M35: Andel av slaktade ungdjur | S35: adj | AJ35: Andel av slaktade ungdjur | AP35: adj
M36: som kalv | P36: ='G&D sammanställning'!$T$14*S36 -> 7.2710719 | Q36: ='G&D sammanställning'!$T$14*T36 -> 7.2710719 | R36: % | S36: 0.95 | T36: 0.95 | AJ36: mellankalv | AM36: ='G&D sammanställning'!$W$14*AP36 -> 2.0691013 | AN36: ='G&D sammanställning'!$W$14*AQ36 -> 2.0691013 | AO36: % | AP36: 0.95 | AQ36: 0.95
M37: som stut (av handjur) | P37: ='G&D sammanställning'!$T$9/SUM('G&D sammanställning'!T9:T10)*100*S37 -> 13.841343 | Q37: ='G&D sammanställning'!$T$9/SUM('G&D sammanställning'!T9:T10)*100*T37 -> 61.297378 | R37: % | S37: 0.7 | T37: 3.1 | AJ37: stutar | AM37: ='G&D sammanställning'!$W$9/SUM('G&D sammanställning'!W9:W10)*100*AP37 -> 9.3863275 | AN37: ='G&D sammanställning'!$W$9/SUM('G&D sammanställning'!W9:W10)*100*AQ37 -> 36.372019 | AO37: % | AP37: 0.8 | AQ37: 3.1
M38: Överföring djur eko -> konv | AJ38: Överföring djur eko -> konv
M39: tjurkalvar | P39: 89 | R39: % | T39: (uppskattat baserat på stat.) | AJ39: tjurkalvar | AM39: 14 | AO39: %
M40: kvigkalvar | P40: 8.5 | R40: % | T40: (uppskattat baserat på stat.) | AJ40: kvigkalvar | AM40: 8.5 | AO40: %
D42: Från modell | F42: Kontroll
B43: Kontroll (riks) | D43: tot | E43: eko | F43: jmf. SJV | G43: jmf. G&D | H43: jmf. SJV eko | J43: Kontroll djurantal (region)
B44: mjölkkor | D44: =SUM(D5:E5) -> 316238 | E44: =E5 -> 55025.412 | H44: =(E44-D80*AD80/100)/(D80*AD80/100) -> 1.3222904e-16
B45: dikor | D45: =SUM(AA5:AB5) -> 206514 | E45: =AB5 -> 72692.928 | H45: =(E45-D81*AD81/100)/(D81*AD81/100) -> 0
B46: Kalvar, under 1 år | D46: =SUM(D9:E9,AA9:AB9) -> 461573.46 | E46: =SUM(E9,AB9) -> 85614.297 | F46: =(D46-D82)/D82 -> -0.011904364 | H46: =(E46-D82*AD82/100)/(D82*AD82/100) -> -0.11886772
B47: Kvigor, tjurar och stutar | D47: =SUM(D6:E8,AA6:AB8) -> 466854.39 | E47: =SUM(E6:E8,AB6:AB8) -> 94053.461 | F47: =(D47-D83)/D83 -> -0.053974341 | H47: =(E47-D83*AD83/100)/(D83*AD83/100) -> -0.027610684 | J47: Djur i juni | L47: 00 Riket | M47: 01 Stockholms län | N47: 03 Uppsala län | O47: 04 Södermanlands län | P47: 05 Östergötlands län | Q47: 06 Jönköpings län | R47: 07 Kronobergs län | S47: 08 Kalmar län | T47: 09 Gotlands län | U47: 10 Blekinge län | V47: 12 Skåne län | W47: 13 Hallands län | X47: 14 Västra Götalands län | Y47: 17 Värmlands län | Z47: 18 Örebro län | AA47: 19 Västmanlands län | AB47: 20 Dalarnas län | AC47: 21 Gävleborgs län | AD47: 22 Västernorrlands län | AE47: 23 Jämtlands län | AF47: 24 Västerbottens län | AG47: 25 Norrbottens län
B48: Slakt, kor | D48: =SUM(F5:G5,AC5:AD5) -> 145226.12 | E48: =SUM(G5,AD5) -> 33594.47 | F48: =(D48/1000-SUM(D65:D66))/SUM(D65:D66) -> 0.036490397 | G48: =(D48-'G&D sammanställning'!R5)/'G&D sammanställning'!R5 -> 0.85778151 | H48: =(E48/1000-D67*AD67/100)/(D67*AD67/100) -> 0.1789583 | J48: Kalvar, under 1 år | L48: =(($D$9/$D$5*D80+$AA$9/$AA$5*D81)-D82)/D82 -> 0.068984404 | M48: =(($D$9/$D$5*E80+$AA$9/$AA$5*E81)-E82)/E82 -> 0.1628008 | N48: =(($D$9/$D$5*F80+$AA$9/$AA$5*F81)-F82)/F82 -> 0.061301834 | O48: =(($D$9/$D$5*G80+$AA$9/$AA$5*G81)-G82)/G82 -> 0.0042378511 | P48: =(($D$9/$D$5*H80+$AA$9/$AA$5*H81)-H82)/H82 -> 0.048402797 | Q48: =(($D$9/$D$5*I80+$AA$9/$AA$5*I81)-I82)/I82 -> 0.088363703 | R48: =(($D$9/$D$5*J80+$AA$9/$AA$5*J81)-J82)/J82 -> 0.046576417 | S48: =(($D$9/$D$5*K80+$AA$9/$AA$5*K81)-K82)/K82 -> 0.086555887 | ... AG48: =(($D$9/$D$5*Y80+$AA$9/$AA$5*Y81)-Y82)/Y82 -> 0.18757214
B49: slakt, kvigor | D49: =SUM(F6:G6,AC6:AD6) -> 55038.577 | E49: =SUM(G6,AD6) -> 12632.066 | F49: =(D49/1000-D68)/D68 -> -0.078821425 | G49: =(D49-'G&D sammanställning'!R8)/'G&D sammanställning'!R8 -> 0.48926794 | H49: =(E49/1000-D68*AD68/100)/(D68*AD68/100) -> 0.096589223 | J49: Kvigor, tjurar och stutar | L49: =((SUM($D$6:$D$8)/$D$5*D80+SUM($AA$6:$AA$8)/$AA$5*D81)-D83)/D83 -> -0.00076589354 | M49: =((SUM($D$6:$D$8)/$D$5*E80+SUM($AA$6:$AA$8)/$AA$5*E81)-E83)/E83 -> -0.035804055 | N49: =((SUM($D$6:$D$8)/$D$5*F80+SUM($AA$6:$AA$8)/$AA$5*F81)-F83)/F83 -> 0.03723257 | O49: =((SUM($D$6:$D$8)/$D$5*G80+SUM($AA$6:$AA$8)/$AA$5*G81)-G83)/G83 -> -0.026820069 | P49: =((SUM($D$6:$D$8)/$D$5*H80+SUM($AA$6:$AA$8)/$AA$5*H81)-H83)/H83 -> 0.022576524 | Q49: =((SUM($D$6:$D$8)/$D$5*I80+SUM($AA$6:$AA$8)/$AA$5*I81)-I83)/I83 -> -0.005585585 | R49: =((SUM($D$6:$D$8)/$D$5*J80+SUM($AA$6:$AA$8)/$AA$5*J81)-J83)/J83 -> -0.035301599 | S49: =((SUM($D$6:$D$8)/$D$5*K80+SUM($AA$6:$AA$8)/$AA$5*K81)-K83)/K83 -> -0.037568474 | ... AG49: =((SUM($D$6:$D$8)/$D$5*Y80+SUM($AA$6:$AA$8)/$AA$5*Y81)-Y83)/Y83 -> 0.13204702
B50: slakt, stutar | D50: =SUM(F7:G7,AC7:AD7) -> 35054.36 | E50: =SUM(G7,AD7) -> 12059.06 | F50: =(D50/1000-D70)/D70 -> 0.0058639821 | G50: =(D50-'G&D sammanställning'!R9)/'G&D sammanställning'!R9 -> 0.87673247 | H50: =(E50/1000-D70*AD70/100)/(D70*AD70/100) -> 0.27497253
B51: slakt, tjurar | D51: =SUM(F8:G8,AC8:AD8) -> 184193.57 | E51: =SUM(G8,AD8) -> 19458.643 | F51: =(D51/1000-SUM(D71:D73))/SUM(D71:D73) -> 0.031107318 | G51: =(D51-'G&D sammanställning'!R10)/'G&D sammanställning'!R10 -> 0.82641849 | H51: =(E51/1000-D74*AD74/100)/(D74*AD74/100) -> 0.26187363 | J51: Djur i december | L51: Hela riket | M51: Götalands södra slättbygder | N51: Götalands mellanbygder | O51: Götalands skogsbygder | P51: Götalands norra slättbygder | Q51: Svealands slättbygder | R51: Mellersta Sveriges skogsbygder | S51: Nedre Norrland | T51: Övre Norrland
B52: slakt, kalvar | D52: =SUM(F9:G9,AC9:AD9) -> 13769.674 | E52: =SUM(G9,AD9) -> 1166.1492 | F52: =(D52/1000-D69)/D69 -> -0.051893023 | G52: =(D52-'G&D sammanställning'!R14)/'G&D sammanställning'!R14 -> 0.83845679 | H52: =(E52/1000-D69*AD69/100)/(D69*AD69/100) -> 0.04008898 | J52: Kalvar, under 1 år | L52: =(($D$9/$D$5*D89+$AA$9/$AA$5*D90)-D87)/D87 -> 0.045412112 | M52: =(($D$9/$D$5*E89+$AA$9/$AA$5*E90)-E87)/E87 -> 0.041705308 | N52: =(($D$9/$D$5*F89+$AA$9/$AA$5*F90)-F87)/F87 -> -0.031518332 | O52: =(($D$9/$D$5*G89+$AA$9/$AA$5*G90)-G87)/G87 -> 0.075728284 | P52: =(($D$9/$D$5*H89+$AA$9/$AA$5*H90)-H87)/H87 -> -0.033268841 | Q52: =(($D$9/$D$5*I89+$AA$9/$AA$5*I90)-I87)/I87 -> -0.016490268 | R52: =(($D$9/$D$5*J89+$AA$9/$AA$5*J90)-J87)/J87 -> 0.12067887 | S52: =(($D$9/$D$5*K89+$AA$9/$AA$5*K90)-K87)/K87 -> 0.20783776 | T52: =(($D$9/$D$5*L89+$AA$9/$AA$5*L90)-L87)/L87 -> 0.22734111 | AA52: Ungdjur flyttas från norra Sverige till södra
B53: slakt, total (exkl. kor) | D53: =SUM(D49:D52) -> 288056.19 | E53: =SUM(G6:G9,AD6:AD9) -> 45315.918 | F53: =(D53/1000-SUM(D68:D73))/SUM(D68:D73) -> 0.0010362361 | G53: =(D53-SUM('G&D sammanställning'!R8:R10,'G&D sammanställning'!R14))/SUM('G&D sammanställning'!R8:R10,'G&D sammanställning'!R14) -> 0.75671223 | H53: =(E53/1000-D75*AD75/100)/(D75*AD75/100) -> 0.20780148 | J53: Kvigor, tjurar och stutar | L53: =((SUM($D$6:$D$8)/$D$5*D89+SUM($AA$6:$AA$8)/$AA$5*D90)-D91)/D91 -> 0.072701823 | M53: =((SUM($D$6:$D$8)/$D$5*E89+SUM($AA$6:$AA$8)/$AA$5*E90)-E91)/E91 -> 0.23170089 | N53: =((SUM($D$6:$D$8)/$D$5*F89+SUM($AA$6:$AA$8)/$AA$5*F90)-F91)/F91 -> 0.012536655 | O53: =((SUM($D$6:$D$8)/$D$5*G89+SUM($AA$6:$AA$8)/$AA$5*G90)-G91)/G91 -> 0.071877783 | P53: =((SUM($D$6:$D$8)/$D$5*H89+SUM($AA$6:$AA$8)/$AA$5*H90)-H91)/H91 -> 0.03423701 | Q53: =((SUM($D$6:$D$8)/$D$5*I89+SUM($AA$6:$AA$8)/$AA$5*I90)-I91)/I91 -> 0.023544539 | R53: =((SUM($D$6:$D$8)/$D$5*J89+SUM($AA$6:$AA$8)/$AA$5*J90)-J91)/J91 -> 0.10682063 | S53: =((SUM($D$6:$D$8)/$D$5*K89+SUM($AA$6:$AA$8)/$AA$5*K90)-K91)/K91 -> 0.17406967 | T53: =((SUM($D$6:$D$8)/$D$5*L89+SUM($AA$6:$AA$8)/$AA$5*L90)-L91)/L91 -> 0.15322603
B54: slakt, total | D54: =SUM(D48:D52) -> 433282.31 | E54: =SUM(G5:G9,AD5:AD9) -> 78910.388 | F54: =(D54/1000-D76)/D76 -> 0.01264627 | G54: =(D54-SUM('G&D sammanställning'!R5,'G&D sammanställning'!R8:R10,'G&D sammanställning'!R14))/SUM('G&D sammanställning'!R5,'G&D sammanställning'!R8:R10,'G&D sammanställning'!R14) -> 0.78934029 | H54: =(E54/1000-D76*AD76/100)/(D76*AD76/100) -> 0.19535135
B56: Andel eko, medel 2016-2020
D57: mod. | E57: 00 Riket | F57: 01 Stockholms län | G57: 03 Uppsala län | H57: 04 Södermanlands län | I57: 05 Östergötlands län | J57: 06 Jönköpings län | K57: 07 Kronobergs län | L57: 08 Kalmar län | M57: 09 Gotlands län | N57: 10 Blekinge län | O57: 12 Skåne län | P57: 13 Hallands län | Q57: 14 Västra Götalands län | R57: 17 Värmlands län | S57: 18 Örebro län | T57: 19 Västmanlands län | U57: 20 Dalarnas län | V57: 21 Gävleborgs län | W57: 22 Västernorrlands län | X57: 23 Jämtlands län | Y57: 24 Västerbottens län | Z57: 25 Norrbottens län
B58: Kor för mjölkproduktion | D58: =E5/SUM(D5:E5)*100 -> 17.4 | E58: 17.4 | F58: 23.6 | G58: 34.8 | H58: 27.4 | I58: 23.8 | J58: 18.8 | K58: 9.4 | L58: 4.6 | M58: 6.6 | N58: 11 | O58: 12.6 | P58: 8.4 | Q58: 25 | R58: 32 | S58: 37.8 | T58: 34.6 | U58: 31.6 | V58: 24.8 | W58: 11 | X58: 18.8 | Y58: 12.2 | Z58: 9.4 | AF58: Victora Thullier LRF
B59: Kor för uppfödning av kalvar | D59: =AB5/SUM(AA5:AB5)*100 -> 35.2 | E59: 35.2 | F59: 38.6 | G59: 35 | H59: 54 | I59: 49 | J59: 26.4 | K59: 22.2 | L59: 22.6 | M59: 32.4 | N59: 8.2 | O59: 13.8 | P59: 20.8 | Q59: 48.8 | R59: 57 | S59: 45.8 | T59: 50.2 | U59: 50 | V59: 49.4 | W59: 50.2 | X59: 61.4 | Y59: 36 | Z59: 40.4 | AF59: Ekologiska lantbrukarna
B60: Kvigor, tjurar och stutar | D60: =SUM(E6:E8,AB6:AB8)/SUM(D6:E8,AA6:AB8)*100 -> 20.146209 | E60: 19.6 | F60: 31.4 | G60: 30.2 | H60: 28.4 | I60: 26.4 | J60: 16.2 | K60: 11.8 | L60: 7.4 | M60: 10 | N60: 6.6 | O60: 10.6 | P60: 10.2 | Q60: 26.8 | R60: 43.6 | S60: 34 | T60: 35.8 | U60: 30.2 | V60: 30.6 | W60: 23.8 | X60: 30.6 | Y60: 13.2 | Z60: 13.2
B61: Kalvar, under 1 år | D61: =SUM(E9,AB9)/SUM(D9:E9,AA9:AB9)*100 -> 18.548358 | E61: 20.8 | F61: 31.6 | G61: 27.4 | H61: 32 | I61: 28.6 | J61: 19.2 | K61: 14.2 | L61: 8.4 | M61: 11.4 | N61: 7.8 | O61: 10.8 | P61: 9.6 | Q61: 28.2 | R61: 43.4 | S61: 30.8 | T61: 29.2 | U61: 30.8 | V61: 30.8 | W61: 25.6 | X61: 35.2 | Y61: 13.4 | Z61: 12
B63: Slaktstatistik, 1000-tal slaktade djur, medel 2016-2020
D64: 00 Riket | E64: 01 Stockholms län | F64: 03 Uppsala län | G64: 04 Södermanlands län | H64: 05 Östergötlands län | I64: 06 Jönköpings län | J64: 07 Kronobergs län | K64: 08 Kalmar län | L64: 09 Gotlands län | M64: 10 Blekinge län | N64: 12 Skåne län | O64: 13 Hallands län | P64: 14 Västra Götalands län | Q64: 17 Värmlands län | R64: 18 Örebro län | S64: 19 Västmanlands län | T64: 20 Dalarnas län | U64: 21 Gävleborgs län | V64: 22 Västernorrlands län | W64: 23 Jämtlands län | X64: 24 Västerbottens län | Y64: 25 Norrbottens län | Z64: Okänd | AC64: PROCENT EKOLOGISK
B65: Ungko | D65: 35.743333 | E65: 0.28 | F65: 0.89666667 | G65: 1.0833333 | H65: 2.87 | I65: 3.2833333 | J65: 1.73 | K65: 4.2733333 | L65: 1.07 | M65: 0.54666667 | N65: 5.2333333 | O65: 2.6466667 | P65: 6.7366667 | Q65: 1.0266667 | R65: 0.72333333 | S65: 0.43 | T65: 0.51 | U65: 0.81666667 | V65: 0.50333333 | W65: 0.47333333 | X65: 0.37666667 | Y65: 0.10333333 | Z65: 0.14 | AC65: Ungko | AD65: 18.46 | AE65: =D65*AD65/100 -> 6.5982193
B66: Ko | D66: 104.37 | E66: 1.1766667 | F66: 3.2466667 | G66: 2.9333333 | H66: 7.6633333 | I66: 8.9266667 | J66: 4.0333333 | K66: 10.626667 | L66: 4.4166667 | M66: 1.6266667 | N66: 13.51 | O66: 6.5766667 | P66: 17.593333 | Q66: 3.0033333 | R66: 2.1933333 | S66: 1.3266667 | T66: 2.3966667 | U66: 3.1666667 | V66: 2.3166667 | W66: 2.3033333 | X66: 3.3966667 | Y66: 1.4166667 | Z66: 0.52333333 | AC66: Ko | AD66: 20.98 | AE66: =D66*AD66/100 -> 21.896826
B67: Kor, tot | D67: =SUM(D65:D66) -> 140.11333 | E67: =SUM(E65:E66) -> 1.4566667 | F67: =SUM(F65:F66) -> 4.1433333 | G67: =SUM(G65:G66) -> 4.0166667 | H67: =SUM(H65:H66) -> 10.533333 | I67: =SUM(I65:I66) -> 12.21 | J67: =SUM(J65:J66) -> 5.7633333 | K67: =SUM(K65:K66) -> 14.9 | ... Z67: =SUM(Z65:Z66) -> 0.66333333 | AC67: Kor, tot | AD67: =SUMPRODUCT(D65:D66,AD65:AD66)/D67 -> 20.33714 | AE67: =D67*AD67/100 -> 28.495045
B68: Kviga | D68: 59.748 | E68: 0.814 | F68: 1.514 | G68: 2.012 | H68: 3.774 | I68: 4.664 | J68: 2.392 | K68: 6.052 | L68: 3.076 | M68: 1.288 | N68: 10.8 | O68: 3.674 | P68: 10.156 | Q68: 1.974 | R68: 1.388 | S68: 0.686 | T68: 1.002 | U68: 1.22 | V68: 0.684 | W68: 0.77 | X68: 1.024 | Y68: 0.446 | Z68: 0.346 | AC68: Kviga | AD68: 19.28 | AE68: =D68*AD68/100 -> 11.519414
B69: Mellankalv | D69: 14.523333 | E69: 0.12666667 | F69: 1.68 | G69: 0.22333333 | H69: 0.20666667 | I69: 0.38666667 | J69: 0.083333333 | K69: 0.08 | L69: 0.01 | M69: 0.083333333 | N69: 3.22 | O69: 0.87333333 | P69: 4.0333333 | Q69: 0.086666667 | R69: 0.3 | S69: 2 | T69: 0.23666667 | U69: 0.27333333 | V69: 0.10666667 | W69: 0.3 | X69: 0.063333333 | Y69: 0.073333333 | Z69: 0.09 | AC69: Mellankalv | AD69: 7.72 | AE69: =D69*AD69/100 -> 1.1212013
B70: Stut | D70: 34.85 | E70: 0.694 | F70: 1.754 | G70: 1.006 | H70: 2.608 | I70: 3.6 | J70: 2.064 | K70: 4.218 | L70: 1.024 | M70: 0.352 | N70: 3.106 | O70: 1.348 | P70: 6.946 | Q70: 1.098 | R70: 0.77 | S70: 0.406 | T70: 0.426 | U70: 1.088 | V70: 0.298 | W70: 0.748 | X70: 0.826 | Y70: 0.288 | Z70: 0.178 | AC70: Stut | AD70: 27.14 | AE70: =D70*AD70/100 -> 9.45829
B71: Ungtjur | D71: 154.28667 | E71: 1.0466667 | F71: 2.91 | G71: 5.7266667 | H71: 11.753333 | I71: 11 | J71: 5.5966667 | K71: 15.916667 | L71: 9.7233333 | M71: 3.67 | N71: 25.656667 | O71: 9.6866667 | P71: 24.626667 | Q71: 4.91 | R71: 4.4866667 | S71: 2.0633333 | T71: 3.9133333 | U71: 4.3433333 | V71: 1.6266667 | W71: 1.5533333 | X71: 2.38 | Y71: 1.3333333 | Z71: 0.36333333 | AC71: Ungtjur | AD71: 7.72 | AE71: =D71*AD71/100 -> 11.910931
B72: Yngre tjur | D72: 21.216667 | E72: 0.07 | F72: 0.13333333 | G72: 0.44 | H72: 1.0733333 | I72: 1.8833333 | J72: 1.04 | K72: 1.97 | L72: 1.08 | M72: 0.38666667 | N72: 3.16 | O72: 0.67333333 | P72: 5.05 | Q72: 1.1 | R72: 0.52333333 | S72: 0.24333333 | T72: 0.35 | U72: 0.49333333 | V72: 0.33333333 | W72: 0.36333333 | X72: 0.63666667 | Y72: 0.15666667 | Z72: 0.07 | AC72: Yngre tjur | AD72: 12.48 | AE72: =D72*AD72/100 -> 2.64784
B73: Äldre tjur | D73: 3.1333333 | E73: 0.043333333 | F73: 0.066666667 | G73: 0.086666667 | H73: 0.19333333 | I73: 0.27666667 | J73: 0.14 | K73: 0.22666667 | L73: 0.096666667 | M73: 0.076666667 | N73: 0.60333333 | O73: 0.11666667 | P73: 0.56666667 | Q73: 0.11333333 | R73: 0.07 | S73: 0.04 | T73: 0.08 | U73: 0.096666667 | V73: 0.056666667 | W73: 0.066666667 | X73: 0.073333333 | Y73: 0.016666667 | Z73: 0.04 | AC73: Äldre tjur | AD73: 27.5 | AE73: =D73*AD73/100 -> 0.86166667
B74: Tjur, tot | D74: =SUM(D71:D73) -> 178.63667 | E74: =SUM(E71:E73) -> 1.16 | F74: =SUM(F71:F73) -> 3.11 | G74: =SUM(G71:G73) -> 6.2533333 | H74: =SUM(H71:H73) -> 13.02 | I74: =SUM(I71:I73) -> 13.16 | J74: =SUM(J71:J73) -> 6.7766667 | K74: =SUM(K71:K73) -> 18.113333 | ... Z74: =SUM(Z71:Z73) -> 0.47333333 | AC74: Tjur, tot | AD74: =SUMPRODUCT(D71:D73,AD71:AD73)/D74 -> 8.6322912 | AE74: =D74*AD74/100 -> 15.420437
B75: Total, exkl kor | D75: =SUM(D68:D73) -> 287.758 | E75: =SUM(E68:E73) -> 2.7946667 | F75: =SUM(F68:F73) -> 8.058 | G75: =SUM(G68:G73) -> 9.4946667 | H75: =SUM(H68:H73) -> 19.608667 | I75: =SUM(I68:I73) -> 21.810667 | J75: =SUM(J68:J73) -> 11.316 | K75: =SUM(K68:K73) -> 28.463333 | ... Z75: =SUM(Z68:Z73) -> 1.0873333 | AC75: Total, exkl kor | AD75: =SUMPRODUCT(D68:D73,AD68:AD73)/D75 -> 13.038506 | AE75: =D75*AD75/100 -> 37.519343
B76: Total | D76: =SUM(D65:D66,D68:D73) -> 427.87133 | E76: =SUM(E65:E66,E68:E73) -> 4.2513333 | F76: =SUM(F65:F66,F68:F73) -> 12.201333 | G76: =SUM(G65:G66,G68:G73) -> 13.511333 | H76: =SUM(H65:H66,H68:H73) -> 30.142 | I76: =SUM(I65:I66,I68:I73) -> 34.020667 | J76: =SUM(J65:J66,J68:J73) -> 17.079333 | K76: =SUM(K65:K66,K68:K73) -> 43.363333 | ... Z76: =SUM(Z65:Z66,Z68:Z73) -> 1.7506667 | AC76: Total | AD76: =(SUMPRODUCT(D65:D66,AD65:AD66)+SUMPRODUCT(D68:D73,AD68:AD73))/D76 -> 15.428561 | AE76: =D76*AD76/100 -> 66.014388
B78: Antal djur i juni, medel 2016-2020
D79: 00 Riket | E79: 01 Stockholms län | F79: 03 Uppsala län | G79: 04 Södermanlands län | H79: 05 Östergötlands län | I79: 06 Jönköpings län | J79: 07 Kronobergs län | K79: 08 Kalmar län | L79: 09 Gotlands län | M79: 10 Blekinge län | N79: 12 Skåne län | O79: 13 Hallands län | P79: 14 Västra Götalands län | Q79: 17 Värmlands län | R79: 18 Örebro län | S79: 19 Västmanlands län | T79: 20 Dalarnas län | U79: 21 Gävleborgs län | V79: 22 Västernorrlands län | W79: 23 Jämtlands län | X79: 24 Västerbottens län | Y79: 25 Norrbottens län | AC79: PROCENT EKOLOGISK
B80: Kor för mjölkproduktion | D80: 316238 | E80: 2717.2 | F80: 9318 | G80: 8206.4 | H80: 22933.8 | I80: 27619.8 | J80: 11545.6 | K80: 37903.2 | L80: 14629.4 | M80: 3597.4 | N80: 36976.8 | O80: 24239.8 | P80: 55299 | Q80: 6701.8 | R80: 5795.4 | S80: 3987.8 | T80: 5756 | U80: 8167.8 | V80: 6641.6 | W80: 6628.8 | X80: 12408.8 | Y80: 5163.6 | AC80: Kor för mjölkproduktion | AD80: 17.4
B81: Kor för uppfödning av kalvar | D81: 206514 | E81: 3219.4 | F81: 5281 | G81: 6811.2 | H81: 15615.8 | I81: 17393.2 | J81: 10283.8 | K81: 14520 | L81: 5263 | M81: 5621.8 | N81: 37247 | O81: 8272.4 | P81: 34587.6 | Q81: 10191.8 | R81: 5383.4 | S81: 2824.8 | T81: 5603.4 | U81: 6685 | V81: 4109 | W81: 4754.6 | X81: 1753.4 | Y81: 1092.4 | AC81: Kor för uppfödning av kalvar | AD81: 35.2
B82: Kalvar, under 1 år | D82: 467134.4 | E82: 4924.2 | F82: 13111.4 | G82: 14340 | H82: 35147.6 | I82: 39485.2 | J82: 20024.2 | K82: 45730.2 | L82: 18895.2 | M82: 8384.4 | N82: 68011.6 | O82: 28257.6 | P82: 82445.2 | Q82: 14936.4 | R82: 11077.8 | S82: 7205.6 | T82: 9989.6 | U82: 12869.4 | V82: 7652 | W82: 8723.4 | X82: 10820.2 | Y82: 4959.2 | AC82: Kalvar, under 1 år | AD82: 20.8
B83: Kvigor, tjurar och stutar | D83: 493490.2 | E83: 5801.2 | F83: 13280.4 | G83: 14549.8 | H83: 35558.2 | I83: 42702.2 | J83: 21332.4 | K83: 51429 | L83: 21370.4 | M83: 9197.4 | N83: 69973.4 | O83: 27131.6 | P83: 88191.8 | Q83: 17959.4 | R83: 11313.8 | S83: 5906.4 | T83: 9578.2 | U83: 13567 | V83: 8331.2 | W83: 9192.8 | X83: 11901.6 | Y83: 5222 | AC83: Kvigor, tjurar och stutar | AD83: 19.6
B85: Antal djur i december, medel 2016-2020
D86: Hela riket | E86: Götalands södra slättbygder | F86: Götalands mellanbygder | G86: Götalands skogsbygder | H86: Götalands norra slättbygder | I86: Svealands slättbygder | J86: Mellersta Sveriges skogsbygder | K86: Nedre Norrland | L86: Övre Norrland
B87: Kalvar, under 1 år | D87: 465343.6 | E87: 32163.8 | F87: 87137 | G87: 160665.2 | H87: 59280.4 | I87: 52508.6 | J87: 27806.6 | K87: 28476.2 | L87: 17305.8
B88: Kor - totalt | D88: 509619 | E88: 35341.2 | F88: 88843.4 | G88: 180449.6 | H88: 60213.6 | I88: 53861.4 | J88: 32377.4 | K88: 35998.6 | L88: 22533.8
B89: Kor för mjölkproduktion | D89: 313676.8 | E89: 25430.6 | F89: 61340.4 | G89: 101882 | H89: 39782.8 | I89: 29534.4 | J89: 15866.6 | K89: 21667 | L89: 18173
B90: Kor för uppfödning av kalvar | D90: 195942.2 | E90: 9910.6 | F90: 27503 | G90: 78567.6 | H90: 20430.8 | I90: 24327 | J90: 16510.8 | K90: 14331.6 | L90: 4360.8
B91: Kvigor, tjurar och stutar | D91: 448180.4 | E91: 27090.6 | F91: 82824.2 | G91: 158753.2 | H91: 54943.4 | I91: 49616.6 | J91: 27569 | K91: 28922.2 | L91: 18461.2
B92: Nötkreatur - totalt | D92: 1423143 | E92: 94595.6 | F92: 258804.6 | G92: 499868 | H92: 174437.4 | I92: 155986.6 | J92: 87753 | K92: 93397 | L92: 58300.8
B94: Number of suckler cows per farm. Used to assume number of breeding bulls (i.e. one per farm)
C96: Total | F96: Organic | I96: Conventional
C97: cows | D97: farms | E97: cows/farm | F97: cows | G97: farms | H97: cows/farm | I97: cows | J97: farms | K97: cows/farm
B98: 2016 | C98: 193657 | D98: 10379 | E98: =C98/D98 -> 18.658541 | F98: 67398 | G98: 2191 | H98: =F98/G98 -> 30.761296 | I98: =C98-F98 -> 126259 | J98: =D98-G98 -> 8188 | K98: =I98/J98 -> 15.420005
B99: 2017 | C99: 207620 | D99: 10471 | E99: =C99/D99 -> 19.828097 | F99: 70054 | G99: 2210 | H99: =F99/G99 -> 31.698643 | I99: =C99-F99 -> 137566 | J99: =D99-G99 -> 8261 | K99: =I99/J99 -> 16.652463
B100: 2018 | C100: 214257 | D100: 10418 | E100: =C100/D100 -> 20.56604 | F100: 75021 | G100: 2330 | H100: =F100/G100 -> 32.197854 | I100: =C100-F100 -> 139236 | J100: =D100-G100 -> 8088 | K100: =I100/J100 -> 17.215134
B101: 2019 | C101: 210086 | D101: 10266 | E101: =C101/D101 -> 20.464251 | F101: 74796 | G101: 2386 | H101: =F101/G101 -> 31.347863 | I101: =C101-F101 -> 135290 | J101: =D101-G101 -> 7880 | K101: =I101/J101 -> 17.168782
B102: 2020 | C102: 206950 | D102: 10063 | E102: =C102/D102 -> 20.565438 | F102: 74103 | G102: 2291 | H102: =F102/G102 -> 32.345264 | I102: =C102-F102 -> 132847 | J102: =D102-G102 -> 7772 | K102: =I102/J102 -> 17.093026
B103: Avg | C103: =AVERAGE(C98:C102) -> 206514 | D103: =AVERAGE(D98:D102) -> 10319.4 | E103: =C103/D103 -> 20.01221 | F103: =AVERAGE(F98:F102) -> 72274.4 | G103: =AVERAGE(G98:G102) -> 2281.6 | H103: =F103/G103 -> 31.677069 | I103: =AVERAGE(I98:I102) -> 134239.6 | J103: =AVERAGE(J98:J102) -> 8037.8 | K103: =I103/J103 -> 16.701038
D104: Breeding bulls per cow: | E104: =1/E103 -> 0.049969494 | H104: =1/H103 -> 0.031568578 | K104: =1/K103 -> 0.059876519

Sheet Foderstater
B2: FEED RATIONS | D2: Ahlgren et al 2022 | Y2: Mikaela Lindberg | AA2: Hessle & Danielsson (2024)
B3: kg/head/year | D3: Tabell 10 | M3: Tabell 11 | S3: Tabell 12 | Y3: pers. com. 2023-04 | AA3: SM - Table S8 | AG3: SM - Table S7 | AP3: Einarsson et al 2022 SM2
D4: Diko (per år) | G4: Köttrastjur | J4: Avelstjur | M4: Mjölkrastjur | P4: Mjölkrasstut | S4: Köttrasstut | V4: Köttraskviga | Y4: Mjölkko | Z4: Mjölkko | AA4: Dairy heifer | AD4: Dairy steer | AG4: Beef heifer | AJ4: Beef steer | AP4: ('Feed rations') | AS4: Dairy cows | AT4: Calves, dairy, replacement | AU4: Heifers, dairy, replacement | AV4: Suckler cows | AW4: Calves, for slaughter | AX4: Calves, dairy, for fattening | AY4: Calves, suckler, replacement or fattening | AZ4: Heifers, suckler, replacement | BA4: Bulls, dairy breed | BB4: Bulls, beef breed | BC4: Steers, dairy/beef | BD4: Heifers, dairy breed, for slaughter | BE4: Heifers, beef breed, for slaughter | BF4: Calves, dariy | BG4: Calves, beef
D5: Gsk | E5: Gns | F5: Nn | G5: Gsk | H5: Gns | I5: Nn | J5: Gsk | K5: Gns | L5: Nn | M5: Gsk | N5: Gns | O5: Nn | P5: Gsk | Q5: Gns | R5: Nn | S5: Gsk | T5: Gns | U5: Nn | V5: Gsk | W5: Gns | X5: Nn | Y5: vall | Z5: majs | AA5: ALP | AB5: BOR | AC5: CON | AD5: ALP | AE5: BOR | AF5: CON | AG5: ALP | AH5: BOR | AI5: CON | AJ5: ALP | AK5: BOR | AL5: CON
B6: Feed ration | C6: DM | D6: 86 | E6: 86 | F6: 86 | G6: 15 | H6: 15 | I6: 16 | J6: 53 | K6: 53 | L6: 53 | M6: 18 | N6: 18 | O6: 18 | P6: 26 | Q6: 26 | R6: 26 | S6: 24 | T6: 24 | U6: 24 | V6: 24 | W6: 24 | X6: 24 | AA6: 27 | AB6: 27 | AC6: 27 | AD6: 26 | AE6: 26 | AF6: 26 | AG6: 24 | AH6: 24 | AI6: 24 | AJ6: 30 | AK6: 30 | AL6: 30
B7: Vallensilage, tidigt, kg ts | C7: 1 | G7: 1229 | I7: 1329 | M7: 2119 | O7: 2130 | Y7: 2973.75 | Z7: 1619.55 | AM7: Vallensilage, tidigt, kg ts | AP7: Population (heads) | AS7: 330888.67 | AT7: 134305.6 | AU7: 161884.48 | AV7: 195238.33 | AW7: 18420.386 | AX7: 143245.78 | AY7: 175831.9 | AZ7: 55410.68 | BA7: 93814.363 | BB7: 85881.771 | BC7: 36635.904 | BD7: 22798.726 | BE7: 35985.746
B8: Vallensilage, medelsen, kg ts | C8: 1 | P8: 2663 | Q8: 2561 | R8: 2690 | S8: 2568 | T8: 2502 | U8: 2401 | V8: 2506 | W8: 2459 | X8: 2431 | Y8: 711.5 | Z8: 751.15 | AA8: 2807 | AB8: 2343 | AC8: 2144 | AD8: 3190 | AE8: 2663 | AF8: 2436 | AG8: 2883 | AH8: 2506 | AI8: 2339 | AM8: Vallensilage, medelsen, kg ts | AP8: age | AS8: per yr | AT8: 0-12 | AU8: 12-28 | AV8: per yr | AW8: 0-8 | AX8: 0-12 | AY8: 0-12 | AZ8: 12-26 | BA8: 12-18.9 | BB8: 12-17 | BC8: 12-26 | BD8: 12-26 | BE8: 12-23
B9: Vallensilage, sent, kg ts | C9: 1 | D9: 659 | E9: 1254 | F9: 770 | K9: 1235 | AJ9: 3102 | AK9: 2615 | AL9: 2416 | AM9: Vallensilage, sent, kg ts
B10: Vallensilage, klöverrikt, kg ts | C10: 1 | H10: 1165 | N10: 1868 | AM10: Vallensilage, klöverrikt, kg ts | AP10: Feed ration | AR10: DM
B11: Majsensilage, kg ts | C11: 1 | H11: 272 | N11: 436 | Z11: 1250.5 | AM11: Majsensilage, kg ts | AP11: Grass/clover silage | AR11: 1 | AS11: 3312 | AT11: 1200 | AU11: 1574 | AV11: 786.48686 | AW11: 262.69098 | AX11: 806.85837 | AY11: 826.64376 | AZ11: 613.65525 | BA11: 1049.6483 | BB11: 579.64056 | BC11: 1672.5065 | BD11: 1390.5375 | BE11: 1039.6552 | BF11: =(AT11*AT$7+AX11*AX$7+AW11*AW$7)/SUM(AT$7,AW$7,AX$7) -> 951.39023 | BG11: =AY11 -> 826.64376
B12: Helsädesensilage, kg ts | C12: 1 | D12: 977 | F12: 970 | J12: 1536 | L12: 1614 | AM12: Helsädesensilage, kg ts | AP12: Whole crop silage | AR12: 1 | AU12: 426 | AV12: 707 | AZ12: 426
B13: Halm, kg | C13: 0.85 | E13: 299 | K13: 139 | Y13: 244 | Z13: 244 | AM13: Halm, kg | AP13: Maize silage | AR13: 1 | AS13: 543
B14: Permanent bete, kg ts | C14: 1 | D14: 1953 | E14: 2053 | F14: 1806 | J14: 1313 | K14: 1390 | L14: 1235 | P14: 1548 | Q14: 1662 | R14: 1548 | S14: 932 | T14: 995 | U14: 951 | V14: 926 | W14: 978 | X14: 924 | AA14: 939 | AB14: 1280 | AC14: 1530 | AD14: 1068 | AE14: 1457 | AF14: 1662 | AG14: 638 | AH14: 871 | AI14: 978 | AJ14: 1307 | AK14: 1782 | AL14: 2020 | AM14: Permanent bete, kg ts | AP14: Straw | AR14: 0.85 | AV14: 236.67856
B15: Bete vallåterväxt, kg ts | C15: 1 | D15: 345 | E15: 362 | F15: 319 | J15: 232 | K15: 245 | L15: 218 | P15: 273 | Q15: 293 | R15: 273 | S15: 165 | T15: 176 | U15: 168 | V15: 163 | W15: 173 | X15: 163 | Y15: 783 | Z15: 783 | AA15: 235 | AB15: 320 | AC15: 283 | AD15: 267 | AE15: 364 | AF15: 415 | AG15: 159 | AH15: 218 | AI15: 245 | AJ15: 327 | AK15: 446 | AL15: 505 | AM15: Bete vallåterväxt, kg ts | AP15: Pasture | AR15: 1 | AS15: 417.5 | AT15: 250 | AU15: 700 | AV15: 2089.9187 | AX15: 148.25672 | AY15: 315.82638 | AZ15: 1270.2489 | BB15: 0 | BC15: 2115.9077 | BD15: 1860.8263 | BE15: 1391.3037 | BF15: =(AT15*AT$7+AX15*AX$7+AW15*AW$7)/SUM(AT$7,AW$7,AX$7) -> 185.19858 | BG15: =AY15 -> 315.82638
B16: Spannmål, kg | C16: 0.86 | G16: 861 | H16: 654 | M16: 1084 | N16: 1014 | P16: 188 | Q16: 184 | Y16: =2180.75-(Y18*U59*C18/C16) -> 1824.2423 | Z16: =1516-(Y18*U59*C18/C16) -> 1159.4923 | AA16: 196 | AB16: 165 | AC16: 154 | AD16: 223 | AE16: 188 | AF16: 175 | AM16: Spannmål, kg | AP16: Grain | AR16: 0.86 | AS16: 1280.5 | AT16: 250 | AU16: 50 | AV16: 40 | AW16: 544.72413 | AX16: 470.02657 | AY16: 352.21215 | BA16: 761.89322 | BB16: 665.02407 | BC16: 54.611532 | BD16: 304.94243 | BE16: 0 | BF16: =(AT16*AT$7+AX16*AX$7+AW16*AW$7)/SUM(AT$7,AW$7,AX$7) -> 374.83221 | BG16: =AY16 -> 352.21215
B17: Åkerböna/ärt, kg | C17: 0.85 | G17: 68 | H17: 78 | M17: 124 | N17: 32 | P17: 4 | Q17: 3 | AM17: Åkerböna/ärt, kg | AP17: Conc | AR17: 0.9 | AS17: 1350.5 | AW17: 151.88274 | AX17: 76.165488 | AY17: 76.642835 | BB17: 70.25886 | BC17: 0 | BD17: 0 | BE17: 0 | BF17: =(AT17*AT$7+AX17*AX$7+AW17*AW$7)/SUM(AT$7,AW$7,AX$7) -> 46.315645 | BG17: =AY17 -> 76.642835
B18: Färdigfoder, kg | C18: 0.9 | I18: 991 | M18: 80 | N18: 79 | O18: 1279 | P18: 119 | Q18: 119 | R18: 294 | Y18: =1244*(1+U59) -> 1522.3714 | Z18: =1966*(1+U59) -> 2405.9342 | AA18: 128 | AB18: 108 | AC18: 102 | AD18: 146 | AE18: 123 | AF18: 116 | AM18: Färdigfoder, kg | AP18: Conc. for calves | AR18: 0.9 | AT18: 14 | AW18: 13.507589 | AX18: 13.575225 | BF18: =(AT18*AT$7+AX18*AX$7+AW18*AW$7)/SUM(AT$7,AW$7,AX$7) -> 13.763769
B19: Mineraler, kg | C19: 1 | D19: 34 | E19: 34 | F19: 34 | G19: 12 | H19: 12 | I19: 14 | J19: 33 | K19: 33 | L19: 33 | M19: 22 | N19: 22 | O19: 21 | P19: 35 | Q19: 35 | R19: 35 | S19: 26 | T19: 26 | U19: 24 | V19: 26 | W19: 26 | X19: 26 | Y19: =SUM(Y8:Y18)*0.01 -> 50.851137 | Z19: =SUM(Z8:Z18)*0.01 -> 65.940765 | AA19: 30 | AB19: 30 | AC19: 30 | AD19: 35 | AE19: 35 | AF19: 35 | AG19: 26 | AH19: 26 | AI19: 26 | AJ19: 28 | AK19: 28 | AL19: 28 | AM19: Mineraler, kg | AP19: Minerals | AR19: 1 | BF19: =SUM(BF11:BF18)*0.006 -> 9.4290026 | BG19: =SUM(BG11:BG18)*0.006 -> 9.4279507
AP20: Milk powder | AR20: 0.95 | AT20: 40 | AW20: 39.852222 | AX20: 39.877866 | BF20: =(AT20*AT$7+AX20*AX$7+AW20*AW$7)/SUM(AT$7,AW$7,AX$7) -> 39.931692
B21: Total | D21: =SUM(D7:D19) -> 3968 | E21: =SUM(E7:E19) -> 4002 | F21: =SUM(F7:F19) -> 3899 | G21: =SUM(G7:G19) -> 2170 | H21: =SUM(H7:H19) -> 2181 | I21: =SUM(I7:I19) -> 2334 | J21: =SUM(J7:J19) -> 3114 | K21: =SUM(K7:K19) -> 3042 | ... AL21: =SUM(AL7:AL19) -> 4969 | AP21: Whole milk | AR21: 0.13 | AY21: 1874.9852 | BG21: =AY21 -> 1874.9852
C22: Share grazing: | D22: =SUM(D14:D15)/D21 -> 0.57913306 | E22: =SUM(E14:E15)/E21 -> 0.60344828 | F22: =SUM(F14:F15)/F21 -> 0.54501154 | G22: =SUM(G14:G15)/G21 -> 0 | H22: =SUM(H14:H15)/H21 -> 0 | I22: =SUM(I14:I15)/I21 -> 0 | J22: =SUM(J14:J15)/J21 -> 0.49614644 | K22: =SUM(K14:K15)/K21 -> 0.53747535 | ... AL22: =SUM(AL14:AL15)/AL21 -> 0.50815053 | AP22: Total (excl. milk) | AS22: =SUM(AS11:AS18) -> 6903.5 | AT22: =SUM(AT11:AT18) -> 1714 | AU22: =SUM(AU11:AU18) -> 2750 | AV22: =SUM(AV11:AV18) -> 3860.0841 | AW22: =SUM(AW11:AW18) -> 972.80544 | AX22: =SUM(AX11:AX18) -> 1514.8824 | AY22: =SUM(AY11:AY18) -> 1571.3251 | AZ22: =SUM(AZ11:AZ18) -> 2309.9042 | ... BG22: =SUM(BG11:BG18) -> 1571.3251
B23: # Mjölkkor (2018) | D23: 103131 | E23: 40386 | F23: 21929 | L23: SCB Feed industry statistics 2022
B24: # Dikor (2018) | D24: 87632 | E24: 21961 | F24: 15238 | Q24: SWE | R24: IMP | S24: TOT | T24: Dairy | V24: Beef | X24: share | Z24: Einarsson et al 2022 SM2
P25: DM | T25: DM | U25: % of DM | V25: DM | W25: % of DM | X25: to dairy | Z25: ('Feed distribution') | AC25: Dairy | AD25: share | AE25: Beef | AF25: share | AG25: Total | AH25: to dairy
B26: Einarsson et al 2022 | D26: Feeds via feed industry | L26: wheat | P26: 0.86 | Q26: 84300.8 | R26: 2279 | S26: =SUM(Q26:R26) -> 86579.8 | T26: =S26*X26*P26 -> 46200.229 | U26: =T26/SUM(T$26:T$56) -> 0.077600984 | V26: =S26*(1-X26)*P26 -> 28258.399 | W26: =V26/SUM(V$26:V$56) -> 0.25895168 | X26: =$AH$27 -> 0.62048187 | Z26: Cereals (on-farm) | AC26: =SUM(AC27:AC30) -> 332330 | AD26: =AC26/(AC$26+AC$32) -> 0.86121145 | AE26: =SUM(AE27:AE30) -> 203269.85 | AF26: =AE26/(AE$26+AE$32) -> 0.98055414 | AG26: =SUM(AG27:AG30) -> 535599.85
B27: SM2 | E27: DM | G27: DM | I27: share | J27: Share | L27: barley | P27: 0.86 | Q27: 92367.8 | R27: 1785 | S27: =SUM(Q27:R27) -> 94152.8 | T27: =S27*X27*P27 -> 50241.291 | U27: =T27/SUM(T$26:T$56) -> 0.084388621 | V27: =S27*(1-X27)*P27 -> 30730.117 | W27: =V27/SUM(V$26:V$56) -> 0.28160178 | X27: =$AH$27 -> 0.62048187 | Z27: Wheat | AC27: =AG27*AH27 -> 77812.622 | AD27: =AC27/SUM(AC$27:AC$30) -> 0.23414264 | AE27: =AG27-AC27 -> 47594.139 | AF27: =AE27/SUM(AE$27:AE$30) -> 0.23414264 | AG27: 125406.76 | AH27: 0.62048187
B28: Feed name | C28: DM | D28: Dairy | E28: share | F28: Beef | G28: share | H28: Total | I28: to dairy | J28: import | L28: oats | P28: 0.86 | Q28: 31831.5 | R28: 0 | S28: =SUM(Q28:R28) -> 31831.5 | T28: =S28*X28*P28 -> 16985.747 | U28: =T28/SUM(T$26:T$56) -> 0.028530393 | V28: =S28*(1-X28)*P28 -> 10389.343 | W28: =V28/SUM(V$26:V$56) -> 0.09520489 | X28: =$AH$27 -> 0.62048187 | Z28: Triticale | AC28: =AG28*AH28 -> 61792.55 | AD28: =AC28/SUM(AC$27:AC$30) -> 0.18593732 | AE28: =AG28-AC28 -> 37795.452 | AF28: =AE28/SUM(AE$27:AE$30) -> 0.18593732 | AG28: 99588.001 | AH28: 0.62048187
B29: Grain maize | C29: 0.86 | D29: =H29*I29 -> 8000.2143 | E29: =D29*$C29/SUMPRODUCT(D$29:D$49,$C$29:$C$49) -> 0.010523812 | F29: =H29-D29 -> 631.31904 | G29: =F29*$C29/SUMPRODUCT(F$29:F$49,$C$29:$C$49) -> 0.0046480203 | H29: 8631.5333 | I29: 0.92685899 | J29: 0.27270318 | L29: triticale | P29: 0.86 | Q29: 11430.7 | R29: 0 | S29: =SUM(Q29:R29) -> 11430.7 | T29: =S29*X29*P29 -> 6099.5863 | U29: =T29/SUM(T$26:T$56) -> 0.010245272 | V29: =S29*(1-X29)*P29 -> 3730.8157 | W29: =V29/SUM(V$26:V$56) -> 0.034188101 | X29: =$AH$27 -> 0.62048187 | Z29: Barley | AC29: =AG29*AH29 -> 159717.73 | AD29: =AC29/SUM(AC$27:AC$30) -> 0.48059978 | AE29: =AG29-AC29 -> 97691.447 | AF29: =AE29/SUM(AE$27:AE$30) -> 0.48059978 | AG29: 257409.17 | AH29: 0.62048187
B30: Wheat | C30: 0.86 | D30: =H30*I30 -> 38739.786 | E30: =D30*C30/SUMPRODUCT(D$29:D$49,$C$29:$C$49) -> 0.050959914 | F30: =H30-D30 -> 23695.214 | G30: =F30*$C30/SUMPRODUCT(F$29:F$49,$C$29:$C$49) -> 0.17445353 | H30: 62435 | I30: 0.62048187 | J30: 0 | L30: rye | P30: 0.86 | Q30: 707 | R30: 0 | S30: =SUM(Q30:R30) -> 707 | T30: =S30*X30*P30 -> 377.26539 | U30: =T30/SUM(T$26:T$56) -> 0.00063368009 | V30: =S30*(1-X30)*P30 -> 230.75461 | W30: =V30/SUM(V$26:V$56) -> 0.0021145676 | X30: =$AH$27 -> 0.62048187 | Z30: Oats | AC30: =AG30*AH30 -> 33007.101 | AD30: =AC30/SUM(AC$27:AC$30) -> 0.099320257 | AE30: =AG30-AC30 -> 20188.814 | AF30: =AE30/SUM(AE$27:AE$30) -> 0.099320257 | AG30: 53195.915 | AH30: 0.62048187
B31: Triticale | C31: 0.86 | D31: =H31*I31 -> 21059.031 | E31: =D31*C31/SUMPRODUCT(D$29:D$49,$C$29:$C$49) -> 0.027701919 | F31: =H31-D31 -> 12880.769 | G31: =F31*$C31/SUMPRODUCT(F$29:F$49,$C$29:$C$49) -> 0.094833315 | H31: 33939.8 | I31: 0.62048187 | J31: 0 | L31: maize | P31: 0.86 | Q31: 16116.5 | R31: 537 | S31: =SUM(Q31:R31) -> 16653.5 | T31: =S31*X31*P31 -> 13319.469 | U31: =T31/SUM(T$26:T$56) -> 0.022372268 | V31: =S31*(1-X31)*P31 -> 1002.5407 | W31: =V31/SUM(V$26:V$56) -> 0.0091869889 | X31: =$AH$33 -> 0.93
B32: Barley | C32: 0.86 | D32: =H32*I32 -> 68413.876 | E32: =D32*C32/SUMPRODUCT(D$29:D$49,$C$29:$C$49) -> 0.089994438 | F32: =H32-D32 -> 41845.39 | G32: =F32*$C32/SUMPRODUCT(F$29:F$49,$C$29:$C$49) -> 0.3080823 | H32: 110259.27 | I32: 0.62048187 | J32: 0 | L32: peas | P32: 0.85 | Q32: 2047.3 | R32: 586 | S32: =SUM(Q32:R32) -> 2633.3 | T32: =S32*X32*P32 -> 2081.6237 | U32: =T32/SUM(T$26:T$56) -> 0.0034964338 | V32: =S32*(1-X32)*P32 -> 156.68135 | W32: =V32/SUM(V$26:V$56) -> 0.0014357819 | X32: =$AH$33 -> 0.93 | Z32: Grain legumes (on-farm) | AC32: =SUM(AC33:AC34) -> 53556.646 | AD32: =AC32/(AC$26+AC$32) -> 0.13878855 | AE32: =SUM(AE33:AE34) -> 4031.1454 | AF32: =AE32/(AE$26+AE$32) -> 0.019445856 | AG32: =SUM(AG33:AG34) -> 57587.792
B33: Oats | C33: 0.86 | D33: =H33*I33 -> 14138.341 | E33: =D33*C33/SUMPRODUCT(D$29:D$49,$C$29:$C$49) -> 0.018598158 | F33: =H33-D33 -> 8647.7253 | G33: =F33*$C33/SUMPRODUCT(F$29:F$49,$C$29:$C$49) -> 0.063667972 | H33: 22786.067 | I33: 0.62048187 | J33: 0 | L33: broad beans | P33: 0.85 | Q33: 9008.8 | R33: 40 | S33: =SUM(Q33:R33) -> 9048.8 | T33: =S33*X33*P33 -> 7153.0764 | U33: =T33/SUM(T$26:T$56) -> 0.012014784 | V33: =S33*(1-X33)*P33 -> 538.4036 | W33: =V33/SUM(V$26:V$56) -> 0.0049337726 | X33: =$AH$33 -> 0.93 | Z33: Peas | AC33: =AG33*AH33 -> 27475.937 | AD33: =AC33/SUM(AC$33:AC$34) -> 0.51302572 | AE33: =AG33-AC33 -> 2068.0813 | AF33: =AE33/SUM(AE$33:AE$34) -> 0.51302572 | AG33: 29544.018 | AH33: 0.93
B34: Peas | C34: 0.85 | D34: =H34*I34 -> 4095.4809 | E34: =D34*C34/SUMPRODUCT(D$29:D$49,$C$29:$C$49) -> 0.005324721 | F34: =H34-D34 -> 323.18573 | G34: =F34*$C34/SUMPRODUCT(F$29:F$49,$C$29:$C$49) -> 0.0023517534 | H34: 4418.6667 | I34: 0.92685899 | J34: 0 | L34: rapeseed | P34: 0.91 | Q34: 40016.7 | R34: 93785 | S34: =SUM(Q34:R34) -> 133801.7 | T34: =S34*X34*P34 -> 113236.38 | U34: =T34/SUM(T$26:T$56) -> 0.19019937 | V34: =S34*(1-X34)*P34 -> 8523.1683 | W34: =V34/SUM(V$26:V$56) -> 0.078103814 | X34: =$AH$33 -> 0.93 | Z34: Faba beans | AC34: =AG34*AH34 -> 26080.709 | AD34: =AC34/SUM(AC$33:AC$34) -> 0.48697428 | AE34: =AG34-AC34 -> 1963.0641 | AF34: =AE34/SUM(AE$33:AE$34) -> 0.48697428 | AG34: 28043.773 | AH34: 0.93
B35: Faba beans | C35: 0.85 | D35: =H35*I35 -> 11613.018 | E35: =D35*C35/SUMPRODUCT(D$29:D$49,$C$29:$C$49) -> 0.015098613 | F35: =H35-D35 -> 916.41538 | G35: =F35*$C35/SUMPRODUCT(F$29:F$49,$C$29:$C$49) -> 0.0066685586 | H35: 12529.433 | I35: 0.92685899 | J35: 0 | L35: linseed | P35: 0.91 | Q35: 98.7 | R35: 0 | S35: =SUM(Q35:R35) -> 98.7 | T35: =S35*X35*P35 -> 83.52981 | U35: =T35/SUM(T$26:T$56) -> 0.00014030224 | V35: =S35*(1-X35)*P35 -> 6.28719 | W35: =V35/SUM(V$26:V$56) -> 5.7613965e-05 | X35: =$AH$33 -> 0.93
B36: Rapeseed, whole | C36: 0.93 | D36: =H36*I36 -> 125972.19 | E36: =D36*C36/SUMPRODUCT(D$29:D$49,$C$29:$C$49) -> 0.17919696 | F36: =H36-D36 -> 9940.8137 | G36: =F36*$C36/SUMPRODUCT(F$29:F$49,$C$29:$C$49) -> 0.079145379 | H36: 135913 | I36: 0.92685899 | J36: 0.19883912 | L36: vegetable oils | P36: 1 | Q36: 2126.8 | R36: 192 | S36: =SUM(Q36:R36) -> 2318.8 | T36: =S36*X36*P36 -> 2156.484 | U36: =T36/SUM(T$26:T$56) -> 0.0036221742 | V36: =S36*(1-X36)*P36 -> 162.316 | W36: =V36/SUM(V$26:V$56) -> 0.0014874162 | X36: =$AH$33 -> 0.93
B37: Distiller’s dried grain | C37: 0.9 | D37: =H37*I37 -> 36603.206 | E37: =D37*C37/SUMPRODUCT(D$29:D$49,$C$29:$C$49) -> 0.050388875 | F37: =H37-D37 -> 2888.4603 | G37: =F37*$C37/SUMPRODUCT(F$29:F$49,$C$29:$C$49) -> 0.022255102 | H37: 39491.667 | I37: 0.92685899 | J37: 0 | L37: soybeans | P37: 0.87 | Q37: 0 | R37: 2604.6 | S37: =SUM(Q37:R37) -> 2604.6 | T37: =S37*X37*P37 -> 2107.3819 | U37: =T37/SUM(T$26:T$56) -> 0.003539699 | V37: =S37*(1-X37)*P37 -> 158.62014 | W37: =V37/SUM(V$26:V$56) -> 0.0014535484 | X37: =$AH$33 -> 0.93
B38: Bran, middlings, etc. | C38: 0.87 | D38: =H38*I38 -> 90204.111 | E38: =D38*C38/SUMPRODUCT(D$29:D$49,$C$29:$C$49) -> 0.12003796 | F38: =H38-D38 -> 7118.2559 | G38: =F38*$C38/SUMPRODUCT(F$29:F$49,$C$29:$C$49) -> 0.053016802 | H38: 97322.367 | I38: 0.92685899 | J38: 0 | L38: soybean meal | P38: 0.875 | Q38: 6226.3 | R38: 17429.8 | S38: =SUM(Q38:R38) -> 23656.1 | T38: =S38*X38*P38 -> 19250.151 | U38: =T38/SUM(T$26:T$56) -> 0.032333837 | V38: =S38*(1-X38)*P38 -> 1448.9361 | W38: =V38/SUM(V$26:V$56) -> 0.013277626 | X38: =$AH$33 -> 0.93
B39: Palm kernel expeller | C39: 0.91 | D39: =H39*I39 -> 29382.975 | E39: =D39*C39/SUMPRODUCT(D$29:D$49,$C$29:$C$49) -> 0.040898763 | F39: =H39-D39 -> 2318.6918 | G39: =F39*$C39/SUMPRODUCT(F$29:F$49,$C$29:$C$49) -> 0.018063633 | H39: 31701.667 | I39: 0.92685899 | J39: 1 | L39: soybean protein concentrate | P39: 0.87 | Q39: 0 | R39: 0 | S39: =SUM(Q39:R39) -> 0 | T39: =S39*X39*P39 -> 0 | U39: =T39/SUM(T$26:T$56) -> 0 | V39: =S39*(1-X39)*P39 -> 0 | W39: =V39/SUM(V$26:V$56) -> 0 | X39: =$AH$33 -> 0.93
B40: Soybeans, whole | C40: 0.87 | D40: =H40*I40 -> 15543.487 | E40: =D40*C40/SUMPRODUCT(D$29:D$49,$C$29:$C$49) -> 0.020684295 | F40: =H40-D40 -> 1226.5796 | G40: =F40*$C40/SUMPRODUCT(F$29:F$49,$C$29:$C$49) -> 0.0091355702 | H40: 16770.067 | I40: 0.92685899 | J40: 1 | L40: rapeseed meal | P40: 0.895 | Q40: 143785.1 | R40: 34843 | S40: =SUM(Q40:R40) -> 178628.1 | T40: =S40*X40*P40 -> 148681.1 | U40: =T40/SUM(T$26:T$56) -> 0.24973468 | V40: =S40*(1-X40)*P40 -> 11191.05 | W40: =V40/SUM(V$26:V$56) -> 0.1025515 | X40: =$AH$33 -> 0.93
B41: Soybean meal via feed industry | C41: 0.87 | D41: =H41*I41 -> 39489.569 | E41: =D41*C41/SUMPRODUCT(D$29:D$49,$C$29:$C$49) -> 0.052550235 | F41: =H41-D41 -> 3116.2311 | G41: =F41*$C41/SUMPRODUCT(F$29:F$49,$C$29:$C$49) -> 0.023209703 | H41: 42605.8 | I41: 0.92685899 | J41: 1 | L41: sunflower seed meal | P41: 0.91 | Q41: 1937.9 | R41: 489 | S41: =SUM(Q41:R41) -> 2426.9 | T41: =S41*X41*P41 -> 2053.8855 | U41: =T41/SUM(T$26:T$56) -> 0.0034498429 | V41: =S41*(1-X41)*P41 -> 154.59353 | W41: =V41/SUM(V$26:V$56) -> 0.0014166498 | X41: =$AH$33 -> 0.93
B42: Rapeseed meal | C42: 0.9 | D42: =H42*I42 -> 103581.4 | E42: =D42*C42/SUMPRODUCT(D$29:D$49,$C$29:$C$49) -> 0.14259271 | F42: =H42-D42 -> 8173.8952 | G42: =F42*$C42/SUMPRODUCT(F$29:F$49,$C$29:$C$49) -> 0.062978491 | H42: 111755.3 | I42: 0.92685899 | J42: 0.60570717 | L42: palm kernel expeller | P42: 0.91 | Q42: 1397.8 | R42: 14372 | S42: =SUM(Q42:R42) -> 15769.8 | T42: =S42*X42*P42 -> 13345.982 | U42: =T42/SUM(T$26:T$56) -> 0.0224168 | V42: =S42*(1-X42)*P42 -> 1004.5363 | W42: =V42/SUM(V$26:V$56) -> 0.0092052756 | X42: =$AH$33 -> 0.93
B43: Sunflower meal | C43: 0.92 | D43: =H43*I43 -> 3649.7236 | E43: =D43*C43/SUMPRODUCT(D$29:D$49,$C$29:$C$49) -> 0.0051359504 | F43: =H43-D43 -> 288.00978 | G43: =F43*$C43/SUMPRODUCT(F$29:F$49,$C$29:$C$49) -> 0.0022683797 | H43: 3937.7333 | I43: 0.92685899 | J43: 1 | L43: luzern meal | P43: 0.9 | Q43: 3732.3 | R43: 1118 | S43: =SUM(Q43:R43) -> 4850.3 | T43: =S43*X43*P43 -> 4059.7011 | U43: =T43/SUM(T$26:T$56) -> 0.0068189445 | V43: =S43*(1-X43)*P43 -> 305.5689 | W43: =V43/SUM(V$26:V$56) -> 0.0028001438 | X43: =$AH$33 -> 0.93
B44: Luzern meal | C44: 0.9 | D44: =H44*I44 -> 2313.4679 | E44: =D44*C44/SUMPRODUCT(D$29:D$49,$C$29:$C$49) -> 0.0031847768 | F44: =H44-D44 -> 182.56215 | G44: =F44*$C44/SUMPRODUCT(F$29:F$49,$C$29:$C$49) -> 0.0014066107 | H44: =2773.36666666667*0.9 -> 2496.03 | I44: 0.92685899 | J44: 0.40587013 | L44: wheat bran | P44: 0.87 | Q44: 54666.9 | R44: 0 | S44: =SUM(Q44:R44) -> 54666.9 | T44: =S44*X44*P44 -> 44230.989 | U44: =T44/SUM(T$26:T$56) -> 0.074293316 | V44: =S44*(1-X44)*P44 -> 3329.2142 | W44: =V44/SUM(V$26:V$56) -> 0.030507942 | X44: =$AH$33 -> 0.93
B45: Potatoe protein | C45: 0.9 | D45: =H45*I45 -> 257.05198 | E45: =D45*C45/SUMPRODUCT(D$29:D$49,$C$29:$C$49) -> 0.00035386409 | F45: =H45-D45 -> 20.284683 | G45: =F45*$C45/SUMPRODUCT(F$29:F$49,$C$29:$C$49) -> 0.00015629008 | H45: =2773.36666666667*0.1 -> 277.33667 | I45: 0.92685899 | J45: 0.40587013 | L45: wheat bran, fine | P45: 0.878 | Q45: 142 | R45: 0 | S45: =SUM(Q45:R45) -> 142 | T45: =S45*X45*P45 -> 115.94868 | U45: =T45/SUM(T$26:T$56) -> 0.00019475513 | V45: =S45*(1-X45)*P45 -> 8.72732 | W45: =V45/SUM(V$26:V$56) -> 7.99746e-05 | X45: =$AH$33 -> 0.93
B46: Fat | C46: 1 | D46: =H46*I46 -> 19145.663 | E46: =D46*C46/SUMPRODUCT(D$29:D$49,$C$29:$C$49) -> 0.029284878 | F46: =H46-D46 -> 1510.8372 | G46: =F46*$C46/SUMPRODUCT(F$29:F$49,$C$29:$C$49) -> 0.012934164 | H46: 20656.5 | I46: 0.92685899 | J46: 0.26716313 | L46: oat hulls | P46: 0.876 | Q46: 6539 | R46: 0 | S46: =SUM(Q46:R46) -> 6539 | T46: =S46*X46*P46 -> 5327.1925 | U46: =T46/SUM(T$26:T$56) -> 0.0089479076 | V46: =S46*(1-X46)*P46 -> 400.97148 | W46: =V46/SUM(V$26:V$56) -> 0.003674385 | X46: =$AH$33 -> 0.93
B47: Minerals | C47: 1 | D47: =H47*I47 -> 35644.185 | E47: =D47*C47/SUMPRODUCT(D$29:D$49,$C$29:$C$49) -> 0.054520737 | F47: =H47-D47 -> 2812.7813 | G47: =F47*$C47/SUMPRODUCT(F$29:F$49,$C$29:$C$49) -> 0.024080009 | H47: 38456.967 | I47: 0.92685899 | J47: 0.14385537 | L47: oat bran | P47: 0.876 | Q47: 738 | R47: 0 | S47: =SUM(Q47:R47) -> 738 | T47: =S47*X47*P47 -> 601.23384 | U47: =T47/SUM(T$26:T$56) -> 0.0010098724 | V47: =S47*(1-X47)*P47 -> 45.25416 | W47: =V47/SUM(V$26:V$56) -> 0.00041469585 | X47: =$AH$33 -> 0.93
B48: Beet pulp | C48: 0.9 | D48: =H48*I48 -> 38744.652 | E48: =D48*C48/SUMPRODUCT(D$29:D$49,$C$29:$C$49) -> 0.053336842 | F48: =H48-D48 -> 3057.4477 | G48: =F48*$C48/SUMPRODUCT(F$29:F$49,$C$29:$C$49) -> 0.023557122 | H48: =69670.1666666667*0.6 -> 41802.1 | I48: 0.92685899 | J48: 0.46986991 | L48: rye bran | P48: 0.876 | Q48: 2276 | R48: 0 | S48: =SUM(Q48:R48) -> 2276 | T48: =S48*X48*P48 -> 1854.2117 | U48: =T48/SUM(T$26:T$56) -> 0.0031144575 | V48: =S48*(1-X48)*P48 -> 139.56432 | W48: =V48/SUM(V$26:V$56) -> 0.0012789265 | X48: =$AH$33 -> 0.93
B49: Beet molasses | C49: 0.75 | D49: =H49*I49 -> 25829.768 | E49: =D49*C49/SUMPRODUCT(D$29:D$49,$C$29:$C$49) -> 0.029631579 | F49: =H49-D49 -> 2038.2985 | G49: =F49*$C49/SUMPRODUCT(F$29:F$49,$C$29:$C$49) -> 0.01308729 | H49: =69670.1666666667*0.4 -> 27868.067 | I49: 0.92685899 | J49: 0.46986991 | L49: wheat distillers grain, dry | P49: 0.9 | Q49: 56803 | R49: 0 | S49: =SUM(Q49:R49) -> 56803 | T49: =S49*X49*P49 -> 47544.111 | U49: =T49/SUM(T$26:T$56) -> 0.079858257 | V49: =S49*(1-X49)*P49 -> 3578.589 | W49: =V49/SUM(V$26:V$56) -> 0.03279314 | X49: =$AH$33 -> 0.93
B50: Other | D50: 692.67262 | F50: 54.660713 | I50: 0.92685899 | J50: 0.15455308 | L50: barley brewers grain | P50: 0.9 | S50: =SUM(Q50:R50) -> 0 | T50: =S50*X50*P50 -> 0 | U50: =T50/SUM(T$26:T$56) -> 0 | V50: =S50*(1-X50)*P50 -> 0 | W50: =V50/SUM(V$26:V$56) -> 0 | X50: =$AH$33 -> 0.93
L51: maize gluten meal | P51: 0.885 | Q51: 198 | R51: 1547.5 | S51: =SUM(Q51:R51) -> 1745.5 | T51: =S51*X51*P51 -> 1436.6338 | U51: =T51/SUM(T$26:T$56) -> 0.0024130658 | V51: =S51*(1-X51)*P51 -> 108.13372 | W51: =V51/SUM(V$26:V$56) -> 0.00099090573 | X51: =$AH$33 -> 0.93
L52: sugar beet molasses | P52: 0.755 | Q52: 22689.45 | R52: 0 | S52: =SUM(Q52:R52) -> 22689.45 | T52: =S52*X52*P52 -> 15931.397 | U52: =T52/SUM(T$26:T$56) -> 0.026759437 | V52: =S52*(1-X52)*P52 -> 1199.1374 | W52: =V52/SUM(V$26:V$56) -> 0.010988544 | X52: =$AH$33 -> 0.93
L53: sugar beet pulp | P53: 0.895 | Q53: 9769.35 | R53: 27163.3 | S53: =SUM(Q53:R53) -> 36932.65 | T53: =S53*X53*P53 -> 30740.891 | U53: =T53/SUM(T$26:T$56) -> 0.05163445 | V53: =S53*(1-X53)*P53 -> 2313.8305 | W53: =V53/SUM(V$26:V$56) -> 0.021203264 | X53: =$AH$33 -> 0.93
L54: whey powder | P54: 0.97 | Q54: 0 | R54: 0 | S54: =SUM(Q54:R54) -> 0 | T54: =S54*X54*P54 -> 0 | U54: =T54/SUM(T$26:T$56) -> 0 | V54: =S54*(1-X54)*P54 -> 0 | W54: =V54/SUM(V$26:V$56) -> 0 | X54: =$AH$33 -> 0.93
L55: potatoe protein | P55: 0.91 | Q55: 135.5 | R55: 30.8 | S55: =SUM(Q55:R55) -> 166.3 | T55: =S55*X55*P55 -> 140.73969 | U55: =T55/SUM(T$26:T$56) -> 0.00023639576 | V55: =S55*(1-X55)*P55 -> 10.59331 | W55: =V55/SUM(V$26:V$56) -> 9.7073985e-05 | X55: =$AH$33 -> 0.93
L56: fish meal | P56: 0.92 | Q56: 0 | R56: 0 | S56: =SUM(Q56:R56) -> 0 | T56: =S56*X56*P56 -> 0 | U56: =T56/SUM(T$26:T$56) -> 0 | V56: =S56*(1-X56)*P56 -> 0 | W56: =V56/SUM(V$26:V$56) -> 0 | X56: =$AH$33 -> 0.93
L57: minerals | P57: 1 | Q57: 16268 | R57: 1347.3 | S57: =SUM(Q57:R57) -> 17615.3 | T57: =S57*X57*P57 -> 16382.229 | V57: =S57*(1-X57)*P57 -> 1233.071 | X57: =$AH$33 -> 0.93 | Z57: Grazing factor set to align 'Ley for fodder' | AE57: Einarsson et al 2022 share grazing of roughage for dairy cows
Z58: and 'Ley for grazing' areas better to | AE58: conventional | AG58: 9 | AH58: %
S59: Cereals: | T59: =SUM(T26:T31) -> 133223.59 | U59: =T59/SUM(T$59:T$60) -> 0.22377122 | V59: =SUM(V26:V31) -> 74341.97 | W59: =V59/SUM(V$59:V$60) -> 0.681248 | Z59: agricultrual statistics | AE59: organic | AG59: 14 | AH59: %
S60: Other: | T60: =SUM(T32:T56) -> 462132.64 | U60: =T60/SUM(T$59:T$60) -> 0.77622878 | V60: =SUM(V32:V56) -> 34784.177 | W60: =V60/SUM(V$59:V$60) -> 0.318752
W61: grazing factor: | X61: 1 | Y61: 1 | Z61: 1 | AA61: 1 | AB61: 1 | AC61: 1 | AD61: 1 | AE61: 0.65 | AF61: 1 | AG61: 1 | AH61: 1 | AI61: 1 | AJ61: 1 | AK61: 0.65 | AL61: 1
W62: ley factor: | X62: =1+(D72*(1-X61))/SUM(D67:D68) -> 1 | Y62: =1+(E72*(1-Y61))/SUM(E67:E68) -> 1 | Z62: 1 | AA62: =1+(G72*(1-AA61))/SUM(G67:G68) -> 1 | AB62: =1+(H72*(1-AB61))/SUM(H67:H68) -> 1 | AC62: =1+(I72*(1-AC61))/SUM(I67:I68) -> 1 | AD62: =1+(J72*(1-AD61))/SUM(J67:J68) -> 1 | AE62: =1+(K72*(1-AE61))/SUM(K67:K68) -> 1.074364 | AF62: =1+(L72*(1-AF61))/SUM(L67:L68) -> 1 | AG62: 1 | AH62: =1+(N72*(1-AH61))/SUM(N67:N68) -> 1 | AI62: =1+(O72*(1-AI61))/SUM(O67:O68) -> 1 | AJ62: =1+(P72*(1-AJ61))/SUM(P67:P68) -> 1 | AK62: =1+(Q72*(1-AK61))/SUM(Q67:Q68) -> 1.1155988 | AL62: =1+(R72*(1-AL61))/SUM(R67:R68) -> 1
B63: breed | D63: beef | E63: beef | F63: beef | G63: beef | H63: beef | I63: beef | J63: beef | K63: dairy | L63: dairy | M63: dairy | N63: dairy | O63: dairy | P63: dairy | Q63: dairy | R63: dairy | X63: =D63&D64&D65 -> beefcows | Y63: =E63&E64&E65 -> beefbreeding bulls | Z63: =F63&F64&F65 -> beefcalves, suckling | AA63: =G63&G64&G65 -> beefheifers | AB63: =H63&H64&H65 -> beefsteers | AC63: =I63&I64&I65 -> beefbulls | AD63: =J63&J64&J65 -> beefmaize basedbulls | AE63: =K63&K64&K65 -> dairycows | ... AL63: =R63&R64&R65 -> dairymaize basedbulls
B64: sub_system | J64: maize based | Q64: maize based | R64: maize based | U64: =B67 -> ley silage, 1st cut | X64: =X62*D67/D$117*100 -> 0 | Y64: =Y62*E67/E$117*100 -> 0 | Z64: =Z62*F67/F$117*100 -> 0 | AA64: =AA62*G67/G$117*100 -> 0 | AB64: =AB62*H67/H$117*100 -> 0 | AC64: =AC62*I67/I$117*100 -> 60.138714 | AD64: =AD62*J67/J$117*100 -> 56.070538 | AE64: =AE62*K67/K$117*100 -> 41.480852 | ... AL64: =AL62*R67/R$117*100 -> 56.668912
B65: animal_rations | D65: cows | E65: breeding bulls | F65: calves, suckling | G65: heifers | H65: steers | I65: bulls | J65: bulls | K65: cows | L65: breeding bulls | M65: calves, suckling | N65: heifers | O65: steers | P65: bulls | Q65: cows | R65: bulls | U65: =B68 -> ley silage, regrowth | X65: =X62*D68/D$117*100 -> 19.63847 | Y65: =Y62*E68/E$117*100 -> 7.0178131 | Z65: =Z62*F68/F$117*100 -> 0 | AA65: =AA62*G68/G$117*100 -> 68.854769 | AB65: =AB62*H68/H$117*100 -> 69.016974 | AC65: =AC62*I68/I$117*100 -> 0 | AD65: =AD62*J68/J$117*100 -> 0 | AE65: =AE62*K68/K$117*100 -> 9.9247168 | ... AL65: =AL62*R68/R$117*100 -> 0
B66: feed | U66: =B69 -> other silage | X66: =D69/D$117*100 -> 20.321711 | Y66: =E69/E$117*100 -> 41.192418 | Z66: =F69/F$117*100 -> 0 | AA66: =G69/G$117*100 -> 0 | AB66: =H69/H$117*100 -> 0 | AC66: =I69/I$117*100 -> 0 | AD66: =J69/J$117*100 -> 0 | AE66: =K69/K$117*100 -> 0 | ... AL66: =R69/R$117*100 -> 0
B67: ley silage, 1st cut | I67: =(G7*D24+I7*F24)/(D24+F24)*C7 -> 1243.8129 | J67: =H10*C10 -> 1165 | K67: =Y7 -> 2973.75 | P67: =(M7*D23+O7*F23)/(D23+F23)*C7 -> 2120.9288 | Q67: =Z7 -> 1619.55 | R67: =N10*C10 -> 1868 | U67: =B70 -> maize silage | X67: =D70/D$117*100 -> 0 | Y67: =E70/E$117*100 -> 0 | Z67: =F70/F$117*100 -> 0 | AA67: =G70/G$117*100 -> 0 | AB67: =H70/H$117*100 -> 0 | AC67: =I70/I$117*100 -> 0 | AD67: =J70/J$117*100 -> 13.091147 | AE67: =K70/K$117*100 -> 0 | ... AL67: =R70/R$117*100 -> 13.226791
B68: ley silage, regrowth | D68: =SUMPRODUCT(D9:F9,D24:F24)/SUM(D24:F24)*C9 -> 777.22554 | E68: =SUMPRODUCT(J9:L9,D24:F24)/SUM(D24:F24)*C9 -> 217.26843 | G68: =SUMPRODUCT(V8:X8,D24:F24)/SUM(D24:F24)*C8 -> 2488.5763 | H68: =SUMPRODUCT(S8:U8,D24:F24)/SUM(D24:F24)*C8 -> 2536.0034 | K68: =Y8 -> 711.5 | L68: =E68 -> 217.26843 | N68: =AB8*C8 -> 2343 | O68: =SUMPRODUCT(P8:R8,D23:F23)/SUM(D23:F23)*C8 -> 2641.6801 | Q68: =Z8 -> 751.15 | U68: =B71 -> straw | X68: =D71/D$117*100 -> 1.1297448 | Y68: =E71/E$117*100 -> 0.67138025 | Z68: =F71/F$117*100 -> 0 | AA68: =G71/G$117*100 -> 0 | AB68: =H71/H$117*100 -> 0 | AC68: =I71/I$117*100 -> 0 | AD68: =J71/J$117*100 -> 0 | AE68: =K71/K$117*100 -> 3.1679738 | ... AL68: =R71/R$117*100 -> 0
B69: other silage | D69: =SUMPRODUCT(D12:F12,D24:F24)/SUM(D24:F24)*C12 -> 804.26596 | E69: =SUMPRODUCT(J12:L12,D24:F24)/SUM(D24:F24)*C12 -> 1275.2993 | L69: =E69 -> 1275.2993 | U69: =B72 -> grazing | X69: =X61*D72/D$117*100 -> 58.050982 | Y69: =Y61*E72/E$117*100 -> 50.052482 | Z69: =Z61*F72/F$117*100 -> 100 | AA69: =AA61*G72/G$117*100 -> 30.425854 | AB69: =AB61*H72/H$117*100 -> 30.282083 | AC69: =AC61*I72/I$117*100 -> 0 | AD69: =AD61*J72/J$117*100 -> 0 | AE69: =AE61*K72/K$117*100 -> 6.607952 | ... AL69: =AL61*R72/R$117*100 -> 0
B70: maize silage | J70: =H11*C11 -> 272 | Q70: =Z11 -> 1250.5 | R70: =N11*C11 -> 436 | U70: =B83 -> wheat | X70: =(D74+D83)/D$117*100 -> 0 | Y70: =(E74+E83)/E$117*100 -> 0 | Z70: =(F74+F83)/F$117*100 -> 0 | AA70: =(G74+G83)/G$117*100 -> 0 | AB70: =(H74+H83)/H$117*100 -> 0 | AC70: =(I74+I83)/I$117*100 -> 8.7950802 | AD70: =(J74+J83)/J$117*100 -> 6.3381936 | AE70: =(K74+K83)/K$117*100 -> 6.1497392 | ... AL70: =(R74+R83)/R$117*100 -> 6.361576
B71: straw | D71: =SUMPRODUCT(D13:F13,D24:F24)/SUM(D24:F24)*C13 -> 44.711555 | E71: =SUMPRODUCT(J13:L13,D24:F24)/SUM(D24:F24)*C13 -> 20.785639 | K71: =Y13 -> 244 | L71: =E71 -> 20.785639 | Q71: =Z13 -> 244 | U71: =B84 -> barley | X71: =(D76+D84)/D$117*100 -> 0 | Y71: =(E76+E84)/E$117*100 -> 0 | Z71: =(F76+F84)/F$117*100 -> 0 | AA71: =(G76+G84)/G$117*100 -> 0 | AB71: =(H76+H84)/H$117*100 -> 0 | AC71: =(I76+I84)/I$117*100 -> 16.456273 | AD71: =(J76+J84)/J$117*100 -> 13.009739 | AE71: =(K76+K84)/K$117*100 -> 11.290606 | ... AL71: =(R76+R84)/R$117*100 -> 12.89619
B72: grazing | D72: =SUMPRODUCT(D14:F14,D24:F24)/SUM(D24:F24)*C14+SUMPRODUCT(D15:F15,D24:F24)/SUM(D24:F24)*C15 -> 2297.4654 | E72: =SUMPRODUCT(J14:L14,D24:F24)/SUM(D24:F24)*C14+SUMPRODUCT(J15:L15,D24:F24)/SUM(D24:F24)*C15 -> 1549.603 | F72: 100 | G72: =SUMPRODUCT(V14:X14,D24:F24)/SUM(D24:F24)*C14+SUMPRODUCT(V15:X15,D24:F24)/SUM(D24:F24)*C15 -> 1099.6633 | H72: =SUMPRODUCT(S14:U14,D24:F24)/SUM(D24:F24)*C14+SUMPRODUCT(S15:U15,D24:F24)/SUM(D24:F24)*C15 -> 1112.704 | K72: =Y15 -> 783 | L72: =E72 -> 1549.603 | N72: =AB14*C14+AB15*C15 -> 1600 | O72: =SUMPRODUCT(P14:R14,D23:F23)/SUM(D23:F23)*C14+SUMPRODUCT(P15:R15,D23:F23)/SUM(D23:F23)*C15 -> 1853.7099 | Q72: =Z15 -> 783 | U72: =B85 -> oats | X72: =(D77+D85)/D$117*100 -> 0 | Y72: =(E77+E85)/E$117*100 -> 0 | Z72: =(F77+F85)/F$117*100 -> 0 | AA72: =(G77+G85)/G$117*100 -> 0 | AB72: =(H77+H85)/H$117*100 -> 0 | AC72: =(I77+I85)/I$117*100 -> 3.6372466 | AD72: =(J77+J85)/J$117*100 -> 2.6885792 | AE72: =(K77+K85)/K$117*100 -> 2.5305995 | ... AL72: =(R77+R85)/R$117*100 -> 2.6890354
B73: cereals | I73: =(G16*D$24+I16*F$24)/(D$24+F$24)*C16 -> 630.77662 | J73: =H16*C16 -> 562.44 | K73: =Y16*C16 -> 1568.8484 | N73: =AB16*C16 -> 141.9 | O73: =SUMPRODUCT(P16:R16,D$23:F$23)/SUM(D$23:F$23)*C16 -> 139.41045 | P73: =(M16*D$23+O16*F$23)/(D$23+F$23)*C16 -> 768.77374 | Q73: =Z16*C16 -> 997.16339 | R73: =N16*C16 -> 872.04 | U73: =B86 -> triticale | X73: =(D75+D86)/D$117*100 -> 0 | Y73: =(E75+E86)/E$117*100 -> 0 | Z73: =(F75+F86)/F$117*100 -> 0 | AA73: =(G75+G86)/G$117*100 -> 0 | AB73: =(H75+H86)/H$117*100 -> 0 | AC73: =(I75+I86)/I$117*100 -> 5.889148 | AD73: =(J75+J86)/J$117*100 -> 5.0332855 | AE73: =(K75+K86)/K$117*100 -> 3.9696383 | ... AL73: =(R75+R86)/R$117*100 -> 4.9410322
B74: wheat | I74: =I$73*$AF27 -> 147.6917 | J74: =J$73*$AF27 -> 131.69118 | K74: =K$73*$AD27 -> 367.3343 | N74: =N$73*$AF27 -> 33.22484 | O74: =O$73*$AF27 -> 32.64193 | P74: =P$73*$AF27 -> 180.00271 | Q74: =Q$73*$AD27 -> 233.47847 | R74: =R$73*$AF27 -> 204.18174 | U74: =B87 -> rye | X74: =(D78+D87)/D$117*100 -> 0 | Y74: =(E78+E87)/E$117*100 -> 0 | Z74: =(F78+F87)/F$117*100 -> 0 | AA74: =(G78+G87)/G$117*100 -> 0 | AB74: =(H78+H87)/H$117*100 -> 0 | AC74: =(I78+I87)/I$117*100 -> 0.013507533 | AD74: =(J78+J87)/J$117*100 -> 0 | AE74: =(K78+K87)/K$117*100 -> 0.011272622 | ... AL74: =(R78+R87)/R$117*100 -> 0.0013668085
B75: triticale | I75: =I$73*$AF28 -> 117.28491 | J75: =J$73*$AF28 -> 104.57859 | K75: =K$73*$AD28 -> 291.70747 | N75: =N$73*$AF28 -> 26.384506 | O75: =O$73*$AF28 -> 25.921605 | P75: =P$73*$AF28 -> 142.94373 | Q75: =Q$73*$AD28 -> 185.40989 | R75: =R$73*$AF28 -> 162.14478 | U75: =B88 -> maize | X75: =D88/D$117*100 -> 0 | Y75: =E88/E$117*100 -> 0 | Z75: =F88/F$117*100 -> 0 | AA75: =G88/G$117*100 -> 0 | AB75: =H88/H$117*100 -> 0 | AC75: =I88/I$117*100 -> 0.058685076 | AD75: =J88/J$117*100 -> 0 | AE75: =K88/K$117*100 -> 0.39798335 | ... AL75: =R88/R$117*100 -> 0.048255589
B76: barley | I76: =I$73*$AF29 -> 303.15111 | J76: =J$73*$AF29 -> 270.30854 | K76: =K$73*$AD29 -> 753.9882 | N76: =N$73*$AF29 -> 68.197109 | O76: =O$73*$AF29 -> 67.000631 | P76: =P$73*$AF29 -> 369.47249 | Q76: =Q$73*$AD29 -> 479.23651 | R76: =R$73*$AF29 -> 419.10224 | U76: =B89 -> peas | X76: =(D80+D89)/D$117*100 -> 0 | Y76: =(E80+E89)/E$117*100 -> 0 | Z76: =(F80+F89)/F$117*100 -> 0 | AA76: =(G80+G89)/G$117*100 -> 0 | AB76: =(H80+H89)/H$117*100 -> 0 | AC76: =(I80+I89)/I$117*100 -> 1.2305213 | AD76: =(J80+J89)/J$117*100 -> 1.6370482 | AE76: =(K80+K89)/K$117*100 -> 0.062198541 | ... AL76: =(R80+R89)/R$117*100 -> 0.43086866
B77: oats | I77: =I$73*$AF30 -> 62.648896 | J77: =J$73*$AF30 -> 55.861686 | K77: =K$73*$AD30 -> 155.81843 | N77: =N$73*$AF30 -> 14.093545 | O77: =O$73*$AF30 -> 13.846281 | P77: =P$73*$AF30 -> 76.354805 | Q77: =Q$73*$AD30 -> 99.038524 | R77: =R$73*$AF30 -> 86.611237 | U77: =B90 -> broad beans | X77: =(D81+D90)/D$117*100 -> 0 | Y77: =(E81+E90)/E$117*100 -> 0 | Z77: =(F81+F90)/F$117*100 -> 0 | AA77: =(G81+G90)/G$117*100 -> 0 | AB77: =(H81+H90)/H$117*100 -> 0 | AC77: =(I81+I90)/I$117*100 -> 1.1908458 | AD77: =(J81+J90)/J$117*100 -> 1.5539189 | AE77: =(K81+K90)/K$117*100 -> 0.21373264 | ... AL77: =(R81+R90)/R$117*100 -> 0.42774567
B78: rye | U78: =B91 -> rapeseed | X78: =D91/D$117*100 -> 0 | Y78: =E91/E$117*100 -> 0 | Z78: =F91/F$117*100 -> 0 | AA78: =G91/G$117*100 -> 0 | AB78: =H91/H$117*100 -> 0 | AC78: =I91/I$117*100 -> 0.49891518 | AD78: =J91/J$117*100 -> 0 | AE78: =K91/K$117*100 -> 3.3834827 | ... AL78: =R91/R$117*100 -> 0.41024819
B79: grain legumes | I79: =(G17*D$24+I17*F$24)/(D$24+F$24)*C17 -> 49.238161 | J79: =H17*C17 -> 66.3 | O79: =SUMPRODUCT(P17:R17,D$23:F$23)/SUM(D$23:F$23)*C17 -> 2.7418596 | P79: =(M17*D$23+O17*F$23)/(D$23+F$23)*C17 -> 86.918338 | R79: =N17*C17 -> 27.2 | U79: =B92 -> linseed | X79: =D92/D$117*100 -> 0 | Y79: =E92/E$117*100 -> 0 | Z79: =F92/F$117*100 -> 0 | AA79: =G92/G$117*100 -> 0 | AB79: =H92/H$117*100 -> 0 | AC79: =I92/I$117*100 -> 0.00036802917 | AD79: =J92/J$117*100 -> 0 | AE79: =K92/K$117*100 -> 0.0024958557 | ... AL79: =R92/R$117*100 -> 0.00030262318
B80: peas | I80: =I$79*$AF33 -> 25.260443 | J80: =J$79*$AF33 -> 34.013605 | O80: =O$79*$AD33 -> 1.4066445 | P80: =P$79*$AD33 -> 44.591343 | R80: =R$79*$AD33 -> 13.9543 | U80: =B93 -> vegetable oils | X80: =D93/D$117*100 -> 0 | Y80: =E93/E$117*100 -> 0 | Z80: =F93/F$117*100 -> 0 | AA80: =G93/G$117*100 -> 0 | AB80: =H93/H$117*100 -> 0 | AC80: =I93/I$117*100 -> 0.0095013866 | AD80: =J93/J$117*100 -> 0 | AE80: =K93/K$117*100 -> 0.064435355 | ... AL80: =R93/R$117*100 -> 0.0078128042
B81: broad beans | I81: =I$79*$AF34 -> 23.977718 | J81: =J$79*$AF34 -> 32.286395 | O81: =O$79*$AD34 -> 1.3352151 | P81: =P$79*$AD34 -> 42.326995 | R81: =R$79*$AD34 -> 13.2457 | U81: =B94 -> soybeans | X81: =D94/D$117*100 -> 0 | Y81: =E94/E$117*100 -> 0 | Z81: =F94/F$117*100 -> 0 | AA81: =G94/G$117*100 -> 0 | AB81: =H94/H$117*100 -> 0 | AC81: =I94/I$117*100 -> 0.0092850445 | AD81: =J94/J$117*100 -> 0 | AE81: =K94/K$117*100 -> 0.062968192 | ... AL81: =R94/R$117*100 -> 0.0076349102
B82: concentrates | I82: =(G18*D$24+I18*F$24)/(D$24+F$24)*C18 -> 132.11599 | K82: =Y18*C18 -> 1370.1343 | M82: 100 | N82: =AB18*C18 -> 97.2 | O82: =SUMPRODUCT(P18:R18,D$23:F$23)/SUM(D$23:F$23)*C18 -> 127.9758 | P82: =(M18*D$23+O18*F$23)/(D$23+F$23)*C18 -> 261.21785 | Q82: =Z18*C18 -> 2165.3408 | R82: =N18*C18 -> 71.1 | U82: =B95 -> soybean meal | X82: =D95/D$117*100 -> 0 | Y82: =E95/E$117*100 -> 0 | Z82: =F95/F$117*100 -> 0 | AA82: =G95/G$117*100 -> 0 | AB82: =H95/H$117*100 -> 0 | AC82: =I95/I$117*100 -> 0.084815436 | AD82: =J95/J$117*100 -> 0 | AE82: =K95/K$117*100 -> 0.57519107 | ... AL82: =R95/R$117*100 -> 0.069742072
B83: =L26 -> wheat | I83: =I$82*$W26 -> 34.211658 | K83: =K$82*$U26 -> 106.32377 | M83: =M$82*$W26 -> 25.895168 | N83: =N$82*$W26 -> 25.170103 | O83: =O$82*$W26 -> 33.139548 | P83: =P$82*$W26 -> 67.6428 | Q83: =Q$82*$U26 -> 168.03258 | R83: =R$82*$U26 -> 5.5174299 | U83: =B96 -> soybean protein concentrate | X83: =D96/D$117*100 -> 0 | Y83: =E96/E$117*100 -> 0 | Z83: =F96/F$117*100 -> 0 | AA83: =G96/G$117*100 -> 0 | AB83: =H96/H$117*100 -> 0 | AC83: =I96/I$117*100 -> 0 | AD83: =J96/J$117*100 -> 0 | AE83: =K96/K$117*100 -> 0 | ... AL83: =R96/R$117*100 -> 0
B84: =L27 -> barley | I84: =I$82*$W27 -> 37.204098 | K84: =K$82*$U27 -> 115.62374 | M84: =M$82*$W27 -> 28.160178 | N84: =N$82*$W27 -> 27.371693 | O84: =O$82*$W27 -> 36.038213 | P84: =P$82*$W27 -> 73.55941 | Q84: =Q$82*$U27 -> 182.73012 | R84: =R$82*$U27 -> 6.0000309 | U84: =B97 -> rapeseed meal | X84: =D97/D$117*100 -> 0 | Y84: =E97/E$117*100 -> 0 | Z84: =F97/F$117*100 -> 0 | AA84: =G97/G$117*100 -> 0 | AB84: =H97/H$117*100 -> 0 | AC84: =I97/I$117*100 -> 0.65508328 | AD84: =J97/J$117*100 -> 0 | AE84: =K97/K$117*100 -> 4.4425645 | ... AL84: =R97/R$117*100 -> 0.53866215
B85: =L28 -> oats | I85: =I$82*$W28 -> 12.578089 | K85: =K$82*$U28 -> 39.090469 | M85: =M$82*$W28 -> 9.520489 | N85: =N$82*$W28 -> 9.2539153 | O85: =O$82*$W28 -> 12.183922 | P85: =P$82*$W28 -> 24.869216 | Q85: =Q$82*$U28 -> 61.778024 | R85: =R$82*$U28 -> 2.0285109 | U85: =B98 -> sunflower seed meal | X85: =D98/D$117*100 -> 0 | Y85: =E98/E$117*100 -> 0 | Z85: =F98/F$117*100 -> 0 | AA85: =G98/G$117*100 -> 0 | AB85: =H98/H$117*100 -> 0 | AC85: =I98/I$117*100 -> 0.0090493414 | AD85: =J98/J$117*100 -> 0 | AE85: =K98/K$117*100 -> 0.061369729 | ... AL85: =R98/R$117*100 -> 0.0074410962
B86: =L29 -> triticale | I86: =I$82*$W29 -> 4.5167949 | K86: =K$82*$U29 -> 14.037398 | M86: =M$82*$W29 -> 3.4188101 | N86: =N$82*$W29 -> 3.3230834 | O86: =O$82*$W29 -> 4.3752496 | P86: =P$82*$W29 -> 8.9305421 | Q86: =Q$82*$U29 -> 22.184504 | R86: =R$82*$U29 -> 0.72843881 | U86: =B99 -> palm kernel expeller | X86: =D99/D$117*100 -> 0 | Y86: =E99/E$117*100 -> 0 | Z86: =F99/F$117*100 -> 0 | AA86: =G99/G$117*100 -> 0 | AB86: =H99/H$117*100 -> 0 | AC86: =I99/I$117*100 -> 0.058801889 | AD86: =J99/J$117*100 -> 0 | AE86: =K99/K$117*100 -> 0.39877554 | ... AL86: =R99/R$117*100 -> 0.048351642
B87: =L30 -> rye | I87: =I$82*$W30 -> 0.27936819 | K87: =K$82*$U30 -> 0.8682268 | M87: =M$82*$W30 -> 0.21145676 | N87: =N$82*$W30 -> 0.20553597 | O87: =O$82*$W30 -> 0.27061347 | P87: =P$82*$W30 -> 0.55236278 | Q87: =Q$82*$U30 -> 1.3721333 | R87: =R$82*$U30 -> 0.045054654 | U87: =B100 -> luzern meal | X87: =D100/D$117*100 -> 0 | Y87: =E100/E$117*100 -> 0 | Z87: =F100/F$117*100 -> 0 | AA87: =G100/G$117*100 -> 0 | AB87: =H100/H$117*100 -> 0 | AC87: =I100/I$117*100 -> 0.017886889 | AD87: =J100/J$117*100 -> 0 | AE87: =K100/K$117*100 -> 0.12130314 | ... AL87: =R100/R$117*100 -> 0.014708038
B88: =L31 -> maize | I88: =I$82*$W31 -> 1.2137482 | K88: =K$82*$U31 -> 30.653011 | M88: =M$82*$W31 -> 0.91869889 | N88: =N$82*$W31 -> 0.89297532 | O88: =O$82*$W31 -> 1.1757122 | P88: =P$82*$W31 -> 2.3998054 | Q88: =Q$82*$U31 -> 48.443585 | R88: =R$82*$U31 -> 1.5906683 | U88: =B101 -> wheat bran | X88: =D101/D$117*100 -> 0 | Y88: =E101/E$117*100 -> 0 | Z88: =F101/F$117*100 -> 0 | AA88: =G101/G$117*100 -> 0 | AB88: =H101/H$117*100 -> 0 | AC88: =I101/I$117*100 -> 0.19488006 | AD88: =J101/J$117*100 -> 0 | AE88: =K101/K$117*100 -> 1.321614 | ... AL88: =R101/R$117*100 -> 0.16024605
B89: =L32 -> peas | I89: =I$82*$W32 -> 0.18968976 | K89: =K$82*$U32 -> 4.7905837 | M89: =M$82*$W32 -> 0.14357819 | N89: =N$82*$W32 -> 0.139558 | O89: =O$82*$W32 -> 0.18374534 | P89: =P$82*$W32 -> 0.37505186 | Q89: =Q$82*$U32 -> 7.5709708 | R89: =R$82*$U32 -> 0.24859644 | U89: =B102 -> wheat bran, fine | X89: =D102/D$117*100 -> 0 | Y89: =E102/E$117*100 -> 0 | Z89: =F102/F$117*100 -> 0 | AA89: =G102/G$117*100 -> 0 | AB89: =H102/H$117*100 -> 0 | AC89: =I102/I$117*100 -> 0.00051086548 | AD89: =J102/J$117*100 -> 0 | AE89: =K102/K$117*100 -> 0.0034645257 | ... AL89: =R102/R$117*100 -> 0.00042007468
B90: =L33 -> broad beans | I90: =I$82*$W33 -> 0.65183027 | K90: =K$82*$U33 -> 16.461867 | M90: =M$82*$W33 -> 0.49337726 | N90: =N$82*$W33 -> 0.4795627 | O90: =O$82*$W33 -> 0.6314035 | P90: =P$82*$W33 -> 1.2887895 | Q90: =Q$82*$U33 -> 26.016102 | R90: =R$82*$U33 -> 0.85425113 | U90: =B103 -> oat hulls | X90: =D103/D$117*100 -> 0 | Y90: =E103/E$117*100 -> 0 | Z90: =F103/F$117*100 -> 0 | AA90: =G103/G$117*100 -> 0 | AB90: =H103/H$117*100 -> 0 | AC90: =I103/I$117*100 -> 0.023471408 | AD90: =J103/J$117*100 -> 0 | AE90: =K103/K$117*100 -> 0.15917556 | ... AL90: =R103/R$117*100 -> 0.019300079
B91: =L34 -> rapeseed | I91: =I$82*$W34 -> 10.318763 | K91: =K$82*$U34 -> 260.59867 | M91: =M$82*$W34 -> 7.8103814 | N91: =N$82*$W34 -> 7.5916907 | O91: =O$82*$W34 -> 9.995398 | P91: =P$82*$W34 -> 20.40211 | Q91: =Q$82*$U34 -> 411.84645 | R91: =R$82*$U34 -> 13.523175 | U91: =B104 -> oat bran | X91: =D104/D$117*100 -> 0 | Y91: =E104/E$117*100 -> 0 | Z91: =F104/F$117*100 -> 0 | AA91: =G104/G$117*100 -> 0 | AB91: =H104/H$117*100 -> 0 | AC91: =I104/I$117*100 -> 0.0026490135 | AD91: =J104/J$117*100 -> 0 | AE91: =K104/K$117*100 -> 0.017964759 | ... AL91: =R104/R$117*100 -> 0.0021782319
B92: =L35 -> linseed | I92: =I$82*$W35 -> 0.0076117262 | K92: =K$82*$U35 -> 0.1922329 | M92: =M$82*$W35 -> 0.0057613965 | N92: =N$82*$W35 -> 0.0056000774 | O92: =O$82*$W35 -> 0.0073731932 | P92: =P$82*$W35 -> 0.015049796 | Q92: =Q$82*$U35 -> 0.30380215 | R92: =R$82*$U35 -> 0.0099754889 | U92: =B105 -> rye bran | X92: =D105/D$117*100 -> 0 | Y92: =E105/E$117*100 -> 0 | Z92: =F105/F$117*100 -> 0 | AA92: =G105/G$117*100 -> 0 | AB92: =H105/H$117*100 -> 0 | AC92: =I105/I$117*100 -> 0.0081695863 | AD92: =J105/J$117*100 -> 0 | AE92: =K105/K$117*100 -> 0.055403512 | ... AL92: =R105/R$117*100 -> 0.0067176908
B93: =L36 -> vegetable oils | I93: =I$82*$W36 -> 0.19651147 | K93: =K$82*$U36 -> 4.962865 | M93: =M$82*$W36 -> 0.14874162 | N93: =N$82*$W36 -> 0.14457686 | O93: =O$82*$W36 -> 0.19035328 | P93: =P$82*$W36 -> 0.38853966 | Q93: =Q$82*$U36 -> 7.8432416 | R93: =R$82*$U36 -> 0.25753659 | U93: =B106 -> wheat distillers grain, dry | X93: =D106/D$117*100 -> 0 | Y93: =E106/E$117*100 -> 0 | Z93: =F106/F$117*100 -> 0 | AA93: =G106/G$117*100 -> 0 | AB93: =H106/H$117*100 -> 0 | AC93: =I106/I$117*100 -> 0.20947755 | AD93: =J106/J$117*100 -> 0 | AE93: =K106/K$117*100 -> 1.4206095 | ... AL93: =R106/R$117*100 -> 0.17224929
B94: =L37 -> soybeans | I94: =I$82*$W37 -> 0.19203699 | K94: =K$82*$U37 -> 4.8498629 | M94: =M$82*$W37 -> 0.14535484 | N94: =N$82*$W37 -> 0.14128491 | O94: =O$82*$W37 -> 0.18601902 | P94: =P$82*$W37 -> 0.37969279 | Q94: =Q$82*$U37 -> 7.6646547 | R94: =R$82*$U37 -> 0.2516726 | U94: =B107 -> barley brewers grain | X94: =D107/D$117*100 -> 0 | Y94: =E107/E$117*100 -> 0 | Z94: =F107/F$117*100 -> 0 | AA94: =G107/G$117*100 -> 0 | AB94: =H107/H$117*100 -> 0 | AC94: =I107/I$117*100 -> 0 | AD94: =J107/J$117*100 -> 0 | AE94: =K107/K$117*100 -> 0 | ... AL94: =R107/R$117*100 -> 0
... B101: =L44 -> wheat bran | I101: =I$82*$W44 -> 4.0305871 | K101: =K$82*$U44 -> 101.79182 | M101: =M$82*$W44 -> 3.0507942 | N101: =N$82*$W44 -> 2.965372 | O101: =O$82*$W44 -> 3.9042783 | P101: =P$82*$W44 -> 7.969219 | Q101: =Q$82*$U44 -> 160.87035 | R101: =R$82*$U44 -> 5.2822548 | U101: =B114 -> minerals | X101: =D114/D$117*100 -> 0.85909167 | Y101: =E114/E$117*100 -> 1.0659065 | Z101: =F114/F$117*100 -> 0 | AA101: =G114/G$117*100 -> 0.71937677 | AB101: =H114/H$117*100 -> 0.70094215 | AC101: =I114/I$117*100 -> 0.59452762 | AD101: =J114/J$117*100 -> 0.57755061 | AE101: =K114/K$117*100 -> 0.66022571 | ... AL101: =R114/R$117*100 -> 0.66740688
B102: =L45 -> wheat bran, fine | I102: =I$82*$W45 -> 0.010565924 | K102: =K$82*$U45 -> 0.26684068 | M102: =M$82*$W45 -> 0.00799746 | N102: =N$82*$W45 -> 0.0077735311 | O102: =O$82*$W45 -> 0.010234813 | P102: =P$82*$W45 -> 0.020890793 | Q102: =Q$82*$U45 -> 0.42171123 | R102: =R$82*$U45 -> 0.01384709
B103: =L46 -> oat hulls | I103: =I$82*$W46 -> 0.48544502 | K103: =K$82*$U46 -> 12.259835 | M103: =M$82*$W46 -> 0.3674385 | N103: =N$82*$W46 -> 0.35715022 | O103: =O$82*$W46 -> 0.47023236 | P103: =P$82*$W46 -> 0.95981494 | Q103: =Q$82*$U46 -> 19.375269 | R103: =R$82*$U46 -> 0.63619623 | X103: =SUM(X64:X101) -> 100 | Y103: =SUM(Y64:Y101) -> 100 | Z103: =SUM(Z64:Z101) -> 100 | AA103: =SUM(AA64:AA101) -> 100 | AB103: =SUM(AB64:AB101) -> 100 | AC103: =SUM(AC64:AC101) -> 100 | AD103: =SUM(AD64:AD101) -> 100 | AE103: =SUM(AE64:AE101) -> 100 | ... AL103: =SUM(AL64:AL101) -> 100
B104: =L47 -> oat bran | I104: =I$82*$W47 -> 0.054787954 | K104: =K$82*$U47 -> 1.3836608 | M104: =M$82*$W47 -> 0.041469585 | N104: =N$82*$W47 -> 0.040308436 | O104: =O$82*$W47 -> 0.053071032 | P104: =P$82*$W47 -> 0.10832596 | Q104: =Q$82*$U47 -> 2.186718 | R104: =R$82*$U47 -> 0.071801929
B105: =L48 -> rye bran | I105: =I$82*$W48 -> 0.16896664 | K105: =K$82*$U48 -> 4.2672249 | M105: =M$82*$W48 -> 0.12789265 | N105: =N$82*$W48 -> 0.12431165 | O105: =O$82*$W48 -> 0.16367164 | P105: =P$82*$W48 -> 0.33407842 | Q105: =Q$82*$U48 -> 6.7438619 | R105: =R$82*$U48 -> 0.22143793 | W105: Roughage share (% of DM): | X105: =SUM(X64:X69) -> 99.140908 | Y105: =SUM(Y64:Y69) -> 98.934093 | Z105: =SUM(Z64:Z69) -> 100 | AA105: =SUM(AA64:AA69) -> 99.280623 | AB105: =SUM(AB64:AB69) -> 99.299058 | AC105: =SUM(AC64:AC69) -> 60.138714 | AD105: =SUM(AD64:AD69) -> 69.161685 | AE105: =SUM(AE64:AE69) -> 61.181495 | ... AL105: =SUM(AL64:AL69) -> 69.895703
B106: =L49 -> wheat distillers grain, dry | I106: =I$82*$W49 -> 4.3324982 | K106: =K$82*$U49 -> 109.41653 | M106: =M$82*$W49 -> 3.279314 | N106: =N$82*$W49 -> 3.1874932 | O106: =O$82*$W49 -> 4.1967283 | P106: =P$82*$W49 -> 8.5661534 | Q106: =Q$82*$U49 -> 172.92034 | R106: =R$82*$U49 -> 5.6779221 | W106: Grazing share (% of roughage): | X106: =X69/X105*100 -> 58.554014 | Y106: =Y69/Y105*100 -> 50.591743 | Z106: =Z69/Z105*100 -> 100 | AA106: =AA69/AA105*100 -> 30.646317 | AB106: =AB69/AB105*100 -> 30.495842 | AC106: =AC69/AC105*100 -> 0 | AD106: =AD69/AD105*100 -> 0 | AE106: =AE69/AE105*100 -> 10.800573 | AF106: =AF69/AF105*100 -> 50.591743 | AH106: =AH69/AH105*100 -> 40.57824 | AI106: =AI69/AI105*100 -> 41.235797 | AJ106: =AJ69/AJ105*100 -> 0 | AK106: =AK69/AK105*100 -> 10.9494 | AL106: =AL69/AL105*100 -> 0
B107: =L50 -> barley brewers grain | I107: =I$82*$W50 -> 0 | K107: =K$82*$U50 -> 0 | M107: =M$82*$W50 -> 0 | N107: =N$82*$W50 -> 0 | O107: =O$82*$W50 -> 0 | P107: =P$82*$W50 -> 0 | Q107: =Q$82*$U50 -> 0 | R107: =R$82*$U50 -> 0
...

Sheet G&D slakt
A1: Djur | B1: Ras | C1: År | D1: Antal djur | E1: Slaktvikt (kg) | F1: Fettgrupp | G1: Formklass | H1: Ålder (månader) | I1: Slaktvikt*Antal | J1: Ålder*Antal
A2: ko | B2: 01 SRB | C2: 2016 | D2: 30638 | E2: 302.7 | F2: 7.7 | G2: 4 | H2: 68.6 | I2: =D2*E2 -> 9274122.6 | J2: =D2*H2 -> 2101766.8
A3: ko | B3: 01 SRB | C3: 2017 | D3: 26251 | E3: 308.5 | F3: 7.8 | G3: 4.1 | H3: 68.9 | I3: =D3*E3 -> 8098433.5 | J3: =D3*H3 -> 1808693.9
A4: ko | B4: 01 SRB | C4: 2018 | D4: 26489 | E4: 306.2 | F4: 7.5 | G4: 4 | H4: 69.3 | I4: =D4*E4 -> 8110931.8 | J4: =D4*H4 -> 1835687.7
A5: ko | B5: 01 SRB | C5: 2019 | D5: 25859 | E5: 310.4 | F5: 7.6 | G5: 4.1 | H5: 70.1 | I5: =D5*E5 -> 8026633.6 | J5: =D5*H5 -> 1812715.9
A6: ko | B6: 01 SRB | C6: 2020 | D6: 23718 | E6: 311.7 | F6: 7.4 | G6: 4 | H6: 71.6 | I6: =D6*E6 -> 7392900.6 | J6: =D6*H6 -> 1698208.8
A7: ko | B7: 01 SRB | C7: 2021 | D7: 21589 | E7: 313.4 | F7: 7.3 | G7: 4 | H7: 72.9 | I7: =D7*E7 -> 6765992.6 | J7: =D7*H7 -> 1573838.1
A8: ko | B8: 02 SLB | C8: 2016 | D8: 41922 | E8: 310.8 | F8: 7 | G8: 3.4 | H8: 69.2 | I8: =D8*E8 -> 13029358 | J8: =D8*H8 -> 2901002.4
A9: ko | B9: 02 SLB | C9: 2017 | D9: 38032 | E9: 316.9 | F9: 7.2 | G9: 3.5 | H9: 68.9 | I9: =D9*E9 -> 12052341 | J9: =D9*H9 -> 2620404.8
A10: ko | B10: 02 SLB | C10: 2018 | D10: 40654 | E10: 317 | F10: 7 | G10: 3.4 | H10: 69.4 | I10: =D10*E10 -> 12887318 | J10: =D10*H10 -> 2821387.6
A11: ko | B11: 02 SLB | C11: 2019 | D11: 40784 | E11: 321.4 | F11: 7.1 | G11: 3.5 | H11: 70.2 | I11: =D11*E11 -> 13107978 | J11: =D11*H11 -> 2863036.8
A12: ko | B12: 02 SLB | C12: 2020 | D12: 40218 | E12: 322.6 | F12: 7 | G12: 3.4 | H12: 71.6 | I12: =D12*E12 -> 12974327 | J12: =D12*H12 -> 2879608.8
A13: ko | B13: 02 SLB | C13: 2021 | D13: 38776 | E13: 324.9 | F13: 6.9 | G13: 3.4 | H13: 73.2 | I13: =D13*E13 -> 12598322 | J13: =D13*H13 -> 2838403.2
... A421: mellankalv | B421: 99 Korsning/övriga raser | C421: 2021 | D421: 1961 | E421: 164.3 | F421: 5.6 | G421: 5.5 | H421: 14.1 | I421: =D421*E421 -> 322192.3 | J421: =D421*H421 -> 27650.1

Sheet G&D slakt (ny)
A1: Djur | B1: Ras | C1: År | D1: Antal djur | E1: Slaktvikt (kg) | F1: Fettgrupp | G1: Formklass | H1: Ålder (månader) | I1: Slaktvikt*Antal | J1: Ålder*Antal
A2: ko | B2: 01 SRB | C2: 2019 | D2: 25859 | E2: 310.4 | F2: 7.6 | G2: 4.1 | H2: 70.1 | I2: =D2*E2 -> 8026633.6 | J2: =D2*H2 -> 1812715.9
A3: ko | B3: 02 SLB | C3: 2019 | D3: 40784 | E3: 321.4 | F3: 7.1 | G3: 3.5 | H3: 70.2 | I3: =D3*E3 -> 13107978 | J3: =D3*H3 -> 2863036.8
A4: ko | B4: 08 Hereford | C4: 2019 | D4: 4427 | E4: 348.6 | F4: 9.9 | G4: 5.8 | H4: 91.1 | I4: =D4*E4 -> 1543252.2 | J4: =D4*H4 -> 403299.7
A5: ko | B5: 09 Charolais | C5: 2019 | D5: 3426 | E5: 387.3 | F5: 8.1 | G5: 6.9 | H5: 94.6 | I5: =D5*E5 -> 1326889.8 | J5: =D5*H5 -> 324099.6
A6: ko | B6: 11 Aberdeen Angus | C6: 2019 | D6: 1352 | E6: 348.2 | F6: 10.1 | G6: 6.1 | H6: 87.3 | I6: =D6*E6 -> 470766.4 | J6: =D6*H6 -> 118029.6
A7: ko | B7: 12 Limousin | C7: 2019 | D7: 507 | E7: 365.3 | F7: 7.9 | G7: 7.7 | H7: 92.1 | I7: =D7*E7 -> 185207.1 | J7: =D7*H7 -> 46694.7
A8: ko | B8: 14 Simmental | C8: 2019 | D8: 2584 | E8: 359.2 | F8: 7.5 | G8: 6.3 | H8: 87.9 | I8: =D8*E8 -> 928172.8 | J8: =D8*H8 -> 227133.6
A9: ko | B9: 16 Highland Cattle | C9: 2019 | D9: 408 | E9: 224.2 | F9: 7.3 | G9: 4.3 | H9: 105.8 | I9: =D9*E9 -> 91473.6 | J9: =D9*H9 -> 43166.4
A10: ko | B10: 18 Blonde D´Aquitaine | C10: 2019 | D10: 162 | E10: 402.6 | F10: 7.1 | G10: 7.7 | H10: 105.8 | I10: =D10*E10 -> 65221.2 | J10: =D10*H10 -> 17139.6
A11: ko | B11: 99 Korsning/övriga raser | C11: 2019 | D11: 21397 | E11: 338.8 | F11: 8.2 | G11: 5.5 | H11: 86.2 | I11: =D11*E11 -> 7249303.6 | J11: =D11*H11 -> 1844421.4
A12: kviga | B12: 01 SRB | C12: 2019 | D12: 5421 | E12: 297.5 | F12: 8.3 | G12: 5.1 | H12: 33.8 | I12: =D12*E12 -> 1612747.5 | J12: =D12*H12 -> 183229.8
A13: kviga | B13: 02 SLB | C13: 2019 | D13: 8276 | E13: 299.8 | F13: 8.1 | G13: 4.4 | H13: 34.4 | I13: =D13*E13 -> 2481144.8 | J13: =D13*H13 -> 284694.4
... A61: yngre tjur | B61: 99 Korsning/övriga raser | C61: 2019 | D61: 6424 | E61: 361.6 | F61: 5.8 | G61: 6.7 | H61: 29.6 | I61: =D61*E61 -> 2322918.4 | J61: =D61*H61 -> 190150.4
A62: tjur | B62: 01 SRB | C62: 2019
A63: tjur | B63: 02 SLB | C63: 2019
A64: tjur | B64: 08 Hereford | C64: 2019
A65: tjur | B65: 09 Charolais | C65: 2019
A66: tjur | B66: 11 Aberdeen Angus | C66: 2019
A67: tjur | B67: 12 Limousin | C67: 2019
A68: tjur | B68: 14 Simmental | C68: 2019
A69: tjur | B69: 16 Highland Cattle | C69: 2019
A70: tjur | B70: 18 Blonde D´Aquitaine | C70: 2019
A71: tjur | B71: 99 Korsning/övriga raser | C71: 2019
A72: mellankalv | B72: 01 SRB | C72: 2019 | D72: 2526 | E72: 169.6 | F72: 5.5 | G72: 4.9 | H72: 11.2 | I72: =D72*E72 -> 428409.6 | J72: =D72*H72 -> 28291.2
A73: mellankalv | B73: 02 SLB | C73: 2019 | D73: 7329 | E73: 169.1 | F73: 5 | G73: 4.4 | H73: 12.5 | I73: =D73*E73 -> 1239333.9 | J73: =D73*H73 -> 91612.5
A74: mellankalv | B74: 08 Hereford | C74: 2019 | D74: 411 | E74: 158.8 | F74: 6.2 | G74: 5.4 | H74: 9.5 | I74: =D74*E74 -> 65266.8 | J74: =D74*H74 -> 3904.5
A75: mellankalv | B75: 09 Charolais | C75: 2019 | D75: 109 | E75: 169.1 | F75: 5.8 | G75: 6.3 | H75: 11 | I75: =D75*E75 -> 18431.9 | J75: =D75*H75 -> 1199
A76: mellankalv | B76: 11 Aberdeen Angus | C76: 2019 | D76: 281 | E76: 134.9 | F76: 5.5 | G76: 5.7 | H76: 12.7 | I76: =D76*E76 -> 37906.9 | J76: =D76*H76 -> 3568.7
A77: mellankalv | B77: 12 Limousin | C77: 2019 | D77: 69 | E77: 163 | F77: 4.9 | G77: 8 | H77: 11.1 | I77: =D77*E77 -> 11247 | J77: =D77*H77 -> 765.9
A78: mellankalv | B78: 14 Simmental | C78: 2019 | D78: 136 | E78: 160.6 | F78: 4.7 | G78: 5.4 | H78: 9.5 | I78: =D78*E78 -> 21841.6 | J78: =D78*H78 -> 1292
A79: mellankalv | B79: 16 Highland Cattle | C79: 2019 | D79: 76 | E79: 95.3 | F79: 4.4 | G79: 3.8 | H79: 11 | I79: =D79*E79 -> 7242.8 | J79: =D79*H79 -> 836
A80: mellankalv | B80: 18 Blonde D´Aquitaine | C80: 2019 | D80: 36 | E80: 210 | F80: 4.3 | G80: 9.9 | H80: 8 | I80: =D80*E80 -> 7560 | J80: =D80*H80 -> 288
A81: mellankalv | B81: 99 Korsning/övriga raser | C81: 2019 | D81: 2754 | E81: 157.3 | F81: 5.5 | G81: 5.4 | H81: 10.8 | I81: =D81*E81 -> 433204.2 | J81: =D81*H81 -> 29743.2
A82: ko | B82: 11 Aberdeen Angus | C82: 2020 | D82: 1392 | E82: 348.4 | F82: 9.8 | G82: 6 | H82: 84.7 | I82: =D82*E82 -> 484972.8 | J82: =D82*H82 -> 117902.4
A83: ko | B83: 18 Blonde D´Aquitaine | C83: 2020 | D83: 127 | E83: 405.9 | F83: 6.7 | G83: 7.8 | H83: 107.8 | I83: =D83*E83 -> 51549.3 | J83: =D83*H83 -> 13690.6
... A241: mellankalv | B241: 01 SRB | C241: 2021 | D241: 2294 | E241: 171.7 | F241: 5.5 | G241: 5.1 | H241: 9.7 | I241: =D241*E241 -> 393879.8 | J241: =D241*H241 -> 22251.8

Sheet G&D sammanställning
A2: Medel 2016-2020
B3: Slaktvikt (kg) | H3: Ålder (mån) | N3: Antal | T3: Andel av slaktade ungdjur (%)
B4: Mjölkras | C4: Köttras | D4: Korsning/övriga raser | E4: Kött+korsn./övr. | F4: Totalt | H4: Mjölkras | I4: Köttras | J4: Korsning/övriga raser | K4: Kött+korsn./övr. | L4: Totalt | N4: Mjölkras | O4: Köttras | P4: Korsning/övriga raser | Q4: Kött+korsn./övr. | R4: Totalt | T4: Mjölkras | U4: Köttras | V4: Korsning/övriga raser | W4: Kött+korsn./övr. | X4: Totalt
A5: Ko, tot | B5: =GETPIVOTDATA("Sum of Slaktvikt*Antal",'G&D sammanställning'!$B$21,"Djur2",$A5,"Ras2",B$4)/GETPIVOTDATA("Sum of Antal djur",'G&D sammanställning'!$B$21,"Djur2",$A5,"Ras2",B$4) -> 311.47282 | C5: =GETPIVOTDATA("Sum of Slaktvikt*Antal",'G&D sammanställning'!$B$21,"Djur2",$A5,"Ras2",C$4)/GETPIVOTDATA("Sum of Antal djur",'G&D sammanställning'!$B$21,"Djur2",$A5,"Ras2",C$4) -> 352.69439 | D5: =GETPIVOTDATA("Sum of Slaktvikt*Antal",'G&D sammanställning'!$B$21,"Djur2",$A5,"Ras2",D$4)/GETPIVOTDATA("Sum of Antal djur",'G&D sammanställning'!$B$21,"Djur2",$A5,"Ras2",D$4) -> 333.97561 | E5: =(C5*$O5+D5*$P5)/SUM($O5,$P5) -> 340.75348 | F5: =(B5*$N5+C5*$O5+D5*$P5)/SUM($N5:$P5) -> 321.58946 | H5: =GETPIVOTDATA("Sum of Ålder*Antal",'G&D sammanställning'!$B$21,"Djur2",$A5,"Ras2",H$4)/GETPIVOTDATA("Sum of Antal djur",'G&D sammanställning'!$B$21,"Djur2",$A5,"Ras2",H$4) -> 61.987433 | I5: =GETPIVOTDATA("Sum of Ålder*Antal",'G&D sammanställning'!$B$21,"Djur2",$A5,"Ras2",I$4)/GETPIVOTDATA("Sum of Antal djur",'G&D sammanställning'!$B$21,"Djur2",$A5,"Ras2",I$4) -> 78.744656 | J5: =GETPIVOTDATA("Sum of Ålder*Antal",'G&D sammanställning'!$B$21,"Djur2",$A5,"Ras2",J$4)/GETPIVOTDATA("Sum of Antal djur",'G&D sammanställning'!$B$21,"Djur2",$A5,"Ras2",J$4) -> 72.938268 | K5: =(I5*$O5+J5*$P5)/SUM($O5,$P5) -> 75.040699 | L5: =(H5*$N5+I5*$O5+J5*$P5)/SUM($N5:$P5) -> 66.497411 | N5: =GETPIVOTDATA("Sum of Antal djur",'G&D sammanställning'!$B$21,"Djur2",$A5,"Ras2",N$4)/5 -> 51163 | O5: =GETPIVOTDATA("Sum of Antal djur",'G&D sammanställning'!$B$21,"Djur2",$A5,"Ras2",O$4)/5 -> 9779.6 | P5: =GETPIVOTDATA("Sum of Antal djur",'G&D sammanställning'!$B$21,"Djur2",$A5,"Ras2",P$4)/5 -> 17229.2 | Q5: =SUM(O5,P5) -> 27008.8 | R5: =SUM(N5,O5,P5) -> 78171.8
A6: ko | B6: =GETPIVOTDATA("Sum of Slaktvikt*Antal",'G&D sammanställning'!$B$21,"Djur",$A6,"Ras2",B$4)/GETPIVOTDATA("Sum of Antal djur",'G&D sammanställning'!$B$21,"Djur",$A6,"Ras2",B$4) -> 318.90839 | C6: =GETPIVOTDATA("Sum of Slaktvikt*Antal",'G&D sammanställning'!$B$21,"Djur",$A6,"Ras2",C$4)/GETPIVOTDATA("Sum of Antal djur",'G&D sammanställning'!$B$21,"Djur",$A6,"Ras2",C$4) -> 363.27389 | D6: =GETPIVOTDATA("Sum of Slaktvikt*Antal",'G&D sammanställning'!$B$21,"Djur",$A6,"Ras2",D$4)/GETPIVOTDATA("Sum of Antal djur",'G&D sammanställning'!$B$21,"Djur",$A6,"Ras2",D$4) -> 343.5916 | E6: =(C6*$O6+D6*$P6)/SUM($O6,$P6) -> 350.91759 | F6: =(B6*$N6+C6*$O6+D6*$P6)/SUM($N6:$P6) -> 329.98153 | H6: =GETPIVOTDATA("Sum of Ålder*Antal",'G&D sammanställning'!$B$21,"Djur",$A6,"Ras2",H$4)/GETPIVOTDATA("Sum of Antal djur",'G&D sammanställning'!$B$21,"Djur",$A6,"Ras2",H$4) -> 69.480359 | I6: =GETPIVOTDATA("Sum of Ålder*Antal",'G&D sammanställning'!$B$21,"Djur",$A6,"Ras2",I$4)/GETPIVOTDATA("Sum of Antal djur",'G&D sammanställning'!$B$21,"Djur",$A6,"Ras2",I$4) -> 91.338348 | J6: =GETPIVOTDATA("Sum of Ålder*Antal",'G&D sammanställning'!$B$21,"Djur",$A6,"Ras2",J$4)/GETPIVOTDATA("Sum of Antal djur",'G&D sammanställning'!$B$21,"Djur",$A6,"Ras2",J$4) -> 85.930077 | K6: =(I6*$O6+J6*$P6)/SUM($O6,$P6) -> 87.943101 | L6: =(H6*$N6+I6*$O6+J6*$P6)/SUM($N6:$P6) -> 75.867285 | N6: =GETPIVOTDATA("Sum of Antal djur",'G&D sammanställning'!$B$21,"Djur",$A6,"Ras2",N$4)/5 -> 38149.2 | O6: =GETPIVOTDATA("Sum of Antal djur",'G&D sammanställning'!$B$21,"Djur",$A6,"Ras2",O$4)/5 -> 7510.2 | P6: =GETPIVOTDATA("Sum of Antal djur",'G&D sammanställning'!$B$21,"Djur",$A6,"Ras2",P$4)/5 -> 12667 | Q6: =SUM(O6,P6) -> 20177.2 | R6: =SUM(N6,O6,P6) -> 58326.4
A7: ungko | B7: =GETPIVOTDATA("Sum of Slaktvikt*Antal",'G&D sammanställning'!$B$21,"Djur",$A7,"Ras2",B$4)/GETPIVOTDATA("Sum of Antal djur",'G&D sammanställning'!$B$21,"Djur",$A7,"Ras2",B$4) -> 289.67587 | C7: =GETPIVOTDATA("Sum of Slaktvikt*Antal",'G&D sammanställning'!$B$21,"Djur",$A7,"Ras2",C$4)/GETPIVOTDATA("Sum of Antal djur",'G&D sammanställning'!$B$21,"Djur",$A7,"Ras2",C$4) -> 317.68332 | D7: =GETPIVOTDATA("Sum of Slaktvikt*Antal",'G&D sammanställning'!$B$21,"Djur",$A7,"Ras2",D$4)/GETPIVOTDATA("Sum of Antal djur",'G&D sammanställning'!$B$21,"Djur",$A7,"Ras2",D$4) -> 307.27671 | E7: =(C7*$O7+D7*$P7)/SUM($O7,$P7) -> 310.7337 | F7: =(B7*$N7+C7*$O7+D7*$P7)/SUM($N7:$P7) -> 296.92484 | H7: =GETPIVOTDATA("Sum of Ålder*Antal",'G&D sammanställning'!$B$21,"Djur",$A7,"Ras2",H$4)/GETPIVOTDATA("Sum of Antal djur",'G&D sammanställning'!$B$21,"Djur",$A7,"Ras2",H$4) -> 40.022358 | I7: =GETPIVOTDATA("Sum of Ålder*Antal",'G&D sammanställning'!$B$21,"Djur",$A7,"Ras2",I$4)/GETPIVOTDATA("Sum of Antal djur",'G&D sammanställning'!$B$21,"Djur",$A7,"Ras2",I$4) -> 37.067939 | J7: =GETPIVOTDATA("Sum of Ålder*Antal",'G&D sammanställning'!$B$21,"Djur",$A7,"Ras2",J$4)/GETPIVOTDATA("Sum of Antal djur",'G&D sammanställning'!$B$21,"Djur",$A7,"Ras2",J$4) -> 36.866363 | K7: =(I7*$O7+J7*$P7)/SUM($O7,$P7) -> 36.933325 | L7: =(H7*$N7+I7*$O7+J7*$P7)/SUM($N7:$P7) -> 38.958986 | N7: =GETPIVOTDATA("Sum of Antal djur",'G&D sammanställning'!$B$21,"Djur",$A7,"Ras2",N$4)/5 -> 13013.8 | O7: =GETPIVOTDATA("Sum of Antal djur",'G&D sammanställning'!$B$21,"Djur",$A7,"Ras2",O$4)/5 -> 2269.4 | P7: =GETPIVOTDATA("Sum of Antal djur",'G&D sammanställning'!$B$21,"Djur",$A7,"Ras2",P$4)/5 -> 4562.2 | Q7: =SUM(O7,P7) -> 6831.6 | R7: =SUM(N7,O7,P7) -> 19845.4
A8: kviga | B8: =GETPIVOTDATA("Sum of Slaktvikt*Antal",'G&D sammanställning'!$B$21,"Djur",$A8,"Ras2",B$4)/GETPIVOTDATA("Sum of Antal djur",'G&D sammanställning'!$B$21,"Djur",$A8,"Ras2",B$4) -> 300.08773 | C8: =GETPIVOTDATA("Sum of Slaktvikt*Antal",'G&D sammanställning'!$B$21,"Djur",$A8,"Ras2",C$4)/GETPIVOTDATA("Sum of Antal djur",'G&D sammanställning'!$B$21,"Djur",$A8,"Ras2",C$4) -> 309.18813 | D8: =GETPIVOTDATA("Sum of Slaktvikt*Antal",'G&D sammanställning'!$B$21,"Djur",$A8,"Ras2",D$4)/GETPIVOTDATA("Sum of Antal djur",'G&D sammanställning'!$B$21,"Djur",$A8,"Ras2",D$4) -> 311.10278 | E8: =(C8*$O8+D8*$P8)/SUM($O8,$P8) -> 310.43926 | F8: =(B8*$N8+C8*$O8+D8*$P8)/SUM($N8:$P8) -> 308.14341 | H8: =GETPIVOTDATA("Sum of Ålder*Antal",'G&D sammanställning'!$B$21,"Djur",$A8,"Ras2",H$4)/GETPIVOTDATA("Sum of Antal djur",'G&D sammanställning'!$B$21,"Djur",$A8,"Ras2",H$4) -> 30.188105 | I8: =GETPIVOTDATA("Sum of Ålder*Antal",'G&D sammanställning'!$B$21,"Djur",$A8,"Ras2",I$4)/GETPIVOTDATA("Sum of Antal djur",'G&D sammanställning'!$B$21,"Djur",$A8,"Ras2",I$4) -> 25.943964 | J8: =GETPIVOTDATA("Sum of Ålder*Antal",'G&D sammanställning'!$B$21,"Djur",$A8,"Ras2",J$4)/GETPIVOTDATA("Sum of Antal djur",'G&D sammanställning'!$B$21,"Djur",$A8,"Ras2",J$4) -> 26.070655 | K8: =(I8*$O8+J8*$P8)/SUM($O8,$P8) -> 26.02675 | L8: =(H8*$N8+I8*$O8+J8*$P8)/SUM($N8:$P8) -> 26.949692 | N8: =GETPIVOTDATA("Sum of Antal djur",'G&D sammanställning'!$B$21,"Djur",$A8,"Ras2",N$4)/5 -> 8196.6 | O8: =GETPIVOTDATA("Sum of Antal djur",'G&D sammanställning'!$B$21,"Djur",$A8,"Ras2",O$4)/5 -> 9966.8 | P8: =GETPIVOTDATA("Sum of Antal djur",'G&D sammanställning'!$B$21,"Djur",$A8,"Ras2",P$4)/5 -> 18793.4 | Q8: =SUM(O8,P8) -> 28760.2 | R8: =SUM(N8,O8,P8) -> 36956.8 | T8: =N8/SUM(N$8:N$10,N$14)*100 -> 11.454228 | U8: =O8/SUM(O$8:O$10,O$14)*100 -> 31.202414 | V8: =P8/SUM(P$8:P$10,P$14)*100 -> 31.077546 | W8: =Q8/SUM(Q$8:Q$10,Q$14)*100 -> 31.120706 | X8: =R8/SUM(R$8:R$10,R$14)*100 -> 22.538125
A9: stut | B9: =GETPIVOTDATA("Sum of Slaktvikt*Antal",'G&D sammanställning'!$B$21,"Djur",$A9,"Ras2",B$4)/GETPIVOTDATA("Sum of Antal djur",'G&D sammanställning'!$B$21,"Djur",$A9,"Ras2",B$4) -> 328.06057 | C9: =GETPIVOTDATA("Sum of Slaktvikt*Antal",'G&D sammanställning'!$B$21,"Djur",$A9,"Ras2",C$4)/GETPIVOTDATA("Sum of Antal djur",'G&D sammanställning'!$B$21,"Djur",$A9,"Ras2",C$4) -> 332.89401 | D9: =GETPIVOTDATA("Sum of Slaktvikt*Antal",'G&D sammanställning'!$B$21,"Djur",$A9,"Ras2",D$4)/GETPIVOTDATA("Sum of Antal djur",'G&D sammanställning'!$B$21,"Djur",$A9,"Ras2",D$4) -> 337.21851 | E9: =(C9*$O9+D9*$P9)/SUM($O9,$P9) -> 335.97589 | F9: =(B9*$N9+C9*$O9+D9*$P9)/SUM($N9:$P9) -> 331.12543 | H9: =GETPIVOTDATA("Sum of Ålder*Antal",'G&D sammanställning'!$B$21,"Djur",$A9,"Ras2",H$4)/GETPIVOTDATA("Sum of Antal djur",'G&D sammanställning'!$B$21,"Djur",$A9,"Ras2",H$4) -> 29.050688 | I9: =GETPIVOTDATA("Sum of Ålder*Antal",'G&D sammanställning'!$B$21,"Djur",$A9,"Ras2",I$4)/GETPIVOTDATA("Sum of Antal djur",'G&D sammanställning'!$B$21,"Djur",$A9,"Ras2",I$4) -> 27.273573 | J9: =GETPIVOTDATA("Sum of Ålder*Antal",'G&D sammanställning'!$B$21,"Djur",$A9,"Ras2",J$4)/GETPIVOTDATA("Sum of Antal djur",'G&D sammanställning'!$B$21,"Djur",$A9,"Ras2",J$4) -> 27.672725 | K9: =(I9*$O9+J9*$P9)/SUM($O9,$P9) -> 27.558031 | L9: =(H9*$N9+I9*$O9+J9*$P9)/SUM($N9:$P9) -> 28.472721 | N9: =GETPIVOTDATA("Sum of Antal djur",'G&D sammanställning'!$B$21,"Djur",$A9,"Ras2",N$4)/5 -> 11446 | O9: =GETPIVOTDATA("Sum of Antal djur",'G&D sammanställning'!$B$21,"Djur",$A9,"Ras2",O$4)/5 -> 2078.2 | P9: =GETPIVOTDATA("Sum of Antal djur",'G&D sammanställning'!$B$21,"Djur",$A9,"Ras2",P$4)/5 -> 5154.2 | Q9: =SUM(O9,P9) -> 7232.4 | R9: =SUM(N9,O9,P9) -> 18678.4 | T9: =N9/SUM(N$8:N$10,N$14)*100 -> 15.995059 | U9: =O9/SUM(O$8:O$10,O$14)*100 -> 6.506086 | V9: =P9/SUM(P$8:P$10,P$14)*100 -> 8.5231989 | W9: =Q9/SUM(Q$8:Q$10,Q$14)*100 -> 7.8260023 | X9: =R9/SUM(R$8:R$10,R$14)*100 -> 11.391033
A10: tjur, tot | B10: =GETPIVOTDATA("Sum of Slaktvikt*Antal",'G&D sammanställning'!$B$21,"Djur2",$A10,"Ras2",B$4)/GETPIVOTDATA("Sum of Antal djur",'G&D sammanställning'!$B$21,"Djur2",$A10,"Ras2",B$4) -> 328.174 | C10: =GETPIVOTDATA("Sum of Slaktvikt*Antal",'G&D sammanställning'!$B$21,"Djur2",$A10,"Ras2",C$4)/GETPIVOTDATA("Sum of Antal djur",'G&D sammanställning'!$B$21,"Djur2",$A10,"Ras2",C$4) -> 360.78224 | D10: =GETPIVOTDATA("Sum of Slaktvikt*Antal",'G&D sammanställning'!$B$21,"Djur2",$A10,"Ras2",D$4)/GETPIVOTDATA("Sum of Antal djur",'G&D sammanställning'!$B$21,"Djur2",$A10,"Ras2",D$4) -> 358.75871 | E10: =(C10*$O10+D10*$P10)/SUM($O10,$P10) -> 359.47634 | F10: =(B10*$N10+C10*$O10+D10*$P10)/SUM($N10:$P10) -> 345.062 | H10: =GETPIVOTDATA("Sum of Ålder*Antal",'G&D sammanställning'!$B$21,"Djur2",$A10,"Ras2",H$4)/GETPIVOTDATA("Sum of Antal djur",'G&D sammanställning'!$B$21,"Djur2",$A10,"Ras2",H$4) -> 21.274162 | I10: =GETPIVOTDATA("Sum of Ålder*Antal",'G&D sammanställning'!$B$21,"Djur2",$A10,"Ras2",I$4)/GETPIVOTDATA("Sum of Antal djur",'G&D sammanställning'!$B$21,"Djur2",$A10,"Ras2",I$4) -> 19.408368 | J10: =GETPIVOTDATA("Sum of Ålder*Antal",'G&D sammanställning'!$B$21,"Djur2",$A10,"Ras2",J$4)/GETPIVOTDATA("Sum of Antal djur",'G&D sammanställning'!$B$21,"Djur2",$A10,"Ras2",J$4) -> 19.153458 | K10: =(I10*$O10+J10*$P10)/SUM($O10,$P10) -> 19.24386 | L10: =(H10*$N10+I10*$O10+J10*$P10)/SUM($N10:$P10) -> 20.178789 | N10: =GETPIVOTDATA("Sum of Antal djur",'G&D sammanställning'!$B$21,"Djur2",$A10,"Ras2",N$4)/5 -> 46440 | O10: =GETPIVOTDATA("Sum of Antal djur",'G&D sammanställning'!$B$21,"Djur2",$A10,"Ras2",O$4)/5 -> 19296 | P10: =GETPIVOTDATA("Sum of Antal djur",'G&D sammanställning'!$B$21,"Djur2",$A10,"Ras2",P$4)/5 -> 35113.6 | Q10: =SUM(O10,P10) -> 54409.6 | R10: =SUM(N10,O10,P10) -> 100849.6 | T10: =N10/SUM(N$8:N$10,N$14)*100 -> 64.896953 | U10: =O10/SUM(O$8:O$10,O$14)*100 -> 60.408736 | V10: =P10/SUM(P$8:P$10,P$14)*100 -> 58.065306 | W10: =Q10/SUM(Q$8:Q$10,Q$14)*100 -> 58.875291 | X10: =R10/SUM(R$8:R$10,R$14)*100 -> 61.503184
A11: ungtjur | B11: =GETPIVOTDATA("Sum of Slaktvikt*Antal",'G&D sammanställning'!$B$21,"Djur",$A11,"Ras2",B$4)/GETPIVOTDATA("Sum of Antal djur",'G&D sammanställning'!$B$21,"Djur",$A11,"Ras2",B$4) -> 324.47747 | C11: =GETPIVOTDATA("Sum of Slaktvikt*Antal",'G&D sammanställning'!$B$21,"Djur",$A11,"Ras2",C$4)/GETPIVOTDATA("Sum of Antal djur",'G&D sammanställning'!$B$21,"Djur",$A11,"Ras2",C$4) -> 358.65829 | D11: =GETPIVOTDATA("Sum of Slaktvikt*Antal",'G&D sammanställning'!$B$21,"Djur",$A11,"Ras2",D$4)/GETPIVOTDATA("Sum of Antal djur",'G&D sammanställning'!$B$21,"Djur",$A11,"Ras2",D$4) -> 358.24003 | E11: =(C11*$O11+D11*$P11)/SUM($O11,$P11) -> 358.38838 | F11: =(B11*$N11+C11*$O11+D11*$P11)/SUM($N11:$P11) -> 342.95455 | H11: =GETPIVOTDATA("Sum of Ålder*Antal",'G&D sammanställning'!$B$21,"Djur",$A11,"Ras2",H$4)/GETPIVOTDATA("Sum of Antal djur",'G&D sammanställning'!$B$21,"Djur",$A11,"Ras2",H$4) -> 20.1989 | I11: =GETPIVOTDATA("Sum of Ålder*Antal",'G&D sammanställning'!$B$21,"Djur",$A11,"Ras2",I$4)/GETPIVOTDATA("Sum of Antal djur",'G&D sammanställning'!$B$21,"Djur",$A11,"Ras2",I$4) -> 18.079118 | J11: =GETPIVOTDATA("Sum of Ålder*Antal",'G&D sammanställning'!$B$21,"Djur",$A11,"Ras2",J$4)/GETPIVOTDATA("Sum of Antal djur",'G&D sammanställning'!$B$21,"Djur",$A11,"Ras2",J$4) -> 17.905968 | K11: =(I11*$O11+J11*$P11)/SUM($O11,$P11) -> 17.967381 | L11: =(H11*$N11+I11*$O11+J11*$P11)/SUM($N11:$P11) -> 18.98301 | N11: =GETPIVOTDATA("Sum of Antal djur",'G&D sammanställning'!$B$21,"Djur",$A11,"Ras2",N$4)/5 -> 40499 | O11: =GETPIVOTDATA("Sum of Antal djur",'G&D sammanställning'!$B$21,"Djur",$A11,"Ras2",O$4)/5 -> 17196.6 | P11: =GETPIVOTDATA("Sum of Antal djur",'G&D sammanställning'!$B$21,"Djur",$A11,"Ras2",P$4)/5 -> 31288 | Q11: =SUM(O11,P11) -> 48484.6 | R11: =SUM(N11,O11,P11) -> 88983.6 | T11: =N11/SUM(N$8:N$10,N$14)*100 -> 56.594783 | U11: =O11/SUM(O$8:O$10,O$14)*100 -> 53.83628 | V11: =P11/SUM(P$8:P$10,P$14)*100 -> 51.739135 | W11: =Q11/SUM(Q$8:Q$10,Q$14)*100 -> 52.463994 | X11: =R11/SUM(R$8:R$10,R$14)*100 -> 54.266697
A12: yngre tjur | B12: =GETPIVOTDATA("Sum of Slaktvikt*Antal",'G&D sammanställning'!$B$21,"Djur",$A12,"Ras2",B$4)/GETPIVOTDATA("Sum of Antal djur",'G&D sammanställning'!$B$21,"Djur",$A12,"Ras2",B$4) -> 353.37274 | C12: =GETPIVOTDATA("Sum of Slaktvikt*Antal",'G&D sammanställning'!$B$21,"Djur",$A12,"Ras2",C$4)/GETPIVOTDATA("Sum of Antal djur",'G&D sammanställning'!$B$21,"Djur",$A12,"Ras2",C$4) -> 378.17993 | D12: =GETPIVOTDATA("Sum of Slaktvikt*Antal",'G&D sammanställning'!$B$21,"Djur",$A12,"Ras2",D$4)/GETPIVOTDATA("Sum of Antal djur",'G&D sammanställning'!$B$21,"Djur",$A12,"Ras2",D$4) -> 363.00074 | E12: =(C12*$O12+D12*$P12)/SUM($O12,$P12) -> 368.37917 | F12: =(B12*$N12+C12*$O12+D12*$P12)/SUM($N12:$P12) -> 360.86584 | H12: =GETPIVOTDATA("Sum of Ålder*Antal",'G&D sammanställning'!$B$21,"Djur",$A12,"Ras2",H$4)/GETPIVOTDATA("Sum of Antal djur",'G&D sammanställning'!$B$21,"Djur",$A12,"Ras2",H$4) -> 28.604077 | I12: =GETPIVOTDATA("Sum of Ålder*Antal",'G&D sammanställning'!$B$21,"Djur",$A12,"Ras2",I$4)/GETPIVOTDATA("Sum of Antal djur",'G&D sammanställning'!$B$21,"Djur",$A12,"Ras2",I$4) -> 30.296513 | J12: =GETPIVOTDATA("Sum of Ålder*Antal",'G&D sammanställning'!$B$21,"Djur",$A12,"Ras2",J$4)/GETPIVOTDATA("Sum of Antal djur",'G&D sammanställning'!$B$21,"Djur",$A12,"Ras2",J$4) -> 29.356164 | K12: =(I12*$O12+J12*$P12)/SUM($O12,$P12) -> 29.689357 | L12: =(H12*$N12+I12*$O12+J12*$P12)/SUM($N12:$P12) -> 29.145985 | N12: =GETPIVOTDATA("Sum of Antal djur",'G&D sammanställning'!$B$21,"Djur",$A12,"Ras2",N$4)/5 -> 5941 | O12: =GETPIVOTDATA("Sum of Antal djur",'G&D sammanställning'!$B$21,"Djur",$A12,"Ras2",O$4)/5 -> 2099.4 | P12: =GETPIVOTDATA("Sum of Antal djur",'G&D sammanställning'!$B$21,"Djur",$A12,"Ras2",P$4)/5 -> 3825.6 | Q12: =SUM(O12,P12) -> 5925 | R12: =SUM(N12,O12,P12) -> 11866 | T12: =N12/SUM(N$8:N$10,N$14)*100 -> 8.3021705 | U12: =O12/SUM(O$8:O$10,O$14)*100 -> 6.5724554 | V12: =P12/SUM(P$8:P$10,P$14)*100 -> 6.3261709 | W12: =Q12/SUM(Q$8:Q$10,Q$14)*100 -> 6.4112969 | X12: =R12/SUM(R$8:R$10,R$14)*100 -> 7.2364866
A13: tjur | B13: =GETPIVOTDATA("Sum of Slaktvikt*Antal",'G&D sammanställning'!$B$21,"Djur",$A13,"Ras2",B$4)/GETPIVOTDATA("Sum of Antal djur",'G&D sammanställning'!$B$21,"Djur",$A13,"Ras2",B$4) -> 431.43051 | C13: =GETPIVOTDATA("Sum of Slaktvikt*Antal",'G&D sammanställning'!$B$21,"Djur",$A13,"Ras2",C$4)/GETPIVOTDATA("Sum of Antal djur",'G&D sammanställning'!$B$21,"Djur",$A13,"Ras2",C$4) -> 544.33912 | D13: =GETPIVOTDATA("Sum of Slaktvikt*Antal",'G&D sammanställning'!$B$21,"Djur",$A13,"Ras2",D$4)/GETPIVOTDATA("Sum of Antal djur",'G&D sammanställning'!$B$21,"Djur",$A13,"Ras2",D$4) -> 462.31365 | E13: =(C13*$O13+D13*$P13)/SUM($O13,$P13) -> 522.99349 | F13: =(B13*$N13+C13*$O13+D13*$P13)/SUM($N13:$P13) -> 513.30454 | H13: =GETPIVOTDATA("Sum of Ålder*Antal",'G&D sammanställning'!$B$21,"Djur",$A13,"Ras2",H$4)/GETPIVOTDATA("Sum of Antal djur",'G&D sammanställning'!$B$21,"Djur",$A13,"Ras2",H$4) -> 41.352529 | I13: =GETPIVOTDATA("Sum of Ålder*Antal",'G&D sammanställning'!$B$21,"Djur",$A13,"Ras2",I$4)/GETPIVOTDATA("Sum of Antal djur",'G&D sammanställning'!$B$21,"Djur",$A13,"Ras2",I$4) -> 59.747599 | J13: =GETPIVOTDATA("Sum of Ålder*Antal",'G&D sammanställning'!$B$21,"Djur",$A13,"Ras2",J$4)/GETPIVOTDATA("Sum of Antal djur",'G&D sammanställning'!$B$21,"Djur",$A13,"Ras2",J$4) -> 45.687834 | K13: =(I13*$O13+J13*$P13)/SUM($O13,$P13) -> 56.088803 | L13: =(H13*$N13+I13*$O13+J13*$P13)/SUM($N13:$P13) -> 54.529449 | N13: =GETPIVOTDATA("Sum of Antal djur",'G&D sammanställning'!$B$21,"Djur",$A13,"Ras2",N$4)/5 -> 122.6 | O13: =GETPIVOTDATA("Sum of Antal djur",'G&D sammanställning'!$B$21,"Djur",$A13,"Ras2",O$4)/5 -> 766.4 | P13: =GETPIVOTDATA("Sum of Antal djur",'G&D sammanställning'!$B$21,"Djur",$A13,"Ras2",P$4)/5 -> 269.6 | Q13: =SUM(O13,P13) -> 1036 | R13: =SUM(N13,O13,P13) -> 1158.6
A14: mellankalv | B14: =GETPIVOTDATA("Sum of Slaktvikt*Antal",'G&D sammanställning'!$B$21,"Djur",$A14,"Ras2",B$4)/GETPIVOTDATA("Sum of Antal djur",'G&D sammanställning'!$B$21,"Djur",$A14,"Ras2",B$4) -> 169.22012 | C14: =GETPIVOTDATA("Sum of Slaktvikt*Antal",'G&D sammanställning'!$B$21,"Djur",$A14,"Ras2",C$4)/GETPIVOTDATA("Sum of Antal djur",'G&D sammanställning'!$B$21,"Djur",$A14,"Ras2",C$4) -> 153.74576 | D14: =GETPIVOTDATA("Sum of Slaktvikt*Antal",'G&D sammanställning'!$B$21,"Djur",$A14,"Ras2",D$4)/GETPIVOTDATA("Sum of Antal djur",'G&D sammanställning'!$B$21,"Djur",$A14,"Ras2",D$4) -> 159.7135 | E14: =(C14*$O14+D14*$P14)/SUM($O14,$P14) -> 157.93042 | F14: =(B14*$N14+C14*$O14+D14*$P14)/SUM($N14:$P14) -> 166.18614 | H14: =GETPIVOTDATA("Sum of Ålder*Antal",'G&D sammanställning'!$B$21,"Djur",$A14,"Ras2",H$4)/GETPIVOTDATA("Sum of Antal djur",'G&D sammanställning'!$B$21,"Djur",$A14,"Ras2",H$4) -> 10.328497 | I14: =GETPIVOTDATA("Sum of Ålder*Antal",'G&D sammanställning'!$B$21,"Djur",$A14,"Ras2",I$4)/GETPIVOTDATA("Sum of Antal djur",'G&D sammanställning'!$B$21,"Djur",$A14,"Ras2",I$4) -> 9.8604922 | J14: =GETPIVOTDATA("Sum of Ålder*Antal",'G&D sammanställning'!$B$21,"Djur",$A14,"Ras2",J$4)/GETPIVOTDATA("Sum of Antal djur",'G&D sammanställning'!$B$21,"Djur",$A14,"Ras2",J$4) -> 9.9182656 | K14: =(I14*$O14+J14*$P14)/SUM($O14,$P14) -> 9.9010036 | L14: =(H14*$N14+I14*$O14+J14*$P14)/SUM($N14:$P14) -> 10.213613 | N14: =GETPIVOTDATA("Sum of Antal djur",'G&D sammanställning'!$B$21,"Djur",$A14,"Ras2",N$4)/5 -> 5477 | O14: =GETPIVOTDATA("Sum of Antal djur",'G&D sammanställning'!$B$21,"Djur",$A14,"Ras2",O$4)/5 -> 601.4 | P14: =GETPIVOTDATA("Sum of Antal djur",'G&D sammanställning'!$B$21,"Djur",$A14,"Ras2",P$4)/5 -> 1411.4 | Q14: =SUM(O14,P14) -> 2012.8 | R14: =SUM(N14,O14,P14) -> 7489.8 | T14: =N14/SUM(N$8:N$10,N$14)*100 -> 7.6537599 | U14: =O14/SUM(O$8:O$10,O$14)*100 -> 1.882764 | V14: =P14/SUM(P$8:P$10,P$14)*100 -> 2.3339496 | W14: =Q14/SUM(Q$8:Q$10,Q$14)*100 -> 2.1780014 | X14: =R14/SUM(R$8:R$10,R$14)*100 -> 4.5676586
H16: =H10/H11 -> 1.0532337 | I16: =I10/I11 -> 1.073524 | J16: =J10/J11 -> 1.069669 | K16: =K10/K11 -> 1.0710442 | L16: =L10/L11 -> 1.0629921
G18: AFC | H18: 27 | I18: =(27.5+28.4+27.6+29.9+30)/5 -> 28.68 | J18: =(27.5+28.4+27.6+29.9+30)/5 -> 28.68 | K18: =(27.5+28.4+27.6+29.9+30)/5 -> 28.68
B19: År | C19: (All) | G19: time_lag | H19: 0 | I19: 7 | J19: 7 | K19: 7
G20: rec. rate | H20: =1/((H5+H19-H18)/12) -> 0.34298029 | I20: =1/((I5+I19-I18)/12) -> 0.21028778 | J20: =1/((J5+J19-J18)/12) -> 0.23410858 | K20: =1/((K5+K19-K18)/12) -> 0.22488461
B21: Row Labels | C21: Sum of Antal djur | D21: Sum of Slaktvikt*Antal | E21: Sum of Ålder*Antal
B22: Mjölkras
B23: ko, tot | C23: 255815 | D23: 79679420 | E23: 15857315
B24: ko | C24: 190746 | D24: 60830501 | E24: 13253100
B25: ungko | C25: 65069 | D25: 18848920 | E25: 2604214.8
B26: kviga | C26: 40983 | D26: 12298495 | E26: 1237199.1
B27: kviga | C27: 40983 | D27: 12298495 | E27: 1237199.1
B28: stut | C28: 57230 | D28: 18774906 | E28: 1662570.9
B29: stut | C29: 57230 | D29: 18774906 | E29: 1662570.9
B30: tjur, tot | C30: 232200 | D30: 76202002 | E30: 4939860.4
B31: ungtjur | C31: 202495 | D31: 65705065 | E31: 4090176.3
B32: yngre tjur | C32: 29705 | D32: 10496937 | E32: 849684.1
B33: mellankalv | C33: 27385 | D33: 4634092.9 | E33: 282845.9
B34: mellankalv | C34: 27385 | D34: 4634092.9 | E34: 282845.9
... B36: tjur | C36: 613 | D36: 264466.9 | E36: 25349.1
B37: Köttras
B38: ko, tot | C38: 48898 | D38: 17246050 | E38: 3850456.2
B39: ko | C39: 37551 | D39: 13641298 | E39: 3429846.3
B40: ungko | C40: 11347 | D40: 3604752.6 | E40: 420609.9
B41: kviga | C41: 49834 | D41: 15408081 | E41: 1292891.5
B42: kviga | C42: 49834 | D42: 15408081 | E42: 1292891.5
B43: stut | C43: 10391 | D43: 3459101.7 | E43: 283399.7
B44: stut | C44: 10391 | D44: 3459101.7 | E44: 283399.7
B45: tjur, tot | C45: 96480 | D45: 34808270 | E45: 1872519.3
B46: ungtjur | C46: 85983 | D46: 30838516 | E46: 1554496.8
B47: yngre tjur | C47: 10497 | D47: 3969754.7 | E47: 318022.5
B48: mellankalv | C48: 3007 | D48: 462313.5 | E48: 29650.5
B49: mellankalv | C49: 3007 | D49: 462313.5 | E49: 29650.5
... B51: tjur | C51: 3832 | D51: 2085907.5 | E51: 228952.8
B52: Korsning/övriga raser
B53: ko, tot | C53: 86146 | D53: 28770663 | E53: 6283340
B54: ko | C54: 63335 | D54: 21761374 | E54: 5442381.4
B55: ungko | C55: 22811 | D55: 7009289.1 | E55: 840958.6
B56: kviga | C56: 93967 | D56: 29233394 | E56: 2449781.2
B57: kviga | C57: 93967 | D57: 29233394 | E57: 2449781.2
B58: stut | C58: 25771 | D58: 8690458.3 | E58: 713153.8
B59: stut | C59: 25771 | D59: 8690458.3 | E59: 713153.8
B60: tjur, tot | C60: 175568 | D60: 62986548 | E60: 3362734.4
B61: ungtjur | C61: 156440 | D61: 56043070 | E61: 2801209.7
B62: yngre tjur | C62: 19128 | D62: 6943478.2 | E62: 561524.7
B63: mellankalv | C63: 7057 | D63: 1127098.2 | E63: 69993.2
B64: mellankalv | C64: 7057 | D64: 1127098.2 | E64: 69993.2
... B67: Grand Total | C67: 1216525 | D67: 3.9675447e+08 | E67: 44503601

Sheet Växa slakt
A1: Medelvärde för 2015-2019
C4: Antal djur | D4: Födelsevikt (kg) | E4: Slaktvikt (kg) | F4: Klass | G4: Fett | H4: Ålder (mån) | I4: Slakttillväxt | N4: Antal djur | P4: Slaktvikt (kg) | R4: Ålder (mån)
A5: Mjölkraser | B5: Kor | C5: =C11+C17+C23+C29+C35 -> 254237 | E5: =($C11*E11+$C17*E17+$C23*E23+$C29*E29+$C35*E35)/$C5 -> 311.62468 | F5: =($C11*F11+$C17*F17+$C23*F23+$C29*F29+$C35*F35)/$C5 -> 4.0213435 | G5: =($C11*G11+$C17*G17+$C23*G23+$C29*G29+$C35*G35)/$C5 -> 7.3071406 | H5: =($C11*H11+$C17*H17+$C23*H23+$C29*H29+$C35*H35)/$C5 -> 69.224075 | K5: Ålder kor | L5: =SUMPRODUCT(C5:C6,H5:H6)/SUM(C5:C6)/12 -> 5.0579254 | M5: år | N5: =C11+C17+C23+C29 -> 212411 | O5: =N5/C5 -> 0.83548421 | P5: =($C11*E11+$C17*E17+$C23*E23+$C29*E29)/$N5 -> 312.02336 | Q5: =P5/E5 -> 1.0012794 | R5: =($C11*H11+$C17*H17+$C23*H23+$C29*H29)/$N5 -> 69.760475 | S5: =R5/H5 -> 1.0077487
B6: Ungko | C6: =C12+C18+C24+C30+C36 -> 101572 | E6: =($C12*E12+$C18*E18+$C24*E24+$C30*E30+$C36*E36)/$C6 -> 284.07222 | F6: =($C12*F12+$C18*F18+$C24*F24+$C30*F30+$C36*F36)/$C6 -> 3.8006232 | G6: =($C12*G12+$C18*G18+$C24*G24+$C30*G30+$C36*G36)/$C6 -> 6.922076 | H6: =($C12*H12+$C18*H18+$C24*H24+$C30*H30+$C36*H36)/$C6 -> 39.346901 | K6: Rekrytering | N6: =C12+C18+C24+C30 -> 83208 | O6: =N6/C6 -> 0.81920214 | P6: =($C12*E12+$C18*E18+$C24*E24+$C30*E30)/$N6 -> 284.70612 | Q6: =P6/E6 -> 1.0022315 | R6: =($C12*H12+$C18*H18+$C24*H24+$C30*H30)/$N6 -> 39.511742 | S6: =R6/H6 -> 1.0041894
B7: Kvigor | C7: =C13+C19+C25+C31+C37 -> 42815 | E7: =($C13*E13+$C19*E19+$C25*E25+$C31*E31+$C37*E37)/$C7 -> 294.00667 | F7: =($C13*F13+$C19*F19+$C25*F25+$C31*F31+$C37*F37)/$C7 -> 4.5251851 | G7: =($C13*G13+$C19*G19+$C25*G25+$C31*G31+$C37*G37)/$C7 -> 8.326131 | H7: =($C13*H13+$C19*H19+$C25*H25+$C31*H31+$C37*H37)/$C7 -> 28.461236 | I7: =($C13*I13+$C19*I19+$C25*I25+$C31*I31+$C37*I37)/$C7 -> 316.44786 | K7: Andel stut | L7: =(C9*(I9/12))/(C9*(I9/12)+C10*(I10/12)) -> 0.22305303 | N7: =C13+C19+C25+C31 -> 34206 | O7: =N7/C7 -> 0.79892561 | P7: =($C13*E13+$C19*E19+$C25*E25+$C31*E31)/$N7 -> 294.46138 | Q7: =P7/E7 -> 1.0015466 | R7: =($C13*H13+$C19*H19+$C25*H25+$C31*H31)/$N7 -> 28.526984 | S7: =R7/H7 -> 1.0023101
B8: Mellankalv | C8: =C14+C20+C26+C32+C38 -> 8283 | E8: =($C14*E14+$C20*E20+$C26*E26+$C32*E32+$C38*E38)/$C8 -> 167.41452 | F8: =($C14*F14+$C20*F20+$C26*F26+$C32*F32+$C38*F38)/$C8 -> 4.6737414 | G8: =($C14*G14+$C20*G20+$C26*G26+$C32*G32+$C38*G38)/$C8 -> 5.3224194 | H8: =($C14*H14+$C20*H20+$C26*H26+$C32*H32+$C38*H38)/$C8 -> 9.2787154 | I8: =($C14*I14+$C20*I20+$C26*I26+$C32*I32+$C38*I38)/$C8 -> 523.08379 | N8: =C14+C20+C26+C32 -> 6929 | O8: =N8/C8 -> 0.83653266 | P8: =($C14*E14+$C20*E20+$C26*E26+$C32*E32)/$N8 -> 168.04268 | Q8: =P8/E8 -> 1.0037521 | R8: =($C14*H14+$C20*H20+$C26*H26+$C32*H32)/$N8 -> 9.3136383 | S8: =R8/H8 -> 1.0037638
B9: Stut | C9: =C15+C21+C27+C33+C39 -> 39167 | E9: =($C15*E15+$C21*E21+$C27*E27+$C33*E33+$C39*E39)/$C9 -> 323.46097 | F9: =($C15*F15+$C21*F21+$C27*F27+$C33*F33+$C39*F39)/$C9 -> 4.3642786 | G9: =($C15*G15+$C21*G21+$C27*G27+$C33*G33+$C39*G39)/$C9 -> 7.5542293 | H9: =($C15*H15+$C21*H21+$C27*H27+$C33*H33+$C39*H39)/$C9 -> 27.685238 | I9: =($C15*I15+$C21*I21+$C27*I27+$C33*I33+$C39*I39)/$C9 -> 360.49805 | N9: =C15+C21+C27+C33 -> 30466 | O9: =N9/C9 -> 0.7778487 | P9: =($C15*E15+$C21*E21+$C27*E27+$C33*E33)/$N9 -> 323.73542 | Q9: =P9/E9 -> 1.0008485 | R9: =($C15*H15+$C21*H21+$C27*H27+$C33*H33)/$N9 -> 27.681021 | S9: =R9/H9 -> 0.99984771
B10: Ungtjur | C10: =C16+C22+C28+C34+C40 -> 97422 | E10: =($C16*E16+$C22*E22+$C28*E28+$C34*E34+$C40*E40)/$C10 -> 328.44804 | F10: =($C16*F16+$C22*F22+$C28*F28+$C34*F34+$C40*F40)/$C10 -> 4.7509351 | G10: =($C16*G16+$C22*G22+$C28*G28+$C34*G34+$C40*G40)/$C10 -> 6.6520776 | H10: =($C16*H16+$C22*H22+$C28*H28+$C34*H34+$C40*H40)/$C10 -> 20.048903 | I10: =($C16*I16+$C22*I22+$C28*I28+$C34*I34+$C40*I40)/$C10 -> 504.83497 | N10: =C16+C22+C28+C34 -> 77052 | O10: =N10/C10 -> 0.79090965 | P10: =($C16*E16+$C22*E22+$C28*E28+$C34*E34)/$N10 -> 328.59293 | Q10: =P10/E10 -> 1.0004411 | R10: =($C16*H16+$C22*H22+$C28*H28+$C34*H34)/$N10 -> 20.088268 | S10: =R10/H10 -> 1.0019634
A11: SJB | B11: Kor | C11: 1433 | D11: 40 | E11: 202.3 | F11: 3.5 | G11: 6.6 | H11: 69.6
B12: Ungko | C12: 438 | D12: 40 | E12: 184.8 | F12: 2.9 | G12: 6.4 | H12: 36.4
B13: Kvigor | C13: 205 | D13: 40 | E13: 205.2 | F13: 3.7 | G13: 8 | H13: 30.3 | I13: 201
B14: Mellankalv | C14: 85 | D14: 40 | E14: 129.7 | F14: 4 | G14: 5 | H14: 10.6 | I14: 341
B15: Stut | C15: 235 | D15: 39.9 | E15: 255.3 | F15: 3.7 | G15: 7.7 | H15: 32 | I15: 242
B16: Ungtjur | C16: 168 | D16: 40 | E16: 258.9 | F16: 4.3 | G16: 6.6 | H16: 21.6 | I16: 364
A17: SKB | B17: Kor | C17: 681 | E17: 247.2 | F17: 4 | G17: 9.9 | H17: 95.3
B18: Ungko | C18: 93 | E18: 207.6 | F18: 3.5 | G18: 8.4 | H18: 35.9
B19: Kvigor | C19: 106 | E19: 212.2 | F19: 4.2 | G19: 8.9 | H19: 28.9 | I19: 219
B20: Mellankalv | C20: 164 | E20: 123.8 | F20: 4.1 | G20: 5.3 | H20: 9.3 | I20: 366
B21: Stut | C21: 224 | E21: 242 | F21: 4 | G21: 7.8 | H21: 28.4 | I21: 257
B22: Ungtjur | C22: 301 | E22: 260.5 | F22: 4.6 | G22: 6 | H22: 23.1 | I22: 343
A23: SLB (Svensk Holstein) | B23: Kor | C23: 130623 | E23: 317.3 | F23: 3.8 | G23: 7 | H23: 69.3
B24: Ungko | C24: 55981 | E24: 289.1 | F24: 3.6 | G24: 6.7 | H24: 39.5
B25: Kvigor | C25: 21744 | E25: 296.8 | F25: 4.2 | G25: 8.2 | H25: 28.3 | I25: 321
B26: Mellankalv | C26: 5050 | E26: 170.3 | F26: 4.5 | G26: 5.1 | H26: 9.2 | I26: 537
B27: Stut | C27: 18610 | E27: 326.34 | F27: 4 | G27: 7.5 | H27: 27.3 | I27: 369
B28: Ungtjur | C28: 54487 | E28: 329.1 | F28: 4.4 | G28: 6.5 | H28: 19.9 | I28: 509
A29: SRB | B29: Kor | C29: 79674 | E29: 305.9 | F29: 4.3 | G29: 7.7 | H29: 70.3
B30: Ungko | C30: 26696 | E30: 277.4 | F30: 4.1 | G30: 7.2 | H30: 39.6
B31: Kvigor | C31: 12151 | E31: 292.5 | F31: 5 | G31: 8.5 | H31: 28.9 | I31: 310
B32: Mellankalv | C32: 1630 | E32: 167.5 | F32: 5.2 | G32: 5.8 | H32: 9.6 | I32: 507
B33: Stut | C33: 11397 | E33: 322.5 | F33: 4.8 | G33: 7.6 | H33: 28.2 | I33: 353
B34: Ungtjur | C34: 22096 | E34: 328.8 | F34: 5.3 | G34: 6.9 | H34: 20.5 | I34: 494
A35: Korsning | B35: Kor | C35: 41826 | E35: 309.6 | F35: 4.2 | G35: 7.5 | H35: 66.5 | J35: =C35/C5 -> 0.16451579
B36: Ungko | C36: 18364 | E36: 281.2 | F36: 4 | G36: 7.2 | H36: 38.6 | J36: =C36/C6 -> 0.18079786
B37: Kvigor | C37: 8609 | E37: 292.2 | F37: 4.7 | G37: 8.4 | H37: 28.2 | I37: 318 | J37: =C37/C7 -> 0.20107439
B38: Mellankalv | C38: 1354 | E38: 164.2 | F38: 4.8 | G38: 5.6 | H38: 9.1 | I38: 521 | J38: =C38/C8 -> 0.16346734
B39: Stut | C39: 8701 | E39: 322.5 | F39: 4.6 | G39: 7.6 | H39: 27.7 | I39: 358 | J39: =C39/C9 -> 0.2221513
B40: Ungtjur | C40: 20370 | E40: 327.9 | F40: 5.1 | G40: 6.8 | H40: 19.9 | I40: 509 | J40: =C40/C10 -> 0.20909035 | N40: Antal djur | P40: Slaktvikt (kg) | R40: Ålder (mån)
A41: Köttraser | B41: Kor | C41: =SUM(C47,C83) -> 16927 | D41: =($C47*D47+$C83*D83)/$C41 -> 41.574888 | E41: =($C47*E47+$C83*E83)/$C41 -> 379.16193 | F41: =($C47*F47+$C83*F83)/$C41 -> 6.7577598 | G41: =($C47*G47+$C83*G83)/$C41 -> 9.0394459 | H41: =($C47*H47+$C83*H83)/$C41 -> 91.658144 | K41: Ålder kor | L41: =SUMPRODUCT(C41:C42,H41:H42)/SUM(C41:C42)/12 -> 6.4128831 | M41: år | N41: =SUM(N47,N83) -> 10586 | O41: =N41/C41 -> 0.62539139 | P41: =($N47*P47+$N83*P83)/$N41 -> 389.6567 | Q41: =P41/E41 -> 1.0276789 | R41: =($N47*R47+$N83*R83)/$N41 -> 94.044559 | S41: =R41/H41 -> 1.026036
B42: Ungko | C42: =SUM(C48,C84) -> 6074 | D42: =($C48*D48+$C84*D84)/$C42 -> 40.89093 | E42: =($C48*E48+$C84*E84)/$C42 -> 324.01011 | F42: =($C48*F48+$C84*F84)/$C42 -> 6.0869937 | G42: =($C48*G48+$C84*G84)/$C42 -> 8.278729 | H42: =($C48*H48+$C84*H84)/$C42 -> 35.978811 | K42: Rekrytering | L42: =1/(L41-'Antal djur'!#REF!/12) -> #REF! | N42: =SUM(N48,N84) -> 2473 | O42: =N42/C42 -> 0.40714521 | P42: =($N48*P48+$N84*P84)/$N42 -> 331.88791 | Q42: =P42/E42 -> 1.0243134 | R42: =($N48*R48+$N84*R84)/$N42 -> 38.378569 | S42: =R42/H42 -> 1.0666992
B43: Kvigor | C43: =SUM(C49,C85) -> 22242 | D43: =($C49*D49+$C85*D85)/$C43 -> 40.351524 | E43: =($C49*E49+$C85*E85)/$C43 -> 314.82855 | F43: =($C49*F49+$C85*F85)/$C43 -> 6.9360984 | G43: =($C49*G49+$C85*G85)/$C43 -> 9.0933639 | H43: =($C49*H49+$C85*H85)/$C43 -> 24.804527 | I43: =($C49*I49+$C85*I85)/$C43 -> 390.96952 | K43: Andel stut | L43: =(C45*(I45/12))/(C45*(I45/12)+C46*(I46/12)) -> 0.11158582 | N43: =SUM(N49,N85) -> 8319 | O43: =N43/C43 -> 0.37402212 | P43: =($N49*P49+$N85*P85)/$N43 -> 315.25748 | Q43: =P43/E43 -> 1.0013624 | R43: =($N49*R49+$N85*R85)/$N43 -> 24.42231 | S43: =R43/H43 -> 0.98459083
B44: Mellankalv | C44: =SUM(C50,C86) -> 830 | D44: =($C50*D50+$C86*D86)/$C44 -> 40.474096 | E44: =($C50*E50+$C86*E86)/$C44 -> 176.07711 | F44: =($C50*F50+$C86*F86)/$C44 -> 6.5266265 | G44: =($C50*G50+$C86*G86)/$C44 -> 6.4119277 | H44: =($C50*H50+$C86*H86)/$C44 -> 9.2815663 | I44: =($C50*I50+$C86*I86)/$C44 -> 549.44217 | N44: =SUM(N50,N86) -> 162 | O44: =N44/C44 -> 0.19518072 | P44: =($N50*P50+$N86*P86)/$N44 -> 194.71481 | Q44: =P44/E44 -> 1.1058497 | R44: =($N50*R50+$N86*R86)/$N44 -> 9.8611111 | S44: =R44/H44 -> 1.0624404
B45: Stut | C45: =SUM(C51,C87) -> 5996 | D45: =($C51*D51+$C87*D87)/$C45 -> 40.1753 | E45: =($C51*E51+$C87*E87)/$C45 -> 339.48611 | F45: =($C51*F51+$C87*F87)/$C45 -> 6.0807038 | G45: =($C51*G51+$C87*G87)/$C45 -> 8.0606404 | H45: =($C51*H51+$C87*H87)/$C45 -> 26.432438 | I45: =($C51*I51+$C87*I87)/$C45 -> 398.93195 | N45: =SUM(N51,N87) -> 707 | O45: =N45/C45 -> 0.11791194 | P45: =($N51*P51+$N87*P87)/$N45 -> 329.69533 | Q45: =P45/E45 -> 0.97116001 | R45: =($N51*R51+$N87*R87)/$N45 -> 27.53239 | S45: =R45/H45 -> 1.0416137
B46: Ungtjur | C46: =SUM(C52,C88) -> 29580 | D46: =($C52*D52+$C88*D88)/$C46 -> 42.4633 | E46: =($C52*E52+$C88*E88)/$C46 -> 363.96025 | F46: =($C52*F52+$C88*F88)/$C46 -> 9.8302028 | G46: =($C52*G52+$C88*G88)/$C46 -> 7.2128634 | H46: =($C52*H52+$C88*H88)/$C46 -> 17.659304 | I46: =($C52*I52+$C88*I88)/$C46 -> 643.82634 | N46: =SUM(N52,N88) -> 15148 | O46: =N46/C46 -> 0.51210277 | P46: =($N52*P52+$N88*P88)/$N46 -> 367.85722 | Q46: =P46/E46 -> 1.0107071 | R46: =($N52*R52+$N88*R88)/$N46 -> 17.085358 | S46: =R46/H46 -> 0.96749896
A47: Lätta köttraser | B47: Kor | C47: =C53+C59+C65+C71+C77 -> 6087 | D47: =($C53*D53+$C59*D59+$C65*D65+$C71*D71+$C77*D77)/($C47-C77) -> 39.758489 | E47: =($C53*E53+$C59*E59+$C65*E65+$C71*E71+$C77*E77)/$C47 -> 358.55812 | F47: =($C53*F53+$C59*F59+$C65*F65+$C71*F71+$C77*F77)/$C47 -> 6.1595203 | G47: =($C53*G53+$C59*G59+$C65*G65+$C71*G71+$C77*G77)/$C47 -> 10.322606 | H47: =($C53*H53+$C59*H59+$C65*H65+$C71*H71+$C77*H77)/$C47 -> 92.899441 | K47: Ålder kor | L47: =SUMPRODUCT(C47:C48,H47:H48)/SUM(C47:C48)/12 -> 6.4392738 | M47: år | N47: =C53+C59+C65+C71 -> 3534 | O47: =N47/C47 -> 0.58058157 | P47: =($C53*E53+$C59*E59+$C65*E65+$C71*E71)/$N47 -> 359.39477 | Q47: =P47/E47 -> 1.0023333 | R47: =($C53*H53+$C59*H59+$C65*H65+$C71*H71)/$N47 -> 94.34386 | S47: =R47/H47 -> 1.0155482
B48: Ungko | C48: =C54+C60+C66+C72+C78 -> 2341 | D48: =($C54*D54+$C60*D60+$C66*D66+$C72*D72+$C78*D78)/($C48-C78) -> 40.016109 | E48: =($C54*E54+$C60*E60+$C66*E66+$C72*E72+$C78*E78)/$C48 -> 314.80914 | F48: =($C54*F54+$C60*F60+$C66*F66+$C72*F72+$C78*F78)/$C48 -> 5.7646305 | G48: =($C54*G54+$C60*G60+$C66*G66+$C72*G72+$C78*G78)/$C48 -> 9.3019223 | H48: =($C54*H54+$C60*H60+$C66*H66+$C72*H72+$C78*H78)/$C48 -> 36.635412 | K48: Rekrytering | L48: =1/(L47-'Antal djur'!#REF!/12) -> #REF! | N48: =C54+C60+C66+C72 -> 956 | O48: =N48/C48 -> 0.40837249 | P48: =($C54*E54+$C60*E60+$C66*E66+$C72*E72)/$N48 -> 311.63515 | Q48: =P48/E48 -> 0.98991772 | R48: =($C54*H54+$C60*H60+$C66*H66+$C72*H72)/$N48 -> 39.439331 | S48: =R48/H48 -> 1.0765357
B49: Kvigor | C49: =C55+C61+C67+C73+C79 -> 7952 | D49: =($C55*D55+$C61*D61+$C67*D67+$C73*D73+$C79*D79)/$C49 -> 39.90869 | E49: =($C55*E55+$C61*E61+$C67*E67+$C73*E73+$C79*E79)/$C49 -> 304.57196 | F49: =($C55*F55+$C61*F61+$C67*F67+$C73*F73+$C79*F79)/$C49 -> 6.491914 | G49: =($C55*G55+$C61*G61+$C67*G67+$C73*G73+$C79*G79)/$C49 -> 9.9578597 | H49: =($C55*H55+$C61*H61+$C67*H67+$C73*H73+$C79*H79)/$C49 -> 25.802716 | I49: =($C55*I55+$C61*I61+$C67*I67+$C73*I73+$C79*I79)/$C49 -> 362.36444 | K49: Andel stut | L49: =(C51*(I51/12))/(C51*(I51/12)+C52*(I52/12)) -> 0.16285725 | N49: =C55+C61+C67+C73 -> 2802 | O49: =N49/C49 -> 0.35236419 | P49: =($C55*E55+$C61*E61+$C67*E67+$C73*E73)/$N49 -> 299.74168 | Q49: =P49/E49 -> 0.98414078 | R49: =($C55*H55+$C61*H61+$C67*H67+$C73*H73)/$N49 -> 26.175303 | S49: =R49/H49 -> 1.0144398
B50: Mellankalv | C50: =C56+C62+C68+C74+C80 -> 388 | D50: =($C56*D56+$C62*D62+$C68*D68+$C74*D74+$C80*D80)/$C50 -> 39.900515 | E50: =($C56*E56+$C62*E62+$C68*E68+$C74*E74+$C80*E80)/$C50 -> 157.11907 | F50: =($C56*F56+$C62*F62+$C68*F68+$C74*F74+$C80*F80)/$C50 -> 5.6463918 | G50: =($C56*G56+$C62*G62+$C68*G68+$C74*G74+$C80*G80)/$C50 -> 6.7556701 | H50: =($C56*H56+$C62*H62+$C68*H68+$C74*H74+$C80*H80)/$C50 -> 9.2572165 | I50: =($C56*I56+$C62*I62+$C68*I68+$C74*I74+$C80*I80)/$C50 -> 492.71649 | N50: =C56+C62+C68+C74 -> 66 | O50: =N50/C50 -> 0.17010309 | P50: =($C56*E56+$C62*E62+$C68*E68+$C74*E74)/$N50 -> 129.89091 | Q50: =P50/E50 -> 0.82670364 | R50: =($C56*H56+$C62*H62+$C68*H68+$C74*H74)/$N50 -> 8.5606061 | S50: =R50/H50 -> 0.92474947
B51: Stut | C51: =C57+C63+C69+C75+C81 -> 3017 | D51: =($C57*D57+$C63*D63+$C69*D69+$C75*D75+$C81*D81)/$C51 -> 40.0824 | E51: =($C57*E57+$C63*E63+$C69*E69+$C75*E75+$C81*E81)/$C51 -> 335.68001 | F51: =($C57*F57+$C63*F63+$C69*F69+$C75*F75+$C81*F81)/$C51 -> 5.9614849 | G51: =($C57*G57+$C63*G63+$C69*G69+$C75*G75+$C81*G81)/$C51 -> 8.6885317 | H51: =($C57*H57+$C63*H63+$C69*H69+$C75*H75+$C81*H81)/$C51 -> 27.122307 | I51: =($C57*I57+$C63*I63+$C69*I69+$C75*I75+$C81*I81)/$C51 -> 384.82532 | N51: =C57+C63+C69+C75 -> 469 | O51: =N51/C51 -> 0.15545244 | P51: =($C57*E57+$C63*E63+$C69*E69+$C75*E75)/$N51 -> 322.53262 | Q51: =P51/E51 -> 0.96083356 | R51: =($C57*H57+$C63*H63+$C69*H69+$C75*H75)/$N51 -> 29.416631 | S51: =R51/H51 -> 1.0845918
B52: Ungtjur | C52: =C58+C64+C70+C76+C82 -> 10463 | D52: =($C58*D58+$C64*D64+$C70*D70+$C76*D76+$C82*D82)/$C52 -> 40.779662 | E52: =($C58*E58+$C64*E64+$C70*E70+$C76*E76+$C82*E82)/$C52 -> 346.56857 | F52: =($C58*F58+$C64*F64+$C70*F70+$C76*F76+$C82*F82)/$C52 -> 12.033843 | G52: =($C58*G58+$C64*G64+$C70*G70+$C76*G76+$C82*G82)/$C52 -> 7.9628692 | H52: =($C58*H58+$C64*H64+$C70*H70+$C76*H76+$C82*H82)/$C52 -> 18.879174 | I52: =($C58*I58+$C64*I64+$C70*I70+$C76*I76+$C82*I82)/$C52 -> 570.39425 | N52: =C58+C64+C70+C76 -> 5067 | O52: =N52/C52 -> 0.48427793 | P52: =($C58*E58+$C64*E64+$C70*E70+$C76*E76)/$N52 -> 344.40523 | Q52: =P52/E52 -> 0.99375784 | R52: =($C58*H58+$C64*H64+$C70*H70+$C76*H76)/$N52 -> 19.069982 | S52: =R52/H52 -> 1.0101068
A53: Angus | B53: Kor | C53: 842 | D53: 37.7 | E53: 360.5 | F53: 6.6 | G53: 10.4 | H53: 92.6
B54: Ungko | C54: 190 | D54: 37.9 | E54: 307.1 | F54: 6 | G54: 9.1 | H54: 38.4
B55: Kvigor | C55: 552 | D55: 38.7 | E55: 307.3 | F55: 7.2 | G55: 10.1 | H55: 27 | I55: 350
B56: Mellankalv | C56: 32 | D56: 40 | E56: 132.9 | F56: 6.1 | G56: 4.8 | H56: 6.8 | I56: 544
B57: Stut | C57: 129 | D57: 39.4 | E57: 344.6 | F57: 6.6 | G57: 8.3 | H57: 31.2 | I57: 342
B58: Ungtjur | C58: 1144 | D58: 40.1 | E58: 352.1 | F58: 7.9 | G58: 7.9 | H58: 18.9 | I58: 588
A59: Hereford | B59: Kor | C59: 2527 | D59: 40.7 | E59: 365.7 | F59: 6.2 | G59: 10.6 | H59: 93.4
B60: Ungko | C60: 734 | D60: 40.8 | E60: 318.5 | F60: 6.1 | G60: 9.3 | H60: 39.2
B61: Kvigor | C61: 2183 | D61: 40.1 | E61: 300.4 | F61: 6.8 | G61: 10.1 | H61: 25.8 | I61: 357
B62: Mellankalv | C62: 28 | D62: 39.3 | E62: 128.5 | F62: 4.9 | G62: 5.3 | H62: 9.1 | I62: 395
B63: Stut | C63: 238 | D63: 40.6 | E63: 333 | F63: 6.3 | G63: 8.9 | H63: 24.9 | I63: 413
B64: Ungtjur | C64: 3824 | D64: 41.8 | E64: 344.2 | F64: 7.5 | G64: 8 | H64: 18.9 | I64: 563
A65: Higland Cattle | B65: Kor | C65: 156 | D65: 36.1 | E65: 253.9 | F65: 5.7 | G65: 8.9 | H65: 119.4
B66: Ungko | C66: 32 | D66: 34.6 | E66: 181.1 | F66: 3.8 | G66: 6.3 | H66: 51.1
B67: Kvigor | C67: 59 | D67: 36.4 | E67: 209 | F67: 5.3 | G67: 8.4 | H67: 31.8 | I67: 197
B68: Mellankalv | C68: 4 | D68: 40 | E68: 106.8 | F68: 3 | G68: 5.5 | H68: 17.1 | I68: 167
B69: Stut | C69: 102 | D69: 36.8 | E69: 270.2 | F69: 5.9 | G69: 8.4 | H69: 37.7 | I69: 219
B70: Ungtjur | C70: 94 | D70: 35.3 | E70: 257.9 | F70: 536 | G70: 5.1 | H70: 27.6 | I70: 286
A71: Belted Galloway | B71: Kor | C71: 9 | D71: 31.4 | E71: 314.2 | F71: 6.8 | G71: 13 | H71: 88.2
B72: Ungko
B73: Kvigor | C73: 8 | D73: 38.2 | E73: 267.8 | F73: 5.9 | G73: 10.1 | H73: 30.2 | I73: 271
B74: Mellankalv | C74: 2 | D74: 30.5 | E74: 147.4 | F74: 5.5 | G74: 5.5 | H74: 12.1 | I74: 358
B75: Stut
B76: Ungtjur | C76: 5 | D76: 36.6 | E76: 367.1 | F76: 7.3 | G76: 7.7 | H76: 27.6 | I76: 415
A77: Korsning | B77: Kor | C77: 2553 | E77: 357.4 | F77: 6 | G77: 10.1 | H77: 90.9 | J77: =C77/C41 -> 0.15082413
B78: Ungko | C78: 1385 | E78: 317 | F78: 5.6 | G78: 9.4 | H78: 34.7 | J78: =C78/C42 -> 0.22802107
B79: Kvigor | C79: 5150 | D79: 40 | E79: 307.2 | F79: 6.3 | G79: 9.9 | H79: 25.6 | I79: 368 | J79: =C79/C43 -> 0.23154393
B80: Mellankalv | C80: 322 | D80: 40 | E80: 162.7 | F80: 5.7 | G80: 7.1 | H80: 9.4 | I80: 501 | J80: =C80/C44 -> 0.38795181
B81: Stut | C81: 2548 | D81: 40.2 | E81: 338.1 | F81: 5.9 | G81: 8.7 | H81: 26.7 | I81: 391 | J81: =C81/C45 -> 0.42494997
B82: Ungtjur | C82: 5396 | D82: 40.3 | E82: 348.6 | F82: 7 | G82: 8 | H82: 18.7 | I82: 577 | J82: =C82/C46 -> 0.18242055 | N82: Antal djur | P82: Slaktvikt (kg) | R82: Ålder (mån)
A83: Tunga köttraser | B83: Kor | C83: =C89+C95+C101+C107+C113+C119+C125 -> 10840 | D83: =($C89*D89+$C95*D95+$C101*D101+$C107*D107+$C113*D113+$C119*D119+$C125*D125)/$C83 -> 42.594852 | E83: =($C89*E89+$C95*E95+$C101*E101+$C107*E107+$C113*E113+$C119*E119+$C125*E125)/$C83 -> 390.73161 | F83: =($C89*F89+$C95*F95+$C101*F101+$C107*F107+$C113*F113+$C119*F119+$C125*F125)/$C83 -> 7.09369 | G83: =($C89*G89+$C95*G95+$C101*G101+$C107*G107+$C113*G113+$C119*G119+$C125*G125)/$C83 -> 8.3189114 | H83: =($C89*H89+$C95*H95+$C101*H101+$C107*H107+$C113*H113+$C119*H119+$C125*H125)/$C83 -> 90.961116 | K83: Ålder kor | L83: =SUMPRODUCT(C83:C84,H83:H84)/SUM(C83:C84)/12 -> 6.3976206 | M83: år | N83: =C89+C95+C101+C107+C113+C119 -> 7052 | O83: =N83/C83 -> 0.65055351 | P83: =($C89*E89+$C95*E95+$C101*E101+$C107*E107+$C113*E113+$C119*E119)/$N83 -> 404.82199 | Q83: =P83/E83 -> 1.0360615 | R83: =($C89*H89+$C95*H95+$C101*H101+$C107*H107+$C113*H113+$C119*H119)/$N83 -> 93.894569 | S83: =R83/H83 -> 1.0322495
B84: Ungko | C84: =C90+C96+C102+C108+C114+C120+C126 -> 3733 | D84: =($C90*D90+$C96*D96+$C102*D102+$C108*D108+$C114*D114+$C120*D120+$C126*D126)/$C84 -> 41.439539 | E84: =($C90*E90+$C96*E96+$C102*E102+$C108*E108+$C114*E114+$C120*E120+$C126*E126)/$C84 -> 329.78012 | F84: =($C90*F90+$C96*F96+$C102*F102+$C108*F108+$C114*F114+$C120*F120+$C126*F126)/$C84 -> 6.2891508 | G84: =($C90*G90+$C96*G96+$C102*G102+$C108*G108+$C114*G114+$C120*G120+$C126*G126)/$C84 -> 7.6370747 | H84: =($C90*H90+$C96*H96+$C102*H102+$C108*H108+$C114*H114+$C120*H120+$C126*H126)/$C84 -> 35.567051 | K84: Rekrytering | L84: =1/(L83-'Antal djur'!#REF!/12) -> #REF! | N84: =C90+C96+C102+C108+C114+C120 -> 1517 | O84: =N84/C84 -> 0.40637557 | P84: =($C90*E90+$C96*E96+$C102*E102+$C108*E108+$C114*E114+$C120*E120)/$N84 -> 344.65102 | Q84: =P84/E84 -> 1.0450934 | R84: =($C90*H90+$C96*H96+$C102*H102+$C108*H108+$C114*H114+$C120*H120)/$N84 -> 37.710086 | S84: =R84/H84 -> 1.0602534
B85: Kvigor | C85: =C91+C97+C103+C109+C115+C121+C127 -> 14290 | D85: =($C91*D91+$C97*D97+$C103*D103+$C109*D109+$C115*D115+$C121*D121+$C127*D127)/$C85 -> 40.59795 | E85: =($C91*E91+$C97*E97+$C103*E103+$C109*E109+$C115*E115+$C121*E121+$C127*E127)/$C85 -> 320.53607 | F85: =($C91*F91+$C97*F97+$C103*F103+$C109*F109+$C115*F115+$C121*F121+$C127*F127)/$C85 -> 7.183275 | G85: =($C91*G91+$C97*G97+$C103*G103+$C109*G109+$C115*G115+$C121*G121+$C127*G127)/$C85 -> 8.6122953 | H85: =($C91*H91+$C97*H97+$C103*H103+$C109*H109+$C115*H115+$C121*H121+$C127*H127)/$C85 -> 24.249062 | I85: =($C91*I91+$C97*I97+$C103*I103+$C109*I109+$C115*I115+$C121*I121+$C127*I127)/$C85 -> 406.88747 | K85: Andel stut | L85: =(C87*(I87/12))/(C87*(I87/12)+C88*(I88/12)) -> 0.0860383 | N85: =C91+C97+C103+C109+C115+C121 -> 5517 | O85: =N85/C85 -> 0.38607418 | P85: =($C91*E91+$C97*E97+$C103*E103+$C109*E109+$C115*E115+$C121*E121)/$N85 -> 323.13772 | Q85: =P85/E85 -> 1.0081165 | R85: =($C91*H91+$C97*H97+$C103*H103+$C109*H109+$C115*H115+$C121*H121)/$N85 -> 23.531992 | S85: =R85/H85 -> 0.97042895
B86: Mellankalv | C86: =C92+C98+C104+C110+C116+C122+C128 -> 442 | D86: =($C92*D92+$C98*D98+$C104*D104+$C110*D110+$C116*D116+$C122*D122+$C128*D128)/$C86 -> 40.977602 | E86: =($C92*E92+$C98*E98+$C104*E104+$C110*E110+$C116*E116+$C122*E122+$C128*E128)/$C86 -> 192.719 | F86: =($C92*F92+$C98*F98+$C104*F104+$C110*F110+$C116*F116+$C122*F122+$C128*F128)/$C86 -> 7.2993213 | G86: =($C92*G92+$C98*G98+$C104*G104+$C110*G110+$C116*G116+$C122*G122+$C128*G128)/$C86 -> 6.110181 | H86: =($C92*H92+$C98*H98+$C104*H104+$C110*H110+$C116*H116+$C122*H122+$C128*H128)/$C86 -> 9.3029412 | I86: =($C92*I92+$C98*I98+$C104*I104+$C110*I110+$C116*I116+$C122*I122+$C128*I128)/$C86 -> 599.23756 | N86: =C92+C98+C104+C110+C116+C122 -> 96 | O86: =N86/C86 -> 0.21719457 | P86: =($C92*E92+$C98*E98+$C104*E104+$C110*E110+$C116*E116+$C122*E122)/$N86 -> 239.28125 | Q86: =P86/E86 -> 1.2416069 | R86: =($C92*H92+$C98*H98+$C104*H104+$C110*H110+$C116*H116+$C122*H122)/$N86 -> 10.755208 | S86: =R86/H86 -> 1.1561084
B87: Stut | C87: =C93+C99+C105+C111+C117+C123+C129 -> 2979 | D87: =($C93*D93+$C99*D99+$C105*D105+$C111*D111+$C117*D117+$C123*D123+$C129*D129)/$C87 -> 40.269386 | E87: =($C93*E93+$C99*E99+$C105*E105+$C111*E111+$C117*E117+$C123*E123+$C129*E129)/$C87 -> 343.34075 | F87: =($C93*F93+$C99*F99+$C105*F105+$C111*F111+$C117*F117+$C123*F123+$C129*F129)/$C87 -> 6.2014434 | G87: =($C93*G93+$C99*G99+$C105*G105+$C111*G111+$C117*G117+$C123*G123+$C129*G129)/$C87 -> 7.4247398 | H87: =($C93*H93+$C99*H99+$C105*H105+$C111*H111+$C117*H117+$C123*H123+$C129*H129)/$C87 -> 25.73377 | I87: =($C93*I93+$C99*I99+$C105*I105+$C111*I111+$C117*I117+$C123*I123+$C129*I129)/$C87 -> 413.21853 | N87: =C93+C99+C105+C111+C117+C123 -> 238 | O87: =N87/C87 -> 0.079892581 | P87: =($C93*E93+$C99*E99+$C105*E105+$C111*E111+$C117*E117+$C123*E123)/$N87 -> 343.81008 | Q87: =P87/E87 -> 1.001367 | R87: =($C93*H93+$C99*H99+$C105*H105+$C111*H111+$C117*H117+$C123*H123)/$N87 -> 23.819328 | S87: =R87/H87 -> 0.92560585
B88: Ungtjur | C88: =C94+C100+C106+C112+C118+C124+C130 -> 19117 | D88: =($C94*D94+$C100*D100+$C106*D106+$C112*D112+$C118*D118+$C124*D124+$C130*D130)/$C88 -> 43.384778 | E88: =($C94*E94+$C100*E100+$C106*E106+$C112*E112+$C118*E118+$C124*E124+$C130*E130)/$C88 -> 373.47897 | F88: =($C94*F94+$C100*F100+$C106*F106+$C112*F112+$C118*F118+$C124*F124+$C130*F130)/$C88 -> 8.6241199 | G88: =($C94*G94+$C100*G100+$C106*G106+$C112*G112+$C118*G118+$C124*G124+$C130*G130)/$C88 -> 6.8023748 | H88: =($C94*H94+$C100*H100+$C106*H106+$C112*H112+$C118*H118+$C124*H124+$C130*H130)/$C88 -> 16.991651 | I88: =($C94*I94+$C100*I100+$C106*I106+$C112*I112+$C118*I118+$C124*I124+$C130*I130)/$C88 -> 684.01674 | N88: =C94+C100+C106+C112+C118+C124 -> 10081 | O88: =N88/C88 -> 0.52733169 | P88: =($C94*E94+$C100*E100+$C106*E106+$C112*E112+$C118*E118+$C124*E124)/$N88 -> 379.64486 | Q88: =P88/E88 -> 1.0165093 | R88: =($C94*H94+$C100*H100+$C106*H106+$C112*H112+$C118*H118+$C124*H124)/$N88 -> 16.087829 | S88: =R88/H88 -> 0.94680783
A89: Blonde d’aquitaine | B89: Kor | C89: 123 | D89: 43.5 | E89: 417.1 | F89: 9.1 | G89: 7 | H89: 112.8
B90: Ungko | C90: 20 | D90: 43.4 | E90: 343.2 | F90: 8.3 | G90: 5.4 | H90: 36.2
B91: Kvigor | C91: 79 | D91: 8 | E91: 344.7 | F91: 9.5 | G91: 7.1 | H91: 23.9 | I91: 443
B92: Mellankalv | C92: 5 | D92: 44.4 | E92: 177.3 | F92: 10.2 | G92: 4.6 | H92: 8.5 | I92: 597
B93: Stut
B94: Ungtjur | C94: 129 | D94: 47.9 | E94: 394.5 | F94: 11.8 | G94: 4.5 | H94: 15.7 | I94: 774
A95: Charolais | B95: Kor | C95: 3815 | D95: 44.3 | E95: 419.1 | F95: 7.7 | G95: 8.6 | H95: 94.8
B96: Ungko | C96: 782 | D96: 44.2 | E96: 352.4 | F96: 7.1 | G96: 7.4 | H96: 37.3
B97: Kvigor | C97: 3366 | D97: 42.1 | E97: 325.9 | F97: 7.8 | G97: 8.4 | H97: 22.9 | I97: 437
B98: Mellankalv | C98: 10 | D98: 41.3 | E98: 167.5 | F98: 6.8 | G98: 5.2 | H98: 10.2 | I98: 471
B99: Stut | C99: 74 | D99: 42.2 | E99: 366.8 | F99: 8.1 | G99: 6.7 | H99: 20.8 | I99: 546
B100: Ungtjur | C100: 5889 | D100: 46.2 | E100: 382.6 | F100: 9.5 | G100: 6.8 | H100: 15.7 | I100: 751
A101: Chianina | B101: Kor | C101: 11 | D101: 49.5 | E101: 467.2 | F101: 6.7 | G101: 9.5 | H101: 88.4
B102: Ungko | C102: 3 | D102: 49.7 | E102: 370.3 | F102: 8 | G102: 7 | H102: 33.1
...

Sheet Invägd mjölk
C1: SJV Stat | G1: Växa
C2: Mjölkkor | D2: Invägd mjölk 1000 ton | E2: …per ko | G2: tot | H2: konv | I2: eko | J2: % mejeri | K2: tot | L2: konv | M2: eko | O2: SJV/Växa
B3: 2016 | C3: 330833 | D3: 2862.23 | E3: =D3*1000000/C3 -> 8651.5855 | G3: 9759 | H3: 9829 | I3: 9135 | J3: 0.927 | K3: =G3*$J3 -> 9046.593 | L3: =H3*$J3 -> 9111.483 | M3: =I3*$J3 -> 8468.145 | O3: =E3/G3 -> 0.88652378
B4: 2017 | C4: 322010 | D4: 2816.66 | E4: =D4*1000000/C4 -> 8747.1197 | G4: 9801 | H4: 9903 | I4: 9246 | J4: 0.925 | K4: =G4*$J4 -> 9065.925 | L4: =H4*$J4 -> 9160.275 | M4: =I4*$J4 -> 8552.55 | O4: =E4/G4 -> 0.89247216
B5: 2018 | C5: 319387 | D5: 2760.23 | E5: =D5*1000000/C5 -> 8642.2741 | G5: 9827 | H5: 9953 | I5: 9280 | J5: 0.923 | K5: =G5*$J5 -> 9070.321 | L5: =H5*$J5 -> 9186.619 | M5: =I5*$J5 -> 8565.44 | O5: =E5/G5 -> 0.87944175
B6: 2019 | C6: 305570 | D6: 2704.39 | E6: =D6*1000000/C6 -> 8850.3125 | G6: 9996 | H6: 10112 | I6: 9499 | J6: 0.921 | K6: =G6*$J6 -> 9206.316 | L6: =H6*$J6 -> 9313.152 | M6: =I6*$J6 -> 8748.579 | O6: =E6/G6 -> 0.88538541
B7: 2020 | C7: 303390 | D7: 2772.74 | E7: =D7*1000000/C7 -> 9139.1938 | G7: 10232 | H7: 10330 | I7: 9676 | J7: 0.92 | K7: =G7*$J7 -> 9413.44 | L7: =H7*$J7 -> 9503.6 | M7: =I7*$J7 -> 8901.92 | O7: =E7/G7 -> 0.8931972
G8: Snitt (2016-2020) justerat utifrån inväg mjölk
E9: =AVERAGE(E3:E7) -> 8806.0971 | G9: =SUMPRODUCT(G3:G7,$O3:$O7)/5 -> 8806.0971 | H9: =SUMPRODUCT(H3:H7,$O3:$O7)/5 -> 8896.9244 | I9: =SUMPRODUCT(I3:I7,$O3:$O7)/5 -> 8312.8528 | O9: =AVERAGE(O3:O7) -> 0.88740406
K11: Växa statistik
B12: Jordbruksverkets statistik | L12: Mjölkproduktion | N12: Ökning per 5 år
B13: År | C13: Kvantitet invägd mjölk, 1 000 ton | D13: Genomsnittlig fetthalt på invägd mjölk, procent | E13: Genomsnittlig proteinhalt på invägd mjölk, procent | F13: ECM | G13: Kor för mjölkproduktion | H13: Mjölk per ko | I13: Ökning per 5 år | K13: År | L13: Konv | M13: Eko | N13: Konv | O13: Eko
B14: 1995 | C14: 3243 | D14: 4.33 | E14: 3.34 | F14: =C14*(0.25+D14/100*12.2+E14/100*7.7) -> 3357.9319 | G14: 482118 | H14: =C14*1000000/G14 -> 6726.569 | K14: 2015 | L14: 9716 | M14: 8916
B15: 1996 | C15: 3258 | D15: 4.29 | E15: 3.33 | F15: =C15*(0.25+D15/100*12.2+E15/100*7.7) -> 3355.0558 | G15: 466265 | H15: =C15*1000000/G15 -> 6987.4428 | K15: 2016 | L15: 9829 | M15: 9135
B16: 1997 | C16: 3276 | D16: 4.28 | E16: 3.32 | F16: =C16*(0.25+D16/100*12.2+E16/100*7.7) -> 3367.0728 | G16: 467981 | H16: =C16*1000000/G16 -> 7000.2842 | K16: 2017 | L16: 9903 | M16: 9246
B17: 1998 | C17: 3277 | D17: 4.26 | E17: 3.31 | F17: =C17*(0.25+D17/100*12.2+E17/100*7.7) -> 3357.5814 | G17: 449130 | H17: =C17*1000000/G17 -> 7296.3285 | K17: 2018 | L17: 9953 | M17: 9280
B18: 1999 | C18: 3299 | D18: 4.19 | E18: 3.3 | F18: =C18*(0.25+D18/100*12.2+E18/100*7.7) -> 3349.4087 | G18: 448520 | H18: =C18*1000000/G18 -> 7355.3019 | K18: 2019 | L18: 10112 | M18: 9499
B19: 2000 | C19: 3297 | D19: 4.18 | E19: 3.28 | F19: =C19*(0.25+D19/100*12.2+E19/100*7.7) -> 3338.2784 | G19: 427621 | H19: =C19*1000000/G19 -> 7710.0984 | I19: =H19/H14 -> 1.1462156 | K19: 2020 | L19: 10330 | M19: 9676 | N19: =L19/L14 -> 1.0631947 | O19: =M19/M14 -> 1.08524
B20: 2001 | C20: 3290 | D20: 4.2 | E20: 3.28 | F20: =C20*(0.25+D20/100*12.2+E20/100*7.7) -> 3339.2184 | G20: 418471 | H20: =C20*1000000/G20 -> 7861.9546 | I20: =H20/H15 -> 1.1251548
B21: 2002 | C21: 3226 | D21: 4.17 | E21: 3.32 | F21: =C21*(0.25+D21/100*12.2+E21/100*7.7) -> 3272.3899 | G21: 417082 | H21: =C21*1000000/G21 -> 7734.6901 | I21: =H21/H16 -> 1.1049109
B22: 2003 | C22: 3206 | D22: 4.22 | E22: 3.35 | F22: =C22*(0.25+D22/100*12.2+E22/100*7.7) -> 3279.0647 | G22: 402520 | H22: =C22*1000000/G22 -> 7964.8216 | I22: =H22/H17 -> 1.0916205
B23: 2004 | C23: 3229 | D23: 4.25 | E23: 3.38 | F23: =C23*(0.25+D23/100*12.2+E23/100*7.7) -> 3321.866 | G23: 403702 | H23: =C23*1000000/G23 -> 7998.4741 | I23: =H23/H18 -> 1.0874434
B24: 2005 | C24: 3163 | D24: 4.25 | E24: 3.38 | F24: =C24*(0.25+D24/100*12.2+E24/100*7.7) -> 3253.9679 | G24: 393263 | H24: =C24*1000000/G24 -> 8042.9636 | I24: =H24/H19 -> 1.0431726
B25: 2006 | C25: 3130 | D25: 4.22 | E25: 3.38 | F25: =C25*(0.25+D25/100*12.2+E25/100*7.7) -> 3208.563 | G25: 387530 | H25: =C25*1000000/G25 -> 8076.7941 | I25: =H25/H20 -> 1.0273265
B26: 2007 | C26: 2986 | D26: 4.23 | E26: 3.4 | F26: =C26*(0.25+D26/100*12.2+E26/100*7.7) -> 3069.19 | G26: 369646 | H26: =C26*1000000/G26 -> 8077.999 | I26: =H26/H21 -> 1.0443856
B27: 2008 | C27: 2987 | D27: 4.21 | E27: 3.38 | F27: =C27*(0.25+D27/100*12.2+E27/100*7.7) -> 3058.3296 | G27: 357194 | H27: =C27*1000000/G27 -> 8362.4025 | I27: =H27/H22 -> 1.0499171
B28: 2009 | C28: 2933 | D28: 4.24 | E28: 3.4 | F28: =C28*(0.25+D28/100*12.2+E28/100*7.7) -> 3018.2916 | G28: 356776 | H28: =C28*1000000/G28 -> 8220.8445 | I28: =H28/H23 -> 1.0278016
B29: 2010 | C29: 2862 | D29: 4.23 | E29: 3.41 | F29: =C29*(0.25+D29/100*12.2+E29/100*7.7) -> 2943.9391 | G29: 348095 | H29: =C29*1000000/G29 -> 8221.8934 | I29: =H29/H24 -> 1.0222468
B30: 2011 | C30: 2850 | D30: 4.2 | E30: 3.41 | F30: =C30*(0.25+D30/100*12.2+E30/100*7.7) -> 2921.1645 | G30: 346495 | H30: =C30*1000000/G30 -> 8225.2269 | I30: =H30/H25 -> 1.0183777
B31: 2012 | C31: 2861 | D31: 4.22 | E31: 3.42 | F31: =C31*(0.25+D31/100*12.2+E31/100*7.7) -> 2941.623 | G31: 347969 | H31: =C31*1000000/G31 -> 8221.9968 | I31: =H31/H26 -> 1.0178259
... B40: 2021 | C40: 2782.22 | D40: 4.26 | E40: 3.51 | F40: =C40*(0.25+D40/100*12.2+E40/100*7.7) -> 2893.481 | G40: 301850 | H40: =C40*1000000/G40 -> 9217.2271 | I40: =H40/H35 -> 1.0653801
I41: =AVERAGE(I30:I40) -> 1.0395152

Sheet Energy req.
F1: Energy for gestation | R1: Total energy (incl milk) for calves
G2: Month
F3: LW | G3: 7th | H3: 8th | I3: 9th
F4: 400 | G4: 5 | H4: 8 | I4: 15 | J4: =F4*0.013 -> 5.2 | K4: =F4*0.021 -> 8.4 | L4: =F4*0.038 -> 15.2 | M4: =F4*(0.013+0.021+0.038) -> 28.8 | N4: =SUM(G4:I4) -> 28 | R4: Omsättbar energi, MJ | AB4: LW | AC4: LW^0.75 | AD4: WG | AE4: ME
F5: 500 | G5: 7 | H5: 11 | I5: 19 | J5: =F5*0.013 -> 6.5 | K5: =F5*0.021 -> 10.5 | L5: =F5*0.038 -> 19 | M5: =F5*(0.013+0.021+0.038) -> 36 | N5: =SUM(G5:I5) -> 37 | R5: Levande vikt | S5: Viktökning, g per dag | AB5: 30 | AC5: =AB5^0.75 -> 12.81861 | AD5: 0 | AE5: 6
F6: 600 | G6: 8 | H6: 13 | I6: 23 | J6: =F6*0.013 -> 7.8 | K6: =F6*0.021 -> 12.6 | L6: =F6*0.038 -> 22.8 | M6: =F6*(0.013+0.021+0.038) -> 43.2 | N6: =SUM(G6:I6) -> 44 | R6: kg | S6: 0 | T6: 250 | U6: 500 | V6: 1000 | AB6: 40 | AC6: =AB6^0.75 -> 15.905415 | AD6: 0 | AE6: 7
F7: 700 | G7: 9 | H7: 15 | I7: 27 | J7: =F7*0.013 -> 9.1 | K7: =F7*0.021 -> 14.7 | L7: =F7*0.038 -> 26.6 | M7: =F7*(0.013+0.021+0.038) -> 50.4 | N7: =SUM(G7:I7) -> 51 | R7: 30 | S7: 6 | T7: 8 | U7: 11 | V7: 17.5 | X7: Ekvation beräknad från tabell | AB7: 50 | AC7: =AB7^0.75 -> 18.803015 | AD7: 0 | AE7: 8.5
R8: 40 | S8: 7 | T8: 9.5 | U8: 12.5 | V8: 19 | X8: INT | Y8: 0 | AB8: 60 | AC8: =AB8^0.75 -> 21.558247 | AD8: 0 | AE8: 10
R9: 50 | S9: 8.5 | T9: 11 | U9: 14 | V9: 21 | X9: LW | Y9: 0.16 | AB9: 70 | AC9: =AB9^0.75 -> 24.200455 | AD9: 0 | AE9: 11.5
R10: 60 | S10: 10 | T10: 12.5 | U10: 15.5 | V10: 23 | X10: WG | Y10: 12.5 | AB10: 80 | AC10: =AB10^0.75 -> 26.749612 | AD10: 0 | AE10: 13
R11: 70 | S11: 11.5 | T11: 14 | U11: 17.5 | V11: 25 | AB11: 30 | AC11: =AB11^0.75 -> 12.81861 | AD11: 250 | AE11: 8
R12: 80 | S12: 13 | T12: 16 | U12: 19.5 | V12: 28 | X12: INT | Y12: 0 | AB12: 40 | AC12: =AB12^0.75 -> 15.905415 | AD12: 250 | AE12: 9.5
X13: LW^0.75 | Y13: 0.46328995 | AB13: 50 | AC13: =AB13^0.75 -> 18.803015 | AD13: 250 | AE13: 11
R14: Ekvation baserad på tabell ovan | X14: WG | Y14: =0.0125625963867342*1000 -> 12.562596 | AB14: 60 | AC14: =AB14^0.75 -> 21.558247 | AD14: 250 | AE14: 12.5
R15: Levande vikt | S15: Viktökning, kg per dag | AB15: 70 | AC15: =AB15^0.75 -> 24.200455 | AD15: 250 | AE15: 14
R16: kg | S16: 0 | T16: 0.25 | U16: 0.5 | V16: 1 | AB16: 80 | AC16: =AB16^0.75 -> 26.749612 | AD16: 250 | AE16: 16
R17: 30 | S17: =($Y$12+$R17^0.75*$Y$13+S$16*$Y$14)/S7 -> 0.98978888 | T17: =($Y$12+$R17^0.75*$Y$13+T$16*$Y$14)/T7 -> 1.1349228 | U17: =($Y$12+$R17^0.75*$Y$13+U$16*$Y$14)/U7 -> 1.110912 | V17: =($Y$12+$R17^0.75*$Y$13+V$16*$Y$14)/V7 -> 1.0572188 | AB17: 30 | AC17: =AB17^0.75 -> 12.81861 | AD17: 500 | AE17: 11
R18: 40 | S18: =($Y$12+$R18^0.75*$Y$13+S$16*$Y$14)/S8 -> 1.0526884 | T18: =($Y$12+$R18^0.75*$Y$13+T$16*$Y$14)/T8 -> 1.1062598 | U18: =($Y$12+$R18^0.75*$Y$13+U$16*$Y$14)/U8 -> 1.0920094 | V18: =($Y$12+$R18^0.75*$Y$13+V$16*$Y$14)/V8 -> 1.0490218 | AB18: 40 | AC18: =AB18^0.75 -> 15.905415 | AD18: 500 | AE18: 12.5
R19: 50 | S19: =($Y$12+$R19^0.75*$Y$13+S$16*$Y$14)/S9 -> 1.0248527 | T19: =($Y$12+$R19^0.75*$Y$13+T$16*$Y$14)/T9 -> 1.0774452 | U19: =($Y$12+$R19^0.75*$Y$13+U$16*$Y$14)/U9 -> 1.0708962 | V19: =($Y$12+$R19^0.75*$Y$13+V$16*$Y$14)/V9 -> 1.0130402 | AB19: 50 | AC19: =AB19^0.75 -> 18.803015 | AD19: 500 | AE19: 14
R20: 60 | S20: =($Y$12+$R20^0.75*$Y$13+S$16*$Y$14)/S10 -> 0.99877191 | T20: =($Y$12+$R20^0.75*$Y$13+T$16*$Y$14)/T10 -> 1.0502695 | U20: =($Y$12+$R20^0.75*$Y$13+U$16*$Y$14)/U10 -> 1.049614 | V20: =($Y$12+$R20^0.75*$Y$13+V$16*$Y$14)/V10 -> 0.9804485 | AB20: 60 | AC20: =AB20^0.75 -> 21.558247 | AD20: 500 | AE20: 15.5
R21: 70 | S21: =($Y$12+$R21^0.75*$Y$13+S$16*$Y$14)/S11 -> 0.97494153 | T21: =($Y$12+$R21^0.75*$Y$13+T$16*$Y$14)/T11 -> 1.0251769 | U21: =($Y$12+$R21^0.75*$Y$13+U$16*$Y$14)/U11 -> 0.99960719 | V21: =($Y$12+$R21^0.75*$Y$13+V$16*$Y$14)/V11 -> 0.95097696 | AB21: 70 | AC21: =AB21^0.75 -> 24.200455 | AD21: 500 | AE21: 17.5
R22: 80 | S22: =($Y$12+$R22^0.75*$Y$13+S$16*$Y$14)/S12 -> 0.95329435 | T22: =($Y$12+$R22^0.75*$Y$13+T$16*$Y$14)/T12 -> 0.97084223 | U22: =($Y$12+$R22^0.75*$Y$13+U$16*$Y$14)/U12 -> 0.95764742 | V22: =($Y$12+$R22^0.75*$Y$13+V$16*$Y$14)/V12 -> 0.8912651 | AB22: 80 | AC22: =AB22^0.75 -> 26.749612 | AD22: 500 | AE22: 19.5
AB23: 30 | AC23: =AB23^0.75 -> 12.81861 | AD23: 1000 | AE23: 17.5
R24: Samma ekv som växande nöt | AB24: 40 | AC24: =AB24^0.75 -> 15.905415 | AD24: 1000 | AE24: 19
R25: Levande vikt | S25: Viktökning, kg per dag | AB25: 50 | AC25: =AB25^0.75 -> 18.803015 | AD25: 1000 | AE25: 21
R26: kg | S26: 0 | T26: 0.25 | U26: 0.5 | V26: 1 | AB26: 60 | AC26: =AB26^0.75 -> 21.558247 | AD26: 1000 | AE26: 23
R27: 30 | S27: =(0.475*$R27^0.75 + S$26*$X$27)/S7 -> 1.0148066 | T27: =(0.475*$R27^0.75 + T$26*$X$27)/T7 -> 1.136105 | U27: =(0.475*$R27^0.75 + U$26*$X$27)/U7 -> 1.0989854 | V27: =(0.475*$R27^0.75 + V$26*$X$27)/V7 -> 1.033648 | X27: 12 | AB27: 70 | AC27: =AB27^0.75 -> 24.200455 | AD27: 1000 | AE27: 25
R28: 40 | S28: =(0.475*$R28^0.75 + S$26*$X$27)/S8 -> 1.079296 | T28: =(0.475*$R28^0.75 + T$26*$X$27)/T8 -> 1.1110602 | U28: =(0.475*$R28^0.75 + U$26*$X$27)/U8 -> 1.0844058 | V28: =(0.475*$R28^0.75 + V$26*$X$27)/V8 -> 1.0292143 | X28: 0.2 | AB28: 80 | AC28: =AB28^0.75 -> 26.749612 | AD28: 1000 | AE28: 28
R29: 50 | S29: =(0.475*$R29^0.75 + S$26*$X$27)/S9 -> 1.0507567 | T29: =(0.475*$R29^0.75 + T$26*$X$27)/T9 -> 1.0846757 | U29: =(0.475*$R29^0.75 + U$26*$X$27)/U9 -> 1.0665309 | V29: =(0.475*$R29^0.75 + V$26*$X$27)/V9 -> 0.99673487
R30: 60 | S30: =(0.475*$R30^0.75 + S$26*$X$27)/S10 -> 1.0240167 | T30: =(0.475*$R30^0.75 + T$26*$X$27)/T10 -> 1.0592134 | U30: =(0.475*$R30^0.75 + U$26*$X$27)/U10 -> 1.0477527 | V30: =(0.475*$R30^0.75 + V$26*$X$27)/V10 -> 0.96696379
R31: 70 | S31: =(0.475*$R31^0.75 + S$26*$X$27)/S11 -> 0.99958401 | T31: =(0.475*$R31^0.75 + T$26*$X$27)/T11 -> 1.0353726 | U31: =(0.475*$R31^0.75 + U$26*$X$27)/U11 -> 0.99972663 | V31: =(0.475*$R31^0.75 + V$26*$X$27)/V11 -> 0.93980864
R32: 80 | S32: =(0.475*$R32^0.75 + S$26*$X$27)/S12 -> 0.97738968 | T32: =(0.475*$R32^0.75 + T$26*$X$27)/T12 -> 0.98162911 | U32: =(0.475*$R32^0.75 + U$26*$X$27)/U12 -> 0.95928543 | V32: =(0.475*$R32^0.75 + V$26*$X$27)/V12 -> 0.88235949

Sheet LW
A1: SUMMARY OUTPUT
A3: Regression Statistics
A4: Multiple R | B4: 0.99434309
A5: R Square | B5: 0.98871817
A6: Adjusted R Square | B6: 0.98764371
A7: Standard Error | B7: 0.64295634
A8: Observations | B8: 24
A10: ANOVA
B11: df | C11: SS | D11: MS | E11: F | F11: Significance F
A12: Regression | B12: 2 | C12: 760.80833 | D12: 380.40417 | E12: 920.20014 | F12: 3.5480108e-21
A13: Residual | B13: 21 | C13: 8.68125 | D13: 0.41339286
A14: Total | B14: 23 | C14: 769.48958
B16: Coefficients | C16: Standard Error | D16: t Stat | E16: P-value | F16: Lower 95% | G16: Upper 95% | H16: Lower 95.0% | I16: Upper 95.0%
A17: Intercept | B17: -0.4077381 | C17: 0.46902458 | D17: -0.86933204 | E17: 0.39449335 | F17: -1.3831281 | G17: 0.56765191 | H17: -1.3831281 | I17: 0.56765191
A18: LW | B18: 0.16892857 | C18: 0.0076847981 | D18: 21.982174 | E18: 5.6222601e-16 | F18: 0.15294716 | G18: 0.18490998 | H18: 0.15294716 | I18: 0.18490998
A19: WG | B19: 0.01307619 | C19: 0.00035494562 | D19: 36.839982 | E19: 1.4430476e-20 | F19: 0.012338041 | G19: 0.01381434 | H19: 0.012338041 | I19: 0.01381434
A23: RESIDUAL OUTPUT
A25: Observation | B25: Predicted ME | C25: Residuals | D25: Standard Residuals
A26: 1 | B26: 4.660119 | C26: 1.339881 | D26: 2.1809163
A27: 2 | B27: 6.3494048 | C27: 0.65059524 | D27: 1.05897
A28: 3 | B28: 8.0386905 | C28: 0.46130952 | D28: 0.75087079
A29: 4 | B29: 9.7279762 | C29: 0.27202381 | D29: 0.44277155
A30: 5 | B30: 11.417262 | C30: 0.082738095 | D30: 0.13467231
A31: 6 | B31: 13.106548 | C31: -0.10654762 | D31: -0.17342693
A32: 7 | B32: 7.9291667 | C32: 0.070833333 | D32: 0.115295
A33: 8 | B33: 9.6184524 | C33: -0.11845238 | D33: -0.19280424
A34: 9 | B34: 11.307738 | C34: -0.3077381 | D34: -0.50090348
A35: 10 | B35: 12.997024 | C35: -0.49702381 | D35: -0.80900272
A36: 11 | B36: 14.68631 | C36: -0.68630952 | D36: -1.117102
A37: 12 | B37: 16.375595 | C37: -0.37559524 | D37: -0.61135415
... A49: 24 | B49: 26.182738 | C49: 1.8172619 | D49: 2.9579465

Sheet LW int=0
A1: SUMMARY OUTPUT
A3: Regression Statistics
A4: Multiple R | B4: 0.99923601
A5: R Square | B5: 0.99847261
A6: Adjusted R Square | B6: 0.95294864
A7: Standard Error | B7: 0.63937707
A8: Observations | B8: 24
A10: ANOVA
B11: df | C11: SS | D11: MS | E11: F | F11: Significance F
A12: Regression | B12: 2 | C12: 5879.2563 | D12: 2939.6282 | E12: 7190.8179 | F12: 1.6582952e-30
A13: Residual | B13: 22 | C13: 8.9936668 | D13: 0.40880304
A14: Total | B14: 24 | C14: 5888.25
B16: Coefficients | C16: Standard Error | D16: t Stat | E16: P-value | F16: Lower 95% | G16: Upper 95% | H16: Lower 95.0% | I16: Upper 95.0%
A17: Intercept | B17: 0 | C17: #N/A | D17: #N/A | E17: #N/A | F17: #N/A | G17: #N/A | H17: #N/A | I17: #N/A
A18: LW | B18: 0.16290828 | C18: 0.0033127901 | D18: 49.175551 | E18: 5.4013091e-24 | F18: 0.15603797 | G18: 0.16977858 | H18: 0.15603797 | I18: 0.16977858
A19: WG | B19: 0.012974028 | C19: 0.00033306206 | D19: 38.953785 | E19: 8.599049e-22 | F19: 0.012283299 | G19: 0.013664756 | H19: 0.012283299 | I19: 0.013664756
A23: RESIDUAL OUTPUT
A25: Observation | B25: Predicted ME | C25: Residuals | D25: Standard Residuals
A26: 1 | B26: 4.8872483 | C26: 1.1127517 | D26: 1.8177556
A27: 2 | B27: 6.5163311 | C27: 0.4836689 | D27: 0.79010606
A28: 3 | B28: 8.1454139 | C28: 0.35458613 | D28: 0.57924056
A29: 4 | B29: 9.7744966 | C29: 0.22550336 | D29: 0.36837507
A30: 5 | B30: 11.403579 | C30: 0.096420582 | D30: 0.15750958
A31: 6 | B31: 13.032662 | C31: -0.032662192 | D31: -0.053355913
A32: 7 | B32: 8.1307553 | C32: -0.1307553 | D32: -0.21359768
A33: 8 | B33: 9.7598381 | C33: -0.25983807 | D33: -0.42446317
A34: 9 | B34: 11.388921 | C34: -0.38892085 | D34: -0.63532866
A35: 10 | B35: 13.018004 | C35: -0.51800362 | D35: -0.84619415
A36: 11 | B36: 14.647086 | C36: -0.6470864 | D36: -1.0570596
A37: 12 | B37: 16.276169 | C37: -0.27616917 | D37: -0.45114113
... A49: 24 | B49: 26.00669 | C49: 1.9933099 | D49: 3.2562073
