Workbook

Sheet default
A1: f_species | B1: f_breed | C1: f_prod_system | D1: f_sub_system | E1: f_animal | F1: f_feed | G1: f_feed_group:feed | H1: f_crop | I1: f_crop_prod | J1: f_by_prod | K1: f_region | L1: parameter | M1: value | N1: unit | O1: description | P1: source
A2: Products to feeds | N2: kg product/kg DM feed | O2: need to align with DM in products and by-products
L3: feed_to_prod | M3: 0 | O3: fallback
F4: ley silage, 1st cut | I4: fodder | L4: feed_to_prod | M4: =1/INDEX('feed pars'!C$6:C$46/100,MATCH(F4,'feed pars'!B$6:B$46,0)) -> 1
F5: ley silage, regrowth | I5: fodder | L5: feed_to_prod | M5: =1/INDEX('feed pars'!C$6:C$46/100,MATCH(F5,'feed pars'!B$6:B$46,0)) -> 1
F6: other silage | I6: fodder | L6: feed_to_prod | M6: =1/INDEX('feed pars'!C$6:C$46/100,MATCH(F6,'feed pars'!B$6:B$46,0)) -> 1
F7: hay | I7: fodder | L7: feed_to_prod | M7: =1/INDEX('feed pars'!C$6:C$46/100,MATCH(F7,'feed pars'!B$6:B$46,0)) -> 1
F8: maize silage | I8: maize fodder | L8: feed_to_prod | M8: =1/INDEX('feed pars'!C$6:C$46/100,MATCH(F8,'feed pars'!B$6:B$46,0)) -> 1
F9: grazing | I9: grazing | L9: feed_to_prod | M9: =1/INDEX('feed pars'!C$6:C$46/100,MATCH(F9,'feed pars'!B$6:B$46,0)) -> 1
F10: wheat | I10: wheat | L10: feed_to_prod | M10: =1/INDEX('feed pars'!C$6:C$46/100,MATCH(F10,'feed pars'!B$6:B$46,0)) -> 1.1627907
F11: barley | I11: barley | L11: feed_to_prod | M11: =1/INDEX('feed pars'!C$6:C$46/100,MATCH(F11,'feed pars'!B$6:B$46,0)) -> 1.1627907
F12: oats | I12: oats | L12: feed_to_prod | M12: =1/INDEX('feed pars'!C$6:C$46/100,MATCH(F12,'feed pars'!B$6:B$46,0)) -> 1.1627907
F13: triticale | I13: triticale | L13: feed_to_prod | M13: =1/INDEX('feed pars'!C$6:C$46/100,MATCH(F13,'feed pars'!B$6:B$46,0)) -> 1.1627907
F14: rye | I14: rye | L14: feed_to_prod | M14: =1/INDEX('feed pars'!C$6:C$46/100,MATCH(F14,'feed pars'!B$6:B$46,0)) -> 1.1627907
F15: maize | I15: maize | L15: feed_to_prod | M15: =1/INDEX('feed pars'!C$6:C$46/100,MATCH(F15,'feed pars'!B$6:B$46,0)) -> 1.1627907
... F19: linseed | I19: linseed | L19: feed_to_prod | M19: =1/INDEX('feed pars'!C$6:C$46/100,MATCH(F19,'feed pars'!B$6:B$46,0)) -> 1.0989011
F20: vegetable oils | I20: rapeseed | L20: feed_to_prod | M20: =1/INDEX('feed pars'!C$6:C$46/100,MATCH(F20,'feed pars'!B$6:B$46,0))*1/0.38 -> 2.6315789
F21: vegetable oils | I21: rapeseed | J21: rapeseed meal | L21: feed_to_by_prod | O21: add by-prod generation calculation method!
F22: straw | J22: straw | L22: feed_to_prod | M22: =1/INDEX('feed pars'!C$6:C$46/100,MATCH(F22,'feed pars'!B$6:B$46,0)) -> 1.1764706
F23: soybeans | I23: soybeans | L23: feed_to_prod | M23: =1/INDEX('feed pars'!C$6:C$46/100,MATCH(F23,'feed pars'!B$6:B$46,0)) -> 1.1494253
F24: soybean meal | J24: soybean meal | L24: feed_to_prod | M24: =1/INDEX('feed pars'!C$6:C$46/100,MATCH(F24,'feed pars'!B$6:B$46,0)) -> 1.1428571
F25: soybean protein concentrate | J25: soybean protein concentrate | L25: feed_to_prod | M25: =1/INDEX('feed pars'!C$6:C$46/100,MATCH(F25,'feed pars'!B$6:B$46,0)) -> 1.1428571 | O25: convert to soybean meal???
F26: rapeseed meal | J26: rapeseed meal | L26: feed_to_prod | M26: =1/INDEX('feed pars'!C$6:C$46/100,MATCH(F26,'feed pars'!B$6:B$46,0)) -> 1.1173184
F27: sunflower seed meal | J27: sunflower seed meal | L27: feed_to_prod | M27: =1/INDEX('feed pars'!C$6:C$46/100,MATCH(F27,'feed pars'!B$6:B$46,0)) -> 1.0989011
F28: palm kernel expeller | J28: palm kernel expeller | L28: feed_to_prod | M28: =1/INDEX('feed pars'!C$6:C$46/100,MATCH(F28,'feed pars'!B$6:B$46,0)) -> 1.0989011
F29: luzern meal | J29: luzern meal | L29: feed_to_prod | M29: =1/INDEX('feed pars'!C$6:C$46/100,MATCH(F29,'feed pars'!B$6:B$46,0)) -> 1.1111111
F30: wheat bran | J30: wheat bran | L30: feed_to_prod | M30: =1/INDEX('feed pars'!C$6:C$46/100,MATCH(F30,'feed pars'!B$6:B$46,0)) -> 1.1494253
F31: wheat bran, fine | J31: wheat bran | L31: feed_to_prod | M31: =1/INDEX('feed pars'!C$6:C$46/100,MATCH(F31,'feed pars'!B$6:B$46,0)) -> 1.1389522
F32: oat hulls | J32: oat hulls | L32: feed_to_prod | M32: =1/INDEX('feed pars'!C$6:C$46/100,MATCH(F32,'feed pars'!B$6:B$46,0)) -> 1.1415525
F33: oat bran | J33: oat bran | L33: feed_to_prod | M33: =1/INDEX('feed pars'!C$6:C$46/100,MATCH(F33,'feed pars'!B$6:B$46,0)) -> 1.1415525
F34: rye bran | J34: rye bran | L34: feed_to_prod | M34: =1/INDEX('feed pars'!C$6:C$46/100,MATCH(F34,'feed pars'!B$6:B$46,0)) -> 1.1415525
F35: wheat distillers grain, dry | J35: wheat distillers grain | L35: feed_to_prod | M35: =1/INDEX('feed pars'!C$6:C$46/100,MATCH(F35,'feed pars'!B$6:B$46,0)) -> 1.1111111
F36: wheat distillers grain, wet | J36: wheat distillers grain | L36: feed_to_prod | M36: =M35 -> 1.1111111
F37: barley brewers grain | J37: barley brewers grain | L37: feed_to_prod | M37: =1/0.25 -> 4
F38: sugar beet molasses | J38: sugar beet molasses | L38: feed_to_prod | M38: =1/INDEX('feed pars'!C$6:C$46/100,MATCH(F38,'feed pars'!B$6:B$46,0)) -> 1.3245033
F39: sugar beet pulp | J39: sugar beet pulp | L39: feed_to_prod | M39: =1/INDEX('feed pars'!C$6:C$46/100,MATCH(F39,'feed pars'!B$6:B$46,0)) -> 1.1173184
F40: whey | J40: whey | L40: feed_to_prod | M40: =1/INDEX('feed pars'!C$6:C$46/100,MATCH(F40,'feed pars'!B$6:B$46,0)) -> 16
F41: whey powder | J41: whey | L41: feed_to_prod | M41: =M40 -> 16
F42: potatoe protein | J42: potatoe protein | L42: feed_to_prod | M42: =1/INDEX('feed pars'!C$6:C$46/100,MATCH(F42,'feed pars'!B$6:B$46,0)) -> 1.0989011
F43: potatoe offals | J43: potatoe offals | L43: feed_to_prod | M43: =1/INDEX('feed pars'!C$6:C$46/100,MATCH(F43,'feed pars'!B$6:B$46,0)) -> 4.3478261
F44: fish meal | J44: fish meal | L44: feed_to_prod | M44: =1/INDEX('feed pars'!C$6:C$46/100,MATCH(F44,'feed pars'!B$6:B$46,0)) -> 1.0863661
A45: Share of crop and by-products that must be produced regionally
L46: share_regional | M46: 0 | O46: fallback
I47: fodder | L47: share_regional | M47: 95 | N47: %
I48: maize fodder | L48: share_regional | M48: 95 | N48: %
I49: grazing | L49: share_regional | M49: 95 | N49: %
A50: pigs | I50: barley | L50: share_regional | M50: 50 | N50: %
A51: poultry | I51: barley | L51: share_regional | M51: 50 | N51: %
A52: pigs | I52: wheat | L52: share_regional | M52: 50 | N52: %
A53: poultry | I53: wheat | L53: share_regional | M53: 50 | N53: %
A54: pigs | I54: oats | L54: share_regional | M54: 50 | N54: %
A55: poultry | I55: oats | L55: share_regional | M55: 50 | N55: %
A56: Share of crop and by-products that are imported
L57: share_imported | M57: 0 | O57: fallback
I58: soybeans | L58: share_imported | M58: 100 | N58: %
J59: soybean meal | L59: share_imported | M59: 100 | N59: %
J60: rapeseed meal | L60: share_imported | M60: 61 | N60: %
I61: linseed | L61: share_imported | M61: 100 | N61: % | O61: include as crop??
I62: maize | L62: share_imported | M62: 50 | N62: % | O62: Borde denna vara 100%? Vad är den tröskade majsarealen?
A63: Maximum contribution of crop to crop product demand for feed (Primarily used to limit semi-natural pastures in grazing)
A64: cattle | H64: Semi-natural pastures | I64: grazing | L64: max_crop_in_crop_prod | M64: 90 | N64: %
A65: cattle | B65: dairy | E65: cows | H65: Semi-natural pastures | I65: grazing | L65: max_crop_in_crop_prod | M65: 5 | N65: %
A66: cattle | B66: dairy | E66: calves | H66: Semi-natural pastures | I66: grazing | L66: max_crop_in_crop_prod | M66: 5 | N66: %
A67: cattle | E67: bulls | H67: Semi-natural pastures | I67: grazing | L67: max_crop_in_crop_prod | M67: 0 | N67: %
A68: cattle | B68: dairy | E68: breeding bulls | H68: Semi-natural pastures | I68: grazing | L68: max_crop_in_crop_prod | M68: 0 | N68: %
A70: cattle | H70: Semi-natural pastures | I70: grazing | K70: 811 | L70: max_crop_in_crop_prod | M70: 100 | N70: %
A71: cattle | B71: dairy | E71: cows | H71: Semi-natural pastures | I71: grazing | K71: 811 | L71: max_crop_in_crop_prod | M71: 50 | N71: %
A72: cattle | B72: dairy | E72: calves | H72: Semi-natural pastures | I72: grazing | K72: 811 | L72: max_crop_in_crop_prod | M72: 50 | N72: %
A73: cattle | E73: bulls | H73: Semi-natural pastures | I73: grazing | K73: 811 | L73: max_crop_in_crop_prod | M73: 0 | N73: %
A74: cattle | B74: dairy | E74: breeding bulls | H74: Semi-natural pastures | I74: grazing | K74: 811 | L74: max_crop_in_crop_prod | M74: 0 | N74: %
A75: cattle | H75: Semi-natural pastures | I75: grazing | K75: 812 | L75: max_crop_in_crop_prod | M75: 100 | N75: %
A76: cattle | B76: dairy | E76: cows | H76: Semi-natural pastures | I76: grazing | K76: 812 | L76: max_crop_in_crop_prod | M76: 50 | N76: %
A77: cattle | B77: dairy | E77: calves | H77: Semi-natural pastures | I77: grazing | K77: 812 | L77: max_crop_in_crop_prod | M77: 50 | N77: %
A78: cattle | E78: bulls | H78: Semi-natural pastures | I78: grazing | K78: 812 | L78: max_crop_in_crop_prod | M78: 0 | N78: %
A79: cattle | B79: dairy | E79: breeding bulls | H79: Semi-natural pastures | I79: grazing | K79: 812 | L79: max_crop_in_crop_prod | M79: 0 | N79: %
A81: horses | H81: Semi-natural pastures | I81: grazing | L81: max_crop_in_crop_prod | M81: 10 | N81: %
A83: Storage and feeding losses
L84: storage_losses | M84: 0 | N84: % | O84: fallback
L85: feeding_losses | M85: 0 | N85: % | O85: fallback
A86: cattle | B86: dairy | E86: cows | G86: ley silage | L86: storage_losses | M86: =(0.8*20+0.2*2) -> 16.4 | N86: % | O86: 80% in silo | P86: Cederberg & Henriksson (2020)
A87: cattle | G87: ley silage | L87: storage_losses | M87: =(0.6*20+0.4*2) -> 12.8 | N87: % | O87: 60% in silo | P87: Cederberg & Henriksson (2020)
A88: sheep | G88: ley silage | L88: storage_losses | M88: 2 | N88: % | O88: 0% in silo | P88: Cederberg & Henriksson (2020)
A89: horses | G89: ley silage | L89: storage_losses | M89: 2 | N89: % | O89: 0% in silo | P89: Cederberg & Henriksson (2020)
A90: cattle | B90: dairy | E90: cows | G90: ley silage | L90: feeding_losses | M90: 5 | N90: % | O90: No feeding on pasture | P90: Cederberg & Henriksson (2020)
A91: cattle | E91: bulls | G91: ley silage | L91: feeding_losses | M91: 5 | N91: % | O91: No feeding on pasture | P91: Cederberg & Henriksson (2020)
A92: cattle | G92: ley silage | L92: feeding_losses | M92: =0.9*5+0.1*15 -> 6 | N92: % | O92: 10% feeding on pasture | P92: Cederberg & Henriksson (2020)
A93: sheep | G93: ley silage | L93: feeding_losses | M93: 15 | N93: % | P93: Cederberg & Henriksson (2020)
A94: horses | G94: ley silage | L94: feeding_losses | M94: 15 | N94: % | P94: Cederberg & Henriksson (2020)
G95: other silage | L95: storage_losses | M95: 5 | N95: % | P95: Cederberg & Henriksson (2020)
A96: =A90 -> cattle | B96: =B90 -> dairy | E96: =E90 -> cows | G96: other silage | L96: =L90 -> feeding_losses | M96: =M90 -> 5 | N96: =N90 -> % | O96: =O90 -> No feeding on pasture | P96: =P90 -> Cederberg & Henriksson (2020)
A97: =A91 -> cattle | E97: =E91 -> bulls | G97: other silage | L97: =L91 -> feeding_losses | M97: =M91 -> 5 | N97: =N91 -> % | O97: =O91 -> No feeding on pasture | P97: =P91 -> Cederberg & Henriksson (2020)
A98: =A92 -> cattle | G98: other silage | L98: =L92 -> feeding_losses | M98: =M92 -> 6 | N98: =N92 -> % | O98: =O92 -> 10% feeding on pasture | P98: =P92 -> Cederberg & Henriksson (2020)
A99: =A93 -> sheep | G99: other silage | L99: =L93 -> feeding_losses | M99: =M93 -> 15 | N99: =N93 -> % | P99: =P93 -> Cederberg & Henriksson (2020)
A100: =A94 -> horses | G100: other silage | L100: =L94 -> feeding_losses | M100: =M94 -> 15 | N100: =N94 -> % | P100: =P94 -> Cederberg & Henriksson (2020)
G101: hay and straw | L101: storage_losses | M101: 5 | N101: % | P101: Cederberg & Henriksson (2020)
A102: =A90 -> cattle | B102: =B90 -> dairy | E102: =E90 -> cows | G102: hay and straw | L102: =L90 -> feeding_losses | M102: =M90 -> 5 | N102: =N90 -> % | O102: =O90 -> No feeding on pasture | P102: =P90 -> Cederberg & Henriksson (2020)
A103: =A91 -> cattle | E103: =E91 -> bulls | G103: hay and straw | L103: =L91 -> feeding_losses | M103: =M91 -> 5 | N103: =N91 -> % | O103: =O91 -> No feeding on pasture | P103: =P91 -> Cederberg & Henriksson (2020)
A104: =A92 -> cattle | G104: hay and straw | L104: =L92 -> feeding_losses | M104: =M92 -> 6 | N104: =N92 -> % | O104: =O92 -> 10% feeding on pasture | P104: =P92 -> Cederberg & Henriksson (2020)
A105: =A93 -> sheep | G105: hay and straw | L105: =L93 -> feeding_losses | M105: =M93 -> 15 | N105: =N93 -> % | P105: =P93 -> Cederberg & Henriksson (2020)
A106: =A94 -> horses | G106: hay and straw | L106: =L94 -> feeding_losses | M106: =M94 -> 15 | N106: =N94 -> % | P106: =P94 -> Cederberg & Henriksson (2020)
...

Sheet references
A1: Statistics Netherlands (2012) Standardised calculation methods for animal manure and nutrients. Standard data 1990–2008
A2: Cederberg, C. & Henriksson, M. (2020). Gräsmarkernas användning i jordbruket

Sheet feed pars
B1: Source (if no other stated): | C1: http://www2.freefarm.se/fodertabell/
C3: general | K3: ruminants | T3: CP --> N | U3: =1/6.25 -> 0.16 | Z3: pigs | AI3: CP --> N | AJ3: =1/6.25 -> 0.16 | AP3: poultry
K4: col | L4: 1 | M4: calculated | N4: 2 | O4: 6 | P4: 7 | Q4: 8 | R4: 9 | S4: 11 | T4: 10 | V4: 26 | W4: 28 | Z4: col | AA4: 1 | AB4: calculated | AC4: feedipedia | AD4: 2 | AE4: 3 | AF4: 5 | AG4: 6 | AI4: 12 | AK4: 29 | AL4: 31 | AP4: col | AQ4: 1 | AR4: 2
B5: feed | C5: %DM | D5: GE, MJ/kg DM | E5: ASH, % of DM | F5: N, % of DM | G5: P, % of DM | H5: K, % of DM | I5: Source | K5: row | L5: %DM | M5: GE, MJ | N5: ME, MJ | O5: DE, MJ | P5: Prot, g | Q5: Fat, g | R5: Fiber, g | S5: NFE, g | T5: Ash, g | U5: N, % of DM | V5: P, % of DM | W5: K, % of DM | X5: Source | Z5: row | AA5: %DM | AB5: GE, MJ | AC5: DE, MJ | AD5: NEv, MJ | AE5: NEs, MJ | AF5: Prot, g | AG5: Fat, g | AH5: fiber+NFE, g | AI5: Ash, g | AJ5: N, % of DM | AK5: P, % of DM | AL5: K, % of DM | AM5: Source | AN5: Source for DE | AP5: row | AQ5: %DM | AR5: AME?, MJ | AS5: Source
B6: ley silage, 1st cut | C6: =AVERAGE(AA6,L6) -> 100 | D6: =M6 -> 17.316948 | E6: =AVERAGE(T6,AI6)/1000*100 -> 7.55 | F6: =AVERAGE(U6,AJ6) -> 2.424 | G6: =AVERAGE(V6,AK6) -> 0.28 | H6: =AVERAGE(W6,AL6) -> 2.425 | L6: 100 | M6: =( 5.7*P6+9.4*Q6+4.1*(R6+S6) ) * 0.004184 -> 17.316948 | N6: =AVERAGE('ruminants, roughage'!D21:D22) -> 11.3 | O6: =AVERAGE('ruminants, roughage'!H21:H22) -> 13.35 | P6: =AVERAGE('ruminants, roughage'!I21:I22) -> 151.5 | Q6: 20 | S6: =1000-SUM(P6:R6,T6) -> 753 | T6: =AVERAGE('ruminants, roughage'!K21:K22) -> 75.5 | U6: =P6*U$3/1000*100 -> 2.424 | V6: =AVERAGE('ruminants, roughage'!X21:X22)/1000*100 -> 0.28 | W6: =AVERAGE('ruminants, roughage'!Z21:Z22)/1000*100 -> 2.425
B7: ley silage, regrowth | C7: =AVERAGE(AA7,L7) -> 100 | D7: =M7 -> 17.150216 | E7: =AVERAGE(T7,AI7)/1000*100 -> 7.8 | F7: =AVERAGE(U7,AJ7) -> 2.128 | G7: =AVERAGE(V7,AK7) -> 0.27 | H7: =AVERAGE(W7,AL7) -> 2.34 | L7: 100 | M7: =( 5.7*P7+9.4*Q7+4.1*(R7+S7) ) * 0.004184 -> 17.150216 | N7: =AVERAGE('ruminants, roughage'!D25:D25) -> 10.1 | O7: =AVERAGE('ruminants, roughage'!H22:H23) -> 11.9 | P7: =AVERAGE('ruminants, roughage'!I25:I25) -> 133 | Q7: 20 | S7: =1000-SUM(P7:R7,T7) -> 769 | T7: =AVERAGE('ruminants, roughage'!K25:K25) -> 78 | U7: =P7*U$3/1000*100 -> 2.128 | V7: =AVERAGE('ruminants, roughage'!X25:X25)/1000*100 -> 0.27 | W7: =AVERAGE('ruminants, roughage'!Z25:Z25)/1000*100 -> 2.34
B8: other silage | C8: =AVERAGE(AA8,L8) -> 100 | D8: =M8 -> 16.789764 | E8: =AVERAGE(T8,AI8)/1000*100 -> 8.8 | F8: =AVERAGE(U8,AJ8) -> 1.544 | G8: =AVERAGE(V8,AK8) -> 0.21 | H8: =AVERAGE(W8,AL8) -> 2.35 | L8: 100 | M8: =( 5.7*P8+9.4*Q8+4.1*(R8+S8) ) * 0.004184 -> 16.789764 | N8: =(8.3+8.7)/2 -> 8.5 | O8: =AVERAGE('ruminants, roughage'!H23:H24) -> 10.75 | P8: =(91+102)/2 -> 96.5 | Q8: =(22+23)/2 -> 22.5 | S8: =1000-SUM(P8:R8,T8) -> 793 | T8: =(83+93)/2 -> 88 | U8: =P8*U$3/1000*100 -> 1.544 | V8: =(2+2.2)/2/1000*100 -> 0.21 | W8: =(20.3+26.7)/2/1000*100 -> 2.35 | X8: https://www.feedipedia.org/node/500, https://www.feedipedia.org/node/432
B9: hay | C9: =AVERAGE(AA9,L9) -> 100 | D9: =M9 -> 17.160258 | E9: =AVERAGE(T9,AI9)/1000*100 -> 6.2 | F9: =AVERAGE(U9,AJ9) -> 1.496 | G9: =AVERAGE(V9,AK9) -> 0.21 | H9: =AVERAGE(W9,AL9) -> 1.81 | L9: 100 | M9: =( 5.7*P9+9.4*Q9+4.1*(R9+S9) ) * 0.004184 -> 17.160258 | N9: =AVERAGE('ruminants, roughage'!D33:D33) -> 9.1 | O9: =AVERAGE('ruminants, roughage'!H24:H25) -> 11.8 | P9: =AVERAGE('ruminants, roughage'!I33:I33) -> 93.5 | Q9: 20 | S9: =1000-SUM(P9:R9,T9) -> 824.5 | T9: =AVERAGE('ruminants, roughage'!K33:K33) -> 62 | U9: =P9*U$3/1000*100 -> 1.496 | V9: =AVERAGE('ruminants, roughage'!X33:X33)/1000*100 -> 0.21 | W9: =AVERAGE('ruminants, roughage'!Z33:Z33)/1000*100 -> 1.81
B10: maize silage | C10: =AVERAGE(AA10,L10) -> 100 | D10: =M10 -> 17.657317 | E10: =AVERAGE(T10,AI10)/1000*100 -> 3.6 | F10: =AVERAGE(U10,AJ10) -> 1.088 | G10: =AVERAGE(V10,AK10) -> 0.17 | H10: =AVERAGE(W10,AL10) -> 1.03 | L10: 100 | M10: =( 5.7*P10+9.4*Q10+4.1*(R10+S10) ) * 0.004184 -> 17.657317 | N10: 11 | O10: =AVERAGE('ruminants, roughage'!H25:H26) -> 12.3 | P10: 68 | Q10: 30 | R10: 198 | S10: =1000-SUM(P10:R10,T10) -> 668 | T10: 36 | U10: =P10*U$3/1000*100 -> 1.088 | V10: =1.7/1000*100 -> 0.17 | W10: =10.3/1000*100 -> 1.03 | X10: https://www.feedipedia.org/node/13883
B11: grazing | C11: =AVERAGE(AA11,L11) -> 100 | D11: =M11 -> 17.411437 | E11: =AVERAGE(T11,AI11)/1000*100 -> 6.5666667 | F11: =AVERAGE(U11,AJ11) -> 2.2466667 | G11: =AVERAGE(V11,AK11) -> 0.27 | H11: =AVERAGE(W11,AL11) -> 2.34 | L11: 100 | M11: =( 5.7*P11+9.4*Q11+4.1*(R11+S11) ) * 0.004184 -> 17.411437 | N11: =AVERAGE('ruminants, roughage'!D3:D14) -> 9.9416667 | O11: =AVERAGE('ruminants, roughage'!H26:H27) -> 12.4 | P11: =AVERAGE('ruminants, roughage'!I3:I14) -> 140.41667 | Q11: 20 | S11: =1000-SUM(P11:R11,T11) -> 773.91667 | T11: =AVERAGE('ruminants, roughage'!K3:K14) -> 65.666667 | U11: =P11*U$3/1000*100 -> 2.2466667 | V11: =V7 -> 0.27 | W11: =W7 -> 2.34
B12: wheat | C12: =100-14 -> 86 | D12: =M12 -> 18.210023 | E12: =AVERAGE(T12,AI12)/1000*100 -> 1.8 | F12: =AVERAGE(U12,AJ12) -> 1.936 | G12: =AVERAGE(V12,AK12) -> 0.345 | H12: =AVERAGE(W12,AL12) -> 0.525 | I12: %DM accrding to harvest stat | K12: =MATCH($B12,ruminants!$A$3:$A$120,0) -> 112 | L12: =INDEX(ruminants!$D$3:$AH$120,$K12,L$4) -> 87 | M12: =( 5.7*P12+9.4*Q12+4.1*(R12+S12) ) * 0.004184 -> 18.210023 | N12: =INDEX(ruminants!$D$3:$AH$120,$K12,N$4) -> 14.1 | O12: =INDEX(ruminants!$D$3:$AH$120,$K12,O$4) -> 16 | P12: =INDEX(ruminants!$D$3:$AH$120,$K12,P$4) -> 121 | Q12: =INDEX(ruminants!$D$3:$AH$120,$K12,Q$4) -> 25 | R12: =INDEX(ruminants!$D$3:$AH$120,$K12,R$4) -> 30 | S12: =INDEX(ruminants!$D$3:$AH$120,$K12,S$4) -> 806 | T12: =INDEX(ruminants!$D$3:$AH$120,$K12,T$4) -> 18 | U12: =P12*U$3/1000*100 -> 1.936 | V12: =INDEX(ruminants!$D$3:$AH$120,$K12,V$4)/1000*100 -> 0.37 | W12: =INDEX(ruminants!$D$3:$AH$120,$K12,W$4)/1000*100 -> 0.47 | Z12: =MATCH($B12,pigs!$A$3:$A$60,0) -> 53 | AA12: =INDEX(pigs!$D$3:$AO$60,$Z12,AA$4) -> 87 | AB12: =( 5.7*AF12+9.4*AG12+4.1*(AH12) ) * 0.004184 -> 18.032622 | AC12: 15.9 | AD12: =INDEX(pigs!$D$3:$AO$60,$Z12,AD$4) -> 12.1 | AE12: =INDEX(pigs!$D$3:$AO$60,$Z12,AE$4) -> 12.3 | AF12: =INDEX(pigs!$D$3:$AO$60,$Z12,AF$4) -> 121 | AG12: =INDEX(pigs!$D$3:$AO$60,$Z12,AG$4) -> 17 | AH12: =1000-SUM(AF12:AG12,AI12) -> 844 | AI12: =INDEX(pigs!$D$3:$AO$60,$Z12,AI$4) -> 18 | AJ12: =AF12*AJ$3/1000*100 -> 1.936 | AK12: =INDEX(pigs!$D$3:$AO$60,$Z12,AK$4)/1000*100 -> 0.32 | AL12: =INDEX(pigs!$D$3:$AO$60,$Z12,AL$4)/1000*100 -> 0.58 | AN12: https://www.feedipedia.org/node/223 | AP12: =MATCH($B12,poultry!$A$3:$A$41,0) -> 35 | AQ12: =INDEX(poultry!$D$3:$U$41,$AP12,AQ$4) -> 87 | AR12: =INDEX(poultry!$D$3:$U$41,$AP12,AR$4)/(AQ12/100) -> 14.712644
B13: barley | C13: =100-14 -> 86 | D13: =M13 -> 18.089524 | E13: =AVERAGE(T13,AI13)/1000*100 -> 2.7 | F13: =AVERAGE(U13,AJ13) -> 1.904 | G13: =AVERAGE(V13,AK13) -> 0.375 | H13: =AVERAGE(W13,AL13) -> 0.58 | I13: %DM accrding to harvest stat | K13: =MATCH($B13,ruminants!$A$3:$A$120,0) -> 42 | L13: =INDEX(ruminants!$D$3:$AH$120,$K13,L$4) -> 87 | M13: =( 5.7*P13+9.4*Q13+4.1*(R13+S13) ) * 0.004184 -> 18.089524 | N13: =INDEX(ruminants!$D$3:$AH$120,$K13,N$4) -> 13.2 | O13: =INDEX(ruminants!$D$3:$AH$120,$K13,O$4) -> 15 | P13: =INDEX(ruminants!$D$3:$AH$120,$K13,P$4) -> 122 | Q13: =INDEX(ruminants!$D$3:$AH$120,$K13,Q$4) -> 27 | R13: =INDEX(ruminants!$D$3:$AH$120,$K13,R$4) -> 62 | S13: =INDEX(ruminants!$D$3:$AH$120,$K13,S$4) -> 761 | T13: =INDEX(ruminants!$D$3:$AH$120,$K13,T$4) -> 28 | U13: =P13*U$3/1000*100 -> 1.952 | V13: =INDEX(ruminants!$D$3:$AH$120,$K13,V$4)/1000*100 -> 0.4 | W13: =INDEX(ruminants!$D$3:$AH$120,$K13,W$4)/1000*100 -> 0.59 | Z13: =MATCH($B13,pigs!$A$3:$A$60,0) -> 13 | AA13: =INDEX(pigs!$D$3:$AO$60,$Z13,AA$4) -> 87 | AB13: =( 5.7*AF13+9.4*AG13+4.1*(AH13) ) * 0.004184 -> 17.950615 | AC13: 14.8 | AD13: =INDEX(pigs!$D$3:$AO$60,$Z13,AD$4) -> 11 | AE13: =INDEX(pigs!$D$3:$AO$60,$Z13,AE$4) -> 11.2 | AF13: =INDEX(pigs!$D$3:$AO$60,$Z13,AF$4) -> 116 | AG13: =INDEX(pigs!$D$3:$AO$60,$Z13,AG$4) -> 21 | AH13: =1000-SUM(AF13:AG13,AI13) -> 837 | AI13: =INDEX(pigs!$D$3:$AO$60,$Z13,AI$4) -> 26 | AJ13: =AF13*AJ$3/1000*100 -> 1.856 | AK13: =INDEX(pigs!$D$3:$AO$60,$Z13,AK$4)/1000*100 -> 0.35 | AL13: =INDEX(pigs!$D$3:$AO$60,$Z13,AL$4)/1000*100 -> 0.57 | AN13: https://www.feedipedia.org/node/227 | AP13: =MATCH($B13,poultry!$A$3:$A$41,0) -> 16 | AQ13: =INDEX(poultry!$D$3:$U$41,$AP13,AQ$4) -> 87 | AR13: =INDEX(poultry!$D$3:$U$41,$AP13,AR$4)/(AQ13/100) -> 13.563218
B14: oats | C14: =100-14 -> 86 | D14: =M14 -> 18.660222 | E14: =AVERAGE(T14,AI14)/1000*100 -> 3.2 | F14: =AVERAGE(U14,AJ14) -> 1.768 | G14: =AVERAGE(V14,AK14) -> 0.365 | H14: =AVERAGE(W14,AL14) -> 0.54 | I14: %DM accrding to harvest stat | K14: =MATCH($B14,ruminants!$A$3:$A$120,0) -> 28 | L14: =INDEX(ruminants!$D$3:$AH$120,$K14,L$4) -> 85 | M14: =( 5.7*P14+9.4*Q14+4.1*(R14+S14) ) * 0.004184 -> 18.660222 | N14: =INDEX(ruminants!$D$3:$AH$120,$K14,N$4) -> 11.7 | O14: =INDEX(ruminants!$D$3:$AH$120,$K14,O$4) -> 13.3 | P14: =INDEX(ruminants!$D$3:$AH$120,$K14,P$4) -> 110 | Q14: =INDEX(ruminants!$D$3:$AH$120,$K14,Q$4) -> 61 | R14: =INDEX(ruminants!$D$3:$AH$120,$K14,R$4) -> 141 | S14: =INDEX(ruminants!$D$3:$AH$120,$K14,S$4) -> 654 | T14: =INDEX(ruminants!$D$3:$AH$120,$K14,T$4) -> 34 | U14: =P14*U$3/1000*100 -> 1.76 | V14: =INDEX(ruminants!$D$3:$AH$120,$K14,V$4)/1000*100 -> 0.37 | W14: =INDEX(ruminants!$D$3:$AH$120,$K14,W$4)/1000*100 -> 0.53 | Z14: =MATCH($B14,pigs!$A$3:$A$60,0) -> 11 | AA14: =INDEX(pigs!$D$3:$AO$60,$Z14,AA$4) -> 87 | AB14: =( 5.7*AF14+9.4*AG14+4.1*(AH14) ) * 0.004184 -> 18.580307 | AC14: 12.7 | AD14: =INDEX(pigs!$D$3:$AO$60,$Z14,AD$4) -> 9 | AE14: =INDEX(pigs!$D$3:$AO$60,$Z14,AE$4) -> 9.4 | AF14: =INDEX(pigs!$D$3:$AO$60,$Z14,AF$4) -> 111 | AG14: =INDEX(pigs!$D$3:$AO$60,$Z14,AG$4) -> 54 | AH14: =1000-SUM(AF14:AG14,AI14) -> 805 | AI14: =INDEX(pigs!$D$3:$AO$60,$Z14,AI$4) -> 30 | AJ14: =AF14*AJ$3/1000*100 -> 1.776 | AK14: =INDEX(pigs!$D$3:$AO$60,$Z14,AK$4)/1000*100 -> 0.36 | AL14: =INDEX(pigs!$D$3:$AO$60,$Z14,AL$4)/1000*100 -> 0.55 | AN14: https://www.feedipedia.org/node/231 | AP14: =MATCH($B14,poultry!$A$3:$A$41,0) -> 10 | AQ14: =INDEX(poultry!$D$3:$U$41,$AP14,AQ$4) -> 87 | AR14: =INDEX(poultry!$D$3:$U$41,$AP14,AR$4)/(AQ14/100) -> 12.298851
B15: triticale | C15: =100-14 -> 86 | D15: =M15 -> 18.228433 | E15: =AVERAGE(T15,AI15)/1000*100 -> 2.05 | F15: =AVERAGE(U15,AJ15) -> 1.864 | G15: =AVERAGE(V15,AK15) -> 0.38 | H15: =AVERAGE(W15,AL15) -> 0.58 | I15: %DM accrding to harvest stat | K15: =MATCH($B15,ruminants!$A$3:$A$120,0) -> 78 | L15: =INDEX(ruminants!$D$3:$AH$120,$K15,L$4) -> 87 | M15: =( 5.7*P15+9.4*Q15+4.1*(R15+S15) ) * 0.004184 -> 18.228433 | N15: =INDEX(ruminants!$D$3:$AH$120,$K15,N$4) -> 14 | O15: =INDEX(ruminants!$D$3:$AH$120,$K15,O$4) -> 15.8 | P15: =INDEX(ruminants!$D$3:$AH$120,$K15,P$4) -> 123 | Q15: =INDEX(ruminants!$D$3:$AH$120,$K15,Q$4) -> 26 | R15: =INDEX(ruminants!$D$3:$AH$120,$K15,R$4) -> 33 | S15: =INDEX(ruminants!$D$3:$AH$120,$K15,S$4) -> 799 | T15: =INDEX(ruminants!$D$3:$AH$120,$K15,T$4) -> 19 | U15: =P15*U$3/1000*100 -> 1.968 | V15: =INDEX(ruminants!$D$3:$AH$120,$K15,V$4)/1000*100 -> 0.4 | W15: =INDEX(ruminants!$D$3:$AH$120,$K15,W$4)/1000*100 -> 0.54 | Z15: =MATCH($B15,pigs!$A$3:$A$60,0) -> 39 | AA15: =INDEX(pigs!$D$3:$AO$60,$Z15,AA$4) -> 87 | AB15: =( 5.7*AF15+9.4*AG15+4.1*(AH15) ) * 0.004184 -> 17.846015 | AC15: 15.6 | AD15: =INDEX(pigs!$D$3:$AO$60,$Z15,AD$4) -> 11.9 | AE15: =INDEX(pigs!$D$3:$AO$60,$Z15,AE$4) -> 12 | AF15: =INDEX(pigs!$D$3:$AO$60,$Z15,AF$4) -> 110 | AG15: =INDEX(pigs!$D$3:$AO$60,$Z15,AG$4) -> 15 | AH15: =1000-SUM(AF15:AG15,AI15) -> 853 | AI15: =INDEX(pigs!$D$3:$AO$60,$Z15,AI$4) -> 22 | AJ15: =AF15*AJ$3/1000*100 -> 1.76 | AK15: =INDEX(pigs!$D$3:$AO$60,$Z15,AK$4)/1000*100 -> 0.36 | AL15: =INDEX(pigs!$D$3:$AO$60,$Z15,AL$4)/1000*100 -> 0.62 | AN15: https://www.feedipedia.org/node/6476 | AP15: =MATCH($B15,poultry!$A$3:$A$41,0) -> 31 | AQ15: =INDEX(poultry!$D$3:$U$41,$AP15,AQ$4) -> 89 | AR15: =INDEX(poultry!$D$3:$U$41,$AP15,AR$4)/(AQ15/100) -> 14.606742
B16: rye | C16: =100-14 -> 86 | D16: =M16 -> 17.924256 | E16: =AVERAGE(T16,AI16)/1000*100 -> 2.05 | F16: =AVERAGE(U16,AJ16) -> 1.624 | G16: =AVERAGE(V16,AK16) -> 0.33 | H16: =AVERAGE(W16,AL16) -> 0.555 | I16: %DM accrding to harvest stat | K16: =MATCH($B16,ruminants!$A$3:$A$120,0) -> 77 | L16: =INDEX(ruminants!$D$3:$AH$120,$K16,L$4) -> 87 | M16: =( 5.7*P16+9.4*Q16+4.1*(R16+S16) ) * 0.004184 -> 17.924256 | N16: =INDEX(ruminants!$D$3:$AH$120,$K16,N$4) -> 13.9 | O16: =INDEX(ruminants!$D$3:$AH$120,$K16,O$4) -> 15.8 | P16: =INDEX(ruminants!$D$3:$AH$120,$K16,P$4) -> 100 | Q16: =INDEX(ruminants!$D$3:$AH$120,$K16,Q$4) -> 20 | R16: =INDEX(ruminants!$D$3:$AH$120,$K16,R$4) -> 25 | S16: =INDEX(ruminants!$D$3:$AH$120,$K16,S$4) -> 835 | T16: =INDEX(ruminants!$D$3:$AH$120,$K16,T$4) -> 20 | U16: =P16*U$3/1000*100 -> 1.6 | V16: =INDEX(ruminants!$D$3:$AH$120,$K16,V$4)/1000*100 -> 0.34 | W16: =INDEX(ruminants!$D$3:$AH$120,$K16,W$4)/1000*100 -> 0.55 | Z16: =MATCH($B16,pigs!$A$3:$A$60,0) -> 38 | AA16: =INDEX(pigs!$D$3:$AO$60,$Z16,AA$4) -> 87 | AB16: =( 5.7*AF16+9.4*AG16+4.1*(AH16) ) * 0.004184 -> 17.794134 | AD16: =INDEX(pigs!$D$3:$AO$60,$Z16,AD$4) -> 11.3 | AE16: =INDEX(pigs!$D$3:$AO$60,$Z16,AE$4) -> 11.5 | AF16: =INDEX(pigs!$D$3:$AO$60,$Z16,AF$4) -> 103 | AG16: =INDEX(pigs!$D$3:$AO$60,$Z16,AG$4) -> 14 | AH16: =1000-SUM(AF16:AG16,AI16) -> 862 | AI16: =INDEX(pigs!$D$3:$AO$60,$Z16,AI$4) -> 21 | AJ16: =AF16*AJ$3/1000*100 -> 1.648 | AK16: =INDEX(pigs!$D$3:$AO$60,$Z16,AK$4)/1000*100 -> 0.32 | AL16: =INDEX(pigs!$D$3:$AO$60,$Z16,AL$4)/1000*100 -> 0.56 | AP16: =MATCH($B16,poultry!$A$3:$A$41,0) -> 30 | AQ16: =INDEX(poultry!$D$3:$U$41,$AP16,AQ$4) -> 87 | AR16: =INDEX(poultry!$D$3:$U$41,$AP16,AR$4)/(AQ16/100) -> 12.873563
B17: maize | C17: =100-14 -> 86 | D17: =M17 -> 18.389935 | E17: =AVERAGE(T17,AI17)/1000*100 -> 1.85 | F17: =AVERAGE(U17,AJ17) -> 1.64 | G17: =AVERAGE(V17,AK17) -> 0.34 | H17: =AVERAGE(W17,AL17) -> 0.465 | I17: %DM accrding to harvest stat | K17: =MATCH($B17,ruminants!$A$3:$A$120,0) -> 53 | L17: =INDEX(ruminants!$D$3:$AH$120,$K17,L$4) -> 48 | M17: =( 5.7*P17+9.4*Q17+4.1*(R17+S17) ) * 0.004184 -> 18.389935 | N17: =INDEX(ruminants!$D$3:$AH$120,$K17,N$4) -> 12.8 | O17: =INDEX(ruminants!$D$3:$AH$120,$K17,O$4) -> 14.5 | P17: =INDEX(ruminants!$D$3:$AH$120,$K17,P$4) -> 111 | Q17: =INDEX(ruminants!$D$3:$AH$120,$K17,Q$4) -> 40 | R17: =INDEX(ruminants!$D$3:$AH$120,$K17,R$4) -> 63 | S17: =INDEX(ruminants!$D$3:$AH$120,$K17,S$4) -> 763 | T17: =INDEX(ruminants!$D$3:$AH$120,$K17,T$4) -> 23 | U17: =P17*U$3/1000*100 -> 1.776 | V17: =INDEX(ruminants!$D$3:$AH$120,$K17,V$4)/1000*100 -> 0.36 | W17: =INDEX(ruminants!$D$3:$AH$120,$K17,W$4)/1000*100 -> 0.53 | Z17: =MATCH($B17,pigs!$A$3:$A$60,0) -> 19 | AA17: =INDEX(pigs!$D$3:$AO$60,$Z17,AA$4) -> 87 | AB17: =( 5.7*AF17+9.4*AG17+4.1*(AH17) ) * 0.004184 -> 18.497046 | AC17: 16.5 | AD17: =INDEX(pigs!$D$3:$AO$60,$Z17,AD$4) -> 12.8 | AE17: =INDEX(pigs!$D$3:$AO$60,$Z17,AE$4) -> 13.2 | AF17: =INDEX(pigs!$D$3:$AO$60,$Z17,AF$4) -> 94 | AG17: =INDEX(pigs!$D$3:$AO$60,$Z17,AG$4) -> 43 | AH17: =1000-SUM(AF17:AG17,AI17) -> 849 | AI17: =INDEX(pigs!$D$3:$AO$60,$Z17,AI$4) -> 14 | AJ17: =AF17*AJ$3/1000*100 -> 1.504 | AK17: =INDEX(pigs!$D$3:$AO$60,$Z17,AK$4)/1000*100 -> 0.32 | AL17: =INDEX(pigs!$D$3:$AO$60,$Z17,AL$4)/1000*100 -> 0.4 | AN17: https://www.feedipedia.org/node/556 | AP17: =MATCH($B17,poultry!$A$3:$A$41,0) -> 24 | AQ17: =INDEX(poultry!$D$3:$U$41,$AP17,AQ$4) -> 87 | AR17: =INDEX(poultry!$D$3:$U$41,$AP17,AR$4)/(AQ17/100) -> 15.862069
B18: peas | C18: =100-15 -> 85 | D18: =M18 -> 18.478218 | E18: =AVERAGE(T18,AI18)/1000*100 -> 3.4 | F18: =AVERAGE(U18,AJ18) -> 3.72 | G18: =AVERAGE(V18,AK18) -> 0.445 | H18: =AVERAGE(W18,AL18) -> 1.155 | I18: %DM accrding to harvest stat | K18: =MATCH($B18,ruminants!$A$3:$A$120,0) -> 115 | L18: =INDEX(ruminants!$D$3:$AH$120,$K18,L$4) -> 87 | M18: =( 5.7*P18+9.4*Q18+4.1*(R18+S18) ) * 0.004184 -> 18.478218 | N18: =INDEX(ruminants!$D$3:$AH$120,$K18,N$4) -> 13.8 | O18: =INDEX(ruminants!$D$3:$AH$120,$K18,O$4) -> 16 | P18: =INDEX(ruminants!$D$3:$AH$120,$K18,P$4) -> 226 | Q18: =INDEX(ruminants!$D$3:$AH$120,$K18,Q$4) -> 17 | R18: =INDEX(ruminants!$D$3:$AH$120,$K18,R$4) -> 78 | S18: =INDEX(ruminants!$D$3:$AH$120,$K18,S$4) -> 646 | T18: =INDEX(ruminants!$D$3:$AH$120,$K18,T$4) -> 33 | U18: =P18*U$3/1000*100 -> 3.616 | V18: =INDEX(ruminants!$D$3:$AH$120,$K18,V$4)/1000*100 -> 0.43 | W18: =INDEX(ruminants!$D$3:$AH$120,$K18,W$4)/1000*100 -> 1.11 | Z18: =MATCH($B18,pigs!$A$3:$A$60,0) -> 56 | AA18: =INDEX(pigs!$D$3:$AO$60,$Z18,AA$4) -> 87 | AB18: =( 5.7*AF18+9.4*AG18+4.1*(AH18) ) * 0.004184 -> 18.42006 | AC18: 16.1 | AD18: =INDEX(pigs!$D$3:$AO$60,$Z18,AD$4) -> 11.2 | AE18: =INDEX(pigs!$D$3:$AO$60,$Z18,AE$4) -> 11.5 | AF18: =INDEX(pigs!$D$3:$AO$60,$Z18,AF$4) -> 239 | AG18: =INDEX(pigs!$D$3:$AO$60,$Z18,AG$4) -> 12 | AH18: =1000-SUM(AF18:AG18,AI18) -> 714 | AI18: =INDEX(pigs!$D$3:$AO$60,$Z18,AI$4) -> 35 | AJ18: =AF18*AJ$3/1000*100 -> 3.824 | AK18: =INDEX(pigs!$D$3:$AO$60,$Z18,AK$4)/1000*100 -> 0.46 | AL18: =INDEX(pigs!$D$3:$AO$60,$Z18,AL$4)/1000*100 -> 1.2 | AN18: https://www.feedipedia.org/node/264 | AP18: =MATCH($B18,poultry!$A$3:$A$41,0) -> 39 | AQ18: =INDEX(poultry!$D$3:$U$41,$AP18,AQ$4) -> 87 | AR18: =INDEX(poultry!$D$3:$U$41,$AP18,AR$4)/(AQ18/100) -> 12.643678
B19: broad beans | C19: =100-15 -> 85 | D19: =M19 -> 18.737207 | E19: =AVERAGE(T19,AI19)/1000*100 -> 4 | F19: =AVERAGE(U19,AJ19) -> 4.808 | G19: =AVERAGE(V19,AK19) -> 0.615 | H19: =AVERAGE(W19,AL19) -> 1.375 | I19: %DM accrding to harvest stat | L19: 86.6 | M19: =( 5.7*P19+9.4*Q19+4.1*(R19+S19) ) * 0.004184 -> 18.737207 | N19: 13.3 | O19: =INDEX(ruminants!$D$3:$AH$120,$K19,O$4) -> 12.6 | P19: 290 | Q19: 14 | R19: 91 | S19: =1000-SUM(P19:R19,T19) -> 566 | T19: 39 | U19: =P19*U$3/1000*100 -> 4.64 | V19: =5.5/1000*100 -> 0.55 | W19: =11.5/1000*100 -> 1.15 | X19: https://www.feedipedia.org/node/12799 | Z19: =MATCH($B19,pigs!$A$3:$A$60,0) -> 57 | AA19: =INDEX(pigs!$D$3:$AO$60,$Z19,AA$4) -> 87 | AB19: =( 5.7*AF19+9.4*AG19+4.1*(AH19) ) * 0.004184 -> 18.821306 | AC19: 15.5 | AD19: =INDEX(pigs!$D$3:$AO$60,$Z19,AD$4) -> 10.7 | AE19: =INDEX(pigs!$D$3:$AO$60,$Z19,AE$4) -> 10.9 | AF19: =INDEX(pigs!$D$3:$AO$60,$Z19,AF$4) -> 311 | AG19: =INDEX(pigs!$D$3:$AO$60,$Z19,AG$4) -> 13 | AH19: =1000-SUM(AF19:AG19,AI19) -> 635 | AI19: =INDEX(pigs!$D$3:$AO$60,$Z19,AI$4) -> 41 | AJ19: =AF19*AJ$3/1000*100 -> 4.976 | AK19: =INDEX(pigs!$D$3:$AO$60,$Z19,AK$4)/1000*100 -> 0.68 | AL19: =INDEX(pigs!$D$3:$AO$60,$Z19,AL$4)/1000*100 -> 1.6 | AN19: https://www.feedipedia.org/node/12799
B20: rapeseed | C20: =100-9 -> 91 | D20: =M20 -> 27.903096 | E20: =AVERAGE(T20,AI20)/1000*100 -> 4.65 | F20: =AVERAGE(U20,AJ20) -> 3.336 | G20: =AVERAGE(V20,AK20) -> 0.81 | H20: =AVERAGE(W20,AL20) -> 0.91 | I20: %DM accrding to harvest stat | K20: =MATCH($B20,ruminants!$A$3:$A$120,0) -> 71 | L20: =INDEX(ruminants!$D$3:$AH$120,$K20,L$4) -> 93 | M20: =( 5.7*P20+9.4*Q20+4.1*(R20+S20) ) * 0.004184 -> 27.903096 | N20: =INDEX(ruminants!$D$3:$AH$120,$K20,N$4) -> 22.1 | O20: =INDEX(ruminants!$D$3:$AH$120,$K20,O$4) -> 22.1 | P20: =INDEX(ruminants!$D$3:$AH$120,$K20,P$4) -> 210 | Q20: =INDEX(ruminants!$D$3:$AH$120,$K20,Q$4) -> 460 | R20: =INDEX(ruminants!$D$3:$AH$120,$K20,R$4) -> 80 | S20: =INDEX(ruminants!$D$3:$AH$120,$K20,S$4) -> 200 | T20: =INDEX(ruminants!$D$3:$AH$120,$K20,T$4) -> 50 | U20: =P20*U$3/1000*100 -> 3.36 | V20: =INDEX(ruminants!$D$3:$AH$120,$K20,V$4)/1000*100 -> 0.86 | W20: =INDEX(ruminants!$D$3:$AH$120,$K20,W$4)/1000*100 -> 0.82 | Z20: =MATCH($B20,pigs!$A$3:$A$60,0) -> 33 | AA20: =INDEX(pigs!$D$3:$AO$60,$Z20,AA$4) -> 92 | AB20: =( 5.7*AF20+9.4*AG20+4.1*(AH20) ) * 0.004184 -> 27.892218 | AC20: 23.5 | AD20: =INDEX(pigs!$D$3:$AO$60,$Z20,AD$4) -> 18 | AE20: =INDEX(pigs!$D$3:$AO$60,$Z20,AE$4) -> 18.5 | AF20: =INDEX(pigs!$D$3:$AO$60,$Z20,AF$4) -> 207 | AG20: =INDEX(pigs!$D$3:$AO$60,$Z20,AG$4) -> 455 | AH20: =1000-SUM(AF20:AG20,AI20) -> 295 | AI20: =INDEX(pigs!$D$3:$AO$60,$Z20,AI$4) -> 43 | AJ20: =AF20*AJ$3/1000*100 -> 3.312 | AK20: =INDEX(pigs!$D$3:$AO$60,$Z20,AK$4)/1000*100 -> 0.76 | AL20: =INDEX(pigs!$D$3:$AO$60,$Z20,AL$4)/1000*100 -> 1 | AN20: https://www.feedipedia.org/node/15617 | AR20: 16.8 | AS20: https://www.feedipedia.org/node/15617
B21: linseed | C21: =100-9 -> 91 | D21: =M21 -> 26.501456 | E21: =AVERAGE(T21,AI21)/1000*100 -> 3.9 | F21: =AVERAGE(U21,AJ21) -> 3.736 | G21: =AVERAGE(V21,AK21) -> 0.57 | H21: =AVERAGE(W21,AL21) -> 0.895 | I21: %DM accrding to harvest stat | K21: =MATCH($B21,ruminants!$A$3:$A$120,0) -> 45 | L21: =INDEX(ruminants!$D$3:$AH$120,$K21,L$4) -> 93 | M21: =( 5.7*P21+9.4*Q21+4.1*(R21+S21) ) * 0.004184 -> 26.501456 | N21: =INDEX(ruminants!$D$3:$AH$120,$K21,N$4) -> 20.1 | O21: =INDEX(ruminants!$D$3:$AH$120,$K21,O$4) -> 20.8 | P21: =INDEX(ruminants!$D$3:$AH$120,$K21,P$4) -> 240 | Q21: =INDEX(ruminants!$D$3:$AH$120,$K21,Q$4) -> 380 | R21: =INDEX(ruminants!$D$3:$AH$120,$K21,R$4) -> 70 | S21: =INDEX(ruminants!$D$3:$AH$120,$K21,S$4) -> 270 | T21: =INDEX(ruminants!$D$3:$AH$120,$K21,T$4) -> 40 | U21: =P21*U$3/1000*100 -> 3.84 | V21: =INDEX(ruminants!$D$3:$AH$120,$K21,V$4)/1000*100 -> 0.57 | W21: =INDEX(ruminants!$D$3:$AH$120,$K21,W$4)/1000*100 -> 0.9 | Z21: =MATCH($B21,pigs!$A$3:$A$60,0) -> 14 | AA21: =INDEX(pigs!$D$3:$AO$60,$Z21,AA$4) -> 91 | AB21: =( 5.7*AF21+9.4*AG21+4.1*(AH21) ) * 0.004184 -> 27.712724 | AC21: 20.9 | AD21: =INDEX(pigs!$D$3:$AO$60,$Z21,AD$4) -> 17.3 | AE21: =INDEX(pigs!$D$3:$AO$60,$Z21,AE$4) -> 17.5 | AF21: =INDEX(pigs!$D$3:$AO$60,$Z21,AF$4) -> 227 | AG21: =INDEX(pigs!$D$3:$AO$60,$Z21,AG$4) -> 437 | AH21: =1000-SUM(AF21:AG21,AI21) -> 298 | AI21: =INDEX(pigs!$D$3:$AO$60,$Z21,AI$4) -> 38 | AJ21: =AF21*AJ$3/1000*100 -> 3.632 | AK21: =INDEX(pigs!$D$3:$AO$60,$Z21,AK$4)/1000*100 -> 0.57 | AL21: =INDEX(pigs!$D$3:$AO$60,$Z21,AL$4)/1000*100 -> 0.89 | AN21: https://www.feedipedia.org/node/36
B22: vegetable oils | C22: =AVERAGE(AA22,L22) -> 100 | D22: =M22 -> 39.3296 | E22: =AVERAGE(T22,AI22)/1000*100 -> 0 | F22: =AVERAGE(U22,AJ22) -> 0 | G22: =AVERAGE(V22,AK22) -> 0 | H22: =AVERAGE(W22,AL22) -> 0 | L22: 100 | M22: =( 5.7*P22+9.4*Q22+4.1*(R22+S22) ) * 0.004184 -> 39.3296 | N22: 36.6 | O22: =N22 -> 36.6 | P22: 0 | Q22: 1000 | R22: 0 | S22: 0 | T22: 0 | U22: =P22*U$3/1000*100 -> 0 | V22: 0 | W22: 0 | X22: https://www.feedtables.com/content/rapeseed-oil | Z22: =MATCH($B22,pigs!$A$3:$A$60,0) -> 28 | AA22: =INDEX(pigs!$D$3:$AO$60,$Z22,AA$4) -> 100 | AB22: =( 5.7*AF22+9.4*AG22+4.1*(AH22) ) * 0.004184 -> 39.3296 | AC22: 34.5 | AD22: =INDEX(pigs!$D$3:$AO$60,$Z22,AD$4) -> 29.8 | AE22: =INDEX(pigs!$D$3:$AO$60,$Z22,AE$4) -> 29.8 | AF22: =INDEX(pigs!$D$3:$AO$60,$Z22,AF$4) -> 0 | AG22: =INDEX(pigs!$D$3:$AO$60,$Z22,AG$4) -> 1000 | AH22: =1000-SUM(AF22:AG22,AI22) -> 0 | AI22: =INDEX(pigs!$D$3:$AO$60,$Z22,AI$4) -> 0 | AJ22: =AF22*AJ$3/1000*100 -> 0 | AK22: =INDEX(pigs!$D$3:$AO$60,$Z22,AK$4)/1000*100 -> 0 | AL22: =INDEX(pigs!$D$3:$AO$60,$Z22,AL$4)/1000*100 -> 0 | AN22: https://www.feedtables.com/content/rapeseed-oil | AP22: =MATCH($B22,poultry!$A$3:$A$41,0) -> 1 | AQ22: =INDEX(poultry!$D$3:$U$41,$AP22,AQ$4) -> 99 | AR22: =INDEX(poultry!$D$3:$U$41,$AP22,AR$4)/(AQ22/100) -> 38.080808
B23: straw | C23: =AVERAGE(AA23,L23) -> 85 | D23: =M23 -> 16.927627 | E23: =AVERAGE(T23,AI23)/1000*100 -> 6.6 | F23: =AVERAGE(U23,AJ23) -> 1.104 | G23: =AVERAGE(V23,AK23) -> 0.26 | H23: =AVERAGE(W23,AL23) -> 1.68 | K23: =MATCH($B23,ruminants!$A$3:$A$120,0) -> 22 | L23: =INDEX(ruminants!$D$3:$AH$120,$K23,L$4) -> 85 | M23: =( 5.7*P23+9.4*Q23+4.1*(R23+S23) ) * 0.004184 -> 16.927627 | N23: =INDEX(ruminants!$D$3:$AH$120,$K23,N$4) -> 6.6 | O23: =INDEX(ruminants!$D$3:$AH$120,$K23,O$4) -> 7.6 | P23: =INDEX(ruminants!$D$3:$AH$120,$K23,P$4) -> 69 | Q23: =INDEX(ruminants!$D$3:$AH$120,$K23,Q$4) -> 20 | R23: =INDEX(ruminants!$D$3:$AH$120,$K23,R$4) -> 436 | S23: =INDEX(ruminants!$D$3:$AH$120,$K23,S$4) -> 409 | T23: =INDEX(ruminants!$D$3:$AH$120,$K23,T$4) -> 66 | U23: =P23*U$3/1000*100 -> 1.104 | V23: =INDEX(ruminants!$D$3:$AH$120,$K23,V$4)/1000*100 -> 0.26 | W23: =INDEX(ruminants!$D$3:$AH$120,$K23,W$4)/1000*100 -> 1.68
B24: soybeans | C24: =AVERAGE(AA24,L24) -> 87 | D24: =M24 -> 22.965976 | E24: =AVERAGE(T24,AI24)/1000*100 -> 5 | F24: =AVERAGE(U24,AJ24) -> 6.4 | G24: =AVERAGE(V24,AK24) -> 0.63 | H24: =AVERAGE(W24,AL24) -> 1.9 | K24: =MATCH($B24,ruminants!$A$3:$A$120,0) -> 92 | L24: =INDEX(ruminants!$D$3:$AH$120,$K24,L$4) -> 87 | M24: =( 5.7*P24+9.4*Q24+4.1*(R24+S24) ) * 0.004184 -> 22.965976 | N24: =INDEX(ruminants!$D$3:$AH$120,$K24,N$4) -> 16.4 | O24: =INDEX(ruminants!$D$3:$AH$120,$K24,O$4) -> 18.4 | P24: =INDEX(ruminants!$D$3:$AH$120,$K24,P$4) -> 400 | Q24: =INDEX(ruminants!$D$3:$AH$120,$K24,Q$4) -> 180 | R24: =INDEX(ruminants!$D$3:$AH$120,$K24,R$4) -> 60 | S24: =INDEX(ruminants!$D$3:$AH$120,$K24,S$4) -> 310 | T24: =INDEX(ruminants!$D$3:$AH$120,$K24,T$4) -> 50 | U24: =P24*U$3/1000*100 -> 6.4 | V24: =INDEX(ruminants!$D$3:$AH$120,$K24,V$4)/1000*100 -> 0.63 | W24: =INDEX(ruminants!$D$3:$AH$120,$K24,W$4)/1000*100 -> 1.9 | AR24: 16 | AS24: https://www.feedipedia.org/node/12625
B25: soybean meal | C25: =AVERAGE(AA25,L25) -> 87.5 | D25: =M25 -> 19.589488 | E25: =AVERAGE(T25,AI25)/1000*100 -> 7.15 | F25: =AVERAGE(U25,AJ25) -> 8.208 | G25: =AVERAGE(V25,AK25) -> 0.715 | H25: =AVERAGE(W25,AL25) -> 2.35 | K25: =MATCH($B25,ruminants!$A$3:$A$120,0) -> 93 | L25: =INDEX(ruminants!$D$3:$AH$120,$K25,L$4) -> 87 | M25: =( 5.7*P25+9.4*Q25+4.1*(R25+S25) ) * 0.004184 -> 19.589488 | N25: =INDEX(ruminants!$D$3:$AH$120,$K25,N$4) -> 14.6 | O25: =INDEX(ruminants!$D$3:$AH$120,$K25,O$4) -> 17.8 | P25: =INDEX(ruminants!$D$3:$AH$120,$K25,P$4) -> 510 | Q25: =INDEX(ruminants!$D$3:$AH$120,$K25,Q$4) -> 10 | R25: =INDEX(ruminants!$D$3:$AH$120,$K25,R$4) -> 60 | S25: =INDEX(ruminants!$D$3:$AH$120,$K25,S$4) -> 350 | T25: =INDEX(ruminants!$D$3:$AH$120,$K25,T$4) -> 70 | U25: =P25*U$3/1000*100 -> 8.16 | V25: =INDEX(ruminants!$D$3:$AH$120,$K25,V$4)/1000*100 -> 0.72 | W25: =INDEX(ruminants!$D$3:$AH$120,$K25,W$4)/1000*100 -> 2.3 | Z25: =MATCH($B25,pigs!$A$3:$A$60,0) -> 43 | AA25: =INDEX(pigs!$D$3:$AO$60,$Z25,AA$4) -> 88 | AB25: =( 5.7*AF25+9.4*AG25+4.1*(AH25) ) * 0.004184 -> 19.822118 | AC25: 16.8 | AD25: =INDEX(pigs!$D$3:$AO$60,$Z25,AD$4) -> 9.3 | AE25: =INDEX(pigs!$D$3:$AO$60,$Z25,AE$4) -> 9.9 | AF25: =INDEX(pigs!$D$3:$AO$60,$Z25,AF$4) -> 516 | AG25: =INDEX(pigs!$D$3:$AO$60,$Z25,AG$4) -> 21 | AH25: =1000-SUM(AF25:AG25,AI25) -> 390 | AI25: =INDEX(pigs!$D$3:$AO$60,$Z25,AI$4) -> 73 | AJ25: =AF25*AJ$3/1000*100 -> 8.256 | AK25: =INDEX(pigs!$D$3:$AO$60,$Z25,AK$4)/1000*100 -> 0.71 | AL25: =INDEX(pigs!$D$3:$AO$60,$Z25,AL$4)/1000*100 -> 2.4 | AN25: https://www.feedipedia.org/node/26068 | AP25: =MATCH($B25,poultry!$A$3:$A$41,0) -> 33 | AQ25: =INDEX(poultry!$D$3:$U$41,$AP25,AQ$4) -> 87 | AR25: =INDEX(poultry!$D$3:$U$41,$AP25,AR$4)/(AQ25/100) -> 10.45977
B26: soybean protein concentrate | C26: =AVERAGE(AA26,L26) -> 87.5 | D26: =AB26 -> 20.560594 | E26: =AVERAGE(T26,AI26)/1000*100 -> 7.35 | F26: =AVERAGE(U26,AJ26) -> 9.288 | G26: =AVERAGE(V26,AK26) -> 0.79 | H26: =AVERAGE(W26,AL26) -> 2.465 | L26: 88 | M26: =( 5.7*P26+9.4*Q26+4.1*(R26+S26) ) * 0.004184 -> 19.974416 | N26: 13.4 | O26: =M26*0.911 -> 18.196693 | P26: 552 | Q26: 17 | R26: 44 | S26: =1000-SUM(P26:R26,T26) -> 314 | T26: 73 | U26: =P26*U$3/1000*100 -> 8.832 | V26: =7.1/1000*100 -> 0.71 | W26: =24.3/1000*100 -> 2.43 | X26: https://www.feedipedia.org/node/11683 | Z26: =MATCH($B26,pigs!$A$3:$A$60,0) -> 45 | AA26: =INDEX(pigs!$D$3:$AO$60,$Z26,AA$4) -> 87 | AB26: =( 5.7*AF26+9.4*AG26+4.1*(AH26) ) * 0.004184 -> 20.560594 | AC26: 17.3 | AD26: =INDEX(pigs!$D$3:$AO$60,$Z26,AD$4) -> 9.7 | AE26: =INDEX(pigs!$D$3:$AO$60,$Z26,AE$4) -> 10.3 | AF26: =INDEX(pigs!$D$3:$AO$60,$Z26,AF$4) -> 609 | AG26: =INDEX(pigs!$D$3:$AO$60,$Z26,AG$4) -> 27 | AH26: =1000-SUM(AF26:AG26,AI26) -> 290 | AI26: =INDEX(pigs!$D$3:$AO$60,$Z26,AI$4) -> 74 | AJ26: =AF26*AJ$3/1000*100 -> 9.744 | AK26: =INDEX(pigs!$D$3:$AO$60,$Z26,AK$4)/1000*100 -> 0.87 | AL26: =INDEX(pigs!$D$3:$AO$60,$Z26,AL$4)/1000*100 -> 2.5 | AN26: https://www.feedipedia.org/node/11683
B27: rapeseed meal | C27: =AVERAGE(AA27,L27) -> 89.5 | D27: =M27 -> 19.492001 | E27: =AVERAGE(T27,AI27)/1000*100 -> 7.7 | F27: =AVERAGE(U27,AJ27) -> 6.152 | G27: =AVERAGE(V27,AK27) -> 1.245 | H27: =AVERAGE(W27,AL27) -> 1.55 | K27: =MATCH($B27,ruminants!$A$3:$A$120,0) -> 70 | L27: =INDEX(ruminants!$D$3:$AH$120,$K27,L$4) -> 90 | M27: =( 5.7*P27+9.4*Q27+4.1*(R27+S27) ) * 0.004184 -> 19.492001 | N27: =INDEX(ruminants!$D$3:$AH$120,$K27,N$4) -> 12.2 | O27: =INDEX(ruminants!$D$3:$AH$120,$K27,O$4) -> 14.6 | P27: =INDEX(ruminants!$D$3:$AH$120,$K27,P$4) -> 389 | Q27: =INDEX(ruminants!$D$3:$AH$120,$K27,Q$4) -> 46 | R27: =INDEX(ruminants!$D$3:$AH$120,$K27,R$4) -> 140 | S27: =INDEX(ruminants!$D$3:$AH$120,$K27,S$4) -> 350 | T27: =INDEX(ruminants!$D$3:$AH$120,$K27,T$4) -> 75 | U27: =P27*U$3/1000*100 -> 6.224 | V27: =INDEX(ruminants!$D$3:$AH$120,$K27,V$4)/1000*100 -> 1.2 | W27: =INDEX(ruminants!$D$3:$AH$120,$K27,W$4)/1000*100 -> 1.6 | Z27: =MATCH($B27,pigs!$A$3:$A$60,0) -> 36 | AA27: =INDEX(pigs!$D$3:$AO$60,$Z27,AA$4) -> 89 | AB27: =( 5.7*AF27+9.4*AG27+4.1*(AH27) ) * 0.004184 -> 18.91963 | AC27: 13.3 | AD27: =INDEX(pigs!$D$3:$AO$60,$Z27,AD$4) -> 7.1 | AE27: =INDEX(pigs!$D$3:$AO$60,$Z27,AE$4) -> 7.7 | AF27: =INDEX(pigs!$D$3:$AO$60,$Z27,AF$4) -> 380 | AG27: =INDEX(pigs!$D$3:$AO$60,$Z27,AG$4) -> 26 | AH27: =1000-SUM(AF27:AG27,AI27) -> 515 | AI27: =INDEX(pigs!$D$3:$AO$60,$Z27,AI$4) -> 79 | AJ27: =AF27*AJ$3/1000*100 -> 6.08 | AK27: =INDEX(pigs!$D$3:$AO$60,$Z27,AK$4)/1000*100 -> 1.29 | AL27: =INDEX(pigs!$D$3:$AO$60,$Z27,AL$4)/1000*100 -> 1.5 | AN27: https://www.feedipedia.org/node/12503 | AP27: =MATCH($B27,poultry!$A$3:$A$41,0) -> 29 | AQ27: =INDEX(poultry!$D$3:$U$41,$AP27,AQ$4) -> 90 | AR27: =INDEX(poultry!$D$3:$U$41,$AP27,AR$4)/(AQ27/100) -> 8.4444444
B28: sunflower seed meal | C28: =AVERAGE(AA28,L28) -> 91 | D28: =M28 -> 19.083224 | E28: =AVERAGE(T28,AI28)/1000*100 -> 7.75 | F28: =AVERAGE(U28,AJ28) -> 6.664 | G28: =AVERAGE(V28,AK28) -> 1.305 | H28: =AVERAGE(W28,AL28) -> 1.75 | K28: =MATCH($B28,ruminants!$A$3:$A$120,0) -> 99 | L28: =INDEX(ruminants!$D$3:$AH$120,$K28,L$4) -> 92 | M28: =( 5.7*P28+9.4*Q28+4.1*(R28+S28) ) * 0.004184 -> 19.083224 | N28: =INDEX(ruminants!$D$3:$AH$120,$K28,N$4) -> 11.4 | O28: =INDEX(ruminants!$D$3:$AH$120,$K28,O$4) -> 14.1 | P28: =INDEX(ruminants!$D$3:$AH$120,$K28,P$4) -> 460 | Q28: =INDEX(ruminants!$D$3:$AH$120,$K28,Q$4) -> 10 | R28: =INDEX(ruminants!$D$3:$AH$120,$K28,R$4) -> 170 | S28: =INDEX(ruminants!$D$3:$AH$120,$K28,S$4) -> 280 | T28: =INDEX(ruminants!$D$3:$AH$120,$K28,T$4) -> 80 | U28: =P28*U$3/1000*100 -> 7.36 | V28: =INDEX(ruminants!$D$3:$AH$120,$K28,V$4)/1000*100 -> 1.35 | W28: =INDEX(ruminants!$D$3:$AH$120,$K28,W$4)/1000*100 -> 1.8 | Z28: =MATCH($B28,pigs!$A$3:$A$60,0) -> 46 | AA28: =INDEX(pigs!$D$3:$AO$60,$Z28,AA$4) -> 90 | AB28: =( 5.7*AF28+9.4*AG28+4.1*(AH28) ) * 0.004184 -> 18.78616 | AC28: 10.3 | AD28: =INDEX(pigs!$D$3:$AO$60,$Z28,AD$4) -> 5.9 | AE28: =INDEX(pigs!$D$3:$AO$60,$Z28,AE$4) -> 6.5 | AF28: =INDEX(pigs!$D$3:$AO$60,$Z28,AF$4) -> 373 | AG28: =INDEX(pigs!$D$3:$AO$60,$Z28,AG$4) -> 19 | AH28: =1000-SUM(AF28:AG28,AI28) -> 533 | AI28: =INDEX(pigs!$D$3:$AO$60,$Z28,AI$4) -> 75 | AJ28: =AF28*AJ$3/1000*100 -> 5.968 | AK28: =INDEX(pigs!$D$3:$AO$60,$Z28,AK$4)/1000*100 -> 1.26 | AL28: =INDEX(pigs!$D$3:$AO$60,$Z28,AL$4)/1000*100 -> 1.7 | AN28: https://www.feedipedia.org/node/12663 | AR28: 8.6 | AS28: https://www.feedipedia.org/node/12663
B29: palm kernel expeller | C29: =AVERAGE(AA29,L29) -> 91 | D29: =M29 -> 19.581538 | E29: =AVERAGE(T29,AI29)/1000*100 -> 4.5 | F29: =AVERAGE(U29,AJ29) -> 2.536 | G29: =AVERAGE(V29,AK29) -> 0.645 | H29: =AVERAGE(W29,AL29) -> 0.775 | K29: =MATCH($B29,ruminants!$A$3:$A$120,0) -> 60 | L29: =INDEX(ruminants!$D$3:$AH$120,$K29,L$4) -> 91 | M29: =( 5.7*P29+9.4*Q29+4.1*(R29+S29) ) * 0.004184 -> 19.581538 | N29: =INDEX(ruminants!$D$3:$AH$120,$K29,N$4) -> 13.4 | O29: =INDEX(ruminants!$D$3:$AH$120,$K29,O$4) -> 15 | P29: =INDEX(ruminants!$D$3:$AH$120,$K29,P$4) -> 154 | Q29: =INDEX(ruminants!$D$3:$AH$120,$K29,Q$4) -> 97 | R29: =INDEX(ruminants!$D$3:$AH$120,$K29,R$4) -> 228 | S29: =INDEX(ruminants!$D$3:$AH$120,$K29,S$4) -> 477 | T29: =INDEX(ruminants!$D$3:$AH$120,$K29,T$4) -> 44 | U29: =P29*U$3/1000*100 -> 2.464 | V29: =INDEX(ruminants!$D$3:$AH$120,$K29,V$4)/1000*100 -> 0.65 | W29: =INDEX(ruminants!$D$3:$AH$120,$K29,W$4)/1000*100 -> 0.8 | Z29: =MATCH($B29,pigs!$A$3:$A$60,0) -> 29 | AA29: =INDEX(pigs!$D$3:$AO$60,$Z29,AA$4) -> 91 | AB29: =( 5.7*AF29+9.4*AG29+4.1*(AH29) ) * 0.004184 -> 19.540954 | AC29: 8.4 | AD29: =INDEX(pigs!$D$3:$AO$60,$Z29,AD$4) -> 5.4 | AE29: =INDEX(pigs!$D$3:$AO$60,$Z29,AE$4) -> 6.2 | AF29: =INDEX(pigs!$D$3:$AO$60,$Z29,AF$4) -> 163 | AG29: =INDEX(pigs!$D$3:$AO$60,$Z29,AG$4) -> 94 | AH29: =1000-SUM(AF29:AG29,AI29) -> 697 | AI29: =INDEX(pigs!$D$3:$AO$60,$Z29,AI$4) -> 46 | AJ29: =AF29*AJ$3/1000*100 -> 2.608 | AK29: =INDEX(pigs!$D$3:$AO$60,$Z29,AK$4)/1000*100 -> 0.64 | AL29: =INDEX(pigs!$D$3:$AO$60,$Z29,AL$4)/1000*100 -> 0.75
B30: luzern meal | C30: =AVERAGE(AA30,L30) -> 90 | D30: =M30 -> 16.971141 | E30: =AVERAGE(T30,AI30)/1000*100 -> 11.7 | F30: =AVERAGE(U30,AJ30) -> 2.928 | G30: =AVERAGE(V30,AK30) -> 0.27 | H30: =AVERAGE(W30,AL30) -> 2.56 | L30: 90 | M30: =( 5.7*P30+9.4*Q30+4.1*(R30+S30) ) * 0.004184 -> 16.971141 | N30: 8.5 | O30: 10.7 | P30: 183 | Q30: 27 | R30: 286 | S30: =1000-SUM(P30:R30,T30) -> 387 | T30: 117 | U30: =P30*U$3/1000*100 -> 2.928 | V30: =2.7/1000*100 -> 0.27 | W30: =25.6/1000*100 -> 2.56 | X30: https://www.feedipedia.org/node/11744
B31: wheat bran | C31: =AVERAGE(AA31,L31) -> 87 | D31: =M31 -> 18.194124 | E31: =AVERAGE(T31,AI31)/1000*100 -> 5.9 | F31: =AVERAGE(U31,AJ31) -> 2.64 | G31: =AVERAGE(V31,AK31) -> 1.195 | H31: =AVERAGE(W31,AL31) -> 1.35 | K31: =MATCH($B31,ruminants!$A$3:$A$120,0) -> 111 | L31: =INDEX(ruminants!$D$3:$AH$120,$K31,L$4) -> 87 | M31: =( 5.7*P31+9.4*Q31+4.1*(R31+S31) ) * 0.004184 -> 18.194124 | N31: =INDEX(ruminants!$D$3:$AH$120,$K31,N$4) -> 11 | O31: =INDEX(ruminants!$D$3:$AH$120,$K31,O$4) -> 12.7 | P31: =INDEX(ruminants!$D$3:$AH$120,$K31,P$4) -> 160 | Q31: =INDEX(ruminants!$D$3:$AH$120,$K31,Q$4) -> 45 | R31: =INDEX(ruminants!$D$3:$AH$120,$K31,R$4) -> 115 | S31: =INDEX(ruminants!$D$3:$AH$120,$K31,S$4) -> 620 | T31: =INDEX(ruminants!$D$3:$AH$120,$K31,T$4) -> 60 | U31: =P31*U$3/1000*100 -> 2.56 | V31: =INDEX(ruminants!$D$3:$AH$120,$K31,V$4)/1000*100 -> 1.2 | W31: =INDEX(ruminants!$D$3:$AH$120,$K31,W$4)/1000*100 -> 1.2 | Z31: =MATCH($B31,pigs!$A$3:$A$60,0) -> 55 | AA31: =INDEX(pigs!$D$3:$AO$60,$Z31,AA$4) -> 87 | AB31: =( 5.7*AF31+9.4*AG31+4.1*(AH31) ) * 0.004184 -> 18.184501 | AC31: 10.8 | AD31: =INDEX(pigs!$D$3:$AO$60,$Z31,AD$4) -> 7.2 | AE31: =INDEX(pigs!$D$3:$AO$60,$Z31,AE$4) -> 7.8 | AF31: =INDEX(pigs!$D$3:$AO$60,$Z31,AF$4) -> 170 | AG31: =INDEX(pigs!$D$3:$AO$60,$Z31,AG$4) -> 40 | AH31: =1000-SUM(AF31:AG31,AI31) -> 732 | AI31: =INDEX(pigs!$D$3:$AO$60,$Z31,AI$4) -> 58 | AJ31: =AF31*AJ$3/1000*100 -> 2.72 | AK31: =INDEX(pigs!$D$3:$AO$60,$Z31,AK$4)/1000*100 -> 1.19 | AL31: =INDEX(pigs!$D$3:$AO$60,$Z31,AL$4)/1000*100 -> 1.5 | AN31: https://www.feedipedia.org/node/12751 | AP31: =MATCH($B31,poultry!$A$3:$A$41,0) -> 38 | AQ31: =INDEX(poultry!$D$3:$U$41,$AP31,AQ$4) -> 87 | AR31: =INDEX(poultry!$D$3:$U$41,$AP31,AR$4)/(AQ31/100) -> 7.816092
B32: wheat bran, fine | C32: =AVERAGE(AA32,L32) -> 87.8 | D32: =M32 -> 18.47236 | E32: =AVERAGE(T32,AI32)/1000*100 -> 3.3 | F32: =AVERAGE(U32,AJ32) -> 2.616 | G32: =AVERAGE(V32,AK32) -> 0.815 | H32: =AVERAGE(W32,AL32) -> 0.96 | L32: 87.6 | M32: =( 5.7*P32+9.4*Q32+4.1*(R32+S32) ) * 0.004184 -> 18.47236 | N32: 13.3 | O32: =M32*0.846 -> 15.627617 | P32: 151 | Q32: 27 | R32: 11 | S32: =1000-SUM(P32:R32,T32) -> 794 | T32: 17 | U32: =P32*U$3/1000*100 -> 2.416 | V32: =4.4/1000*100 -> 0.44 | W32: =6.2/1000*100 -> 0.62 | X32: https://www.feedtables.com/content/wheat-feed-flour | Z32: =MATCH($B32,pigs!$A$3:$A$60,0) -> 54 | AA32: =INDEX(pigs!$D$3:$AO$60,$Z32,AA$4) -> 88 | AB32: =( 5.7*AF32+9.4*AG32+4.1*(AH32) ) * 0.004184 -> 18.379057 | AC32: 17.5 | AD32: =INDEX(pigs!$D$3:$AO$60,$Z32,AD$4) -> 8.7 | AE32: =INDEX(pigs!$D$3:$AO$60,$Z32,AE$4) -> 9.2 | AF32: =INDEX(pigs!$D$3:$AO$60,$Z32,AF$4) -> 176 | AG32: =INDEX(pigs!$D$3:$AO$60,$Z32,AG$4) -> 40 | AH32: =1000-SUM(AF32:AG32,AI32) -> 735 | AI32: =INDEX(pigs!$D$3:$AO$60,$Z32,AI$4) -> 49 | AJ32: =AF32*AJ$3/1000*100 -> 2.816 | AK32: =INDEX(pigs!$D$3:$AO$60,$Z32,AK$4)/1000*100 -> 1.19 | AL32: =INDEX(pigs!$D$3:$AO$60,$Z32,AL$4)/1000*100 -> 1.3 | AN32: https://www.feedtables.com/content/wheat-feed-flour | AP32: =MATCH($B32,poultry!$A$3:$A$41,0) -> 36 | AQ32: =INDEX(poultry!$D$3:$U$41,$AP32,AQ$4) -> 87 | AR32: =INDEX(poultry!$D$3:$U$41,$AP32,AR$4)/(AQ32/100) -> 14.022989
B33: oat hulls | C33: =AVERAGE(AA33,L33) -> 87.6 | D33: =M33 -> 16.941016 | E33: =AVERAGE(T33,AI33)/1000*100 -> 5 | F33: =AVERAGE(U33,AJ33) -> 0.48 | G33: =AVERAGE(V33,AK33) -> 0.44 | H33: =AVERAGE(W33,AL33) -> 0.6 | K33: =MATCH($B33,ruminants!$A$3:$A$120,0) -> 29 | L33: 87.6 | M33: =( 5.7*P33+9.4*Q33+4.1*(R33+S33) ) * 0.004184 -> 16.941016 | N33: =INDEX(ruminants!$D$3:$AH$120,$K33,N$4) -> 5.2 | O33: =INDEX(ruminants!$D$3:$AH$120,$K33,O$4) -> 6.2 | P33: =INDEX(ruminants!$D$3:$AH$120,$K33,P$4) -> 30 | Q33: =INDEX(ruminants!$D$3:$AH$120,$K33,Q$4) -> 20 | R33: =INDEX(ruminants!$D$3:$AH$120,$K33,R$4) -> 340 | S33: =INDEX(ruminants!$D$3:$AH$120,$K33,S$4) -> 560 | T33: =INDEX(ruminants!$D$3:$AH$120,$K33,T$4) -> 50 | U33: =P33*U$3/1000*100 -> 0.48 | V33: =INDEX(ruminants!$D$3:$AH$120,$K33,V$4)/1000*100 -> 0.44 | W33: =INDEX(ruminants!$D$3:$AH$120,$K33,W$4)/1000*100 -> 0.6
B34: oat bran | C34: =AVERAGE(AA34,L34) -> 87.6 | D34: =M34 -> 17.342262 | E34: =AVERAGE(T34,AI34)/1000*100 -> 5.5 | F34: =AVERAGE(U34,AJ34) -> 1.008 | G34: =AVERAGE(V34,AK34) -> 0.77 | H34: =AVERAGE(W34,AL34) -> 0 | K34: =MATCH($B34,ruminants!$A$3:$A$120,0) -> 27 | L34: 87.6 | M34: =( 5.7*P34+9.4*Q34+4.1*(R34+S34) ) * 0.004184 -> 17.342262 | N34: =INDEX(ruminants!$D$3:$AH$120,$K34,N$4) -> 7.2 | O34: =INDEX(ruminants!$D$3:$AH$120,$K34,O$4) -> 8.4 | P34: =INDEX(ruminants!$D$3:$AH$120,$K34,P$4) -> 63 | Q34: =INDEX(ruminants!$D$3:$AH$120,$K34,Q$4) -> 32 | R34: =INDEX(ruminants!$D$3:$AH$120,$K34,R$4) -> 290 | S34: =INDEX(ruminants!$D$3:$AH$120,$K34,S$4) -> 560 | T34: =INDEX(ruminants!$D$3:$AH$120,$K34,T$4) -> 55 | U34: =P34*U$3/1000*100 -> 1.008 | V34: =INDEX(ruminants!$D$3:$AH$120,$K34,V$4)/1000*100 -> 0.77 | W34: =INDEX(ruminants!$D$3:$AH$120,$K34,W$4)/1000*100 -> 0
B35: rye bran | C35: =AVERAGE(AA35,L35) -> 87.6 | D35: =M35 -> 18.340564 | E35: =AVERAGE(T35,AI35)/1000*100 -> 4.5 | F35: =AVERAGE(U35,AJ35) -> 2.56 | G35: =AVERAGE(V35,AK35) -> 1.11 | H35: =AVERAGE(W35,AL35) -> 1.6 | K35: =MATCH($B35,ruminants!$A$3:$A$120,0) -> 76 | L35: 87.6 | M35: =( 5.7*P35+9.4*Q35+4.1*(R35+S35) ) * 0.004184 -> 18.340564 | N35: =INDEX(ruminants!$D$3:$AH$120,$K35,N$4) -> 11.6 | O35: =INDEX(ruminants!$D$3:$AH$120,$K35,O$4) -> 13.2 | P35: =INDEX(ruminants!$D$3:$AH$120,$K35,P$4) -> 160 | Q35: =INDEX(ruminants!$D$3:$AH$120,$K35,Q$4) -> 40 | R35: =INDEX(ruminants!$D$3:$AH$120,$K35,R$4) -> 55 | S35: =INDEX(ruminants!$D$3:$AH$120,$K35,S$4) -> 700 | T35: =INDEX(ruminants!$D$3:$AH$120,$K35,T$4) -> 45 | U35: =P35*U$3/1000*100 -> 2.56 | V35: =INDEX(ruminants!$D$3:$AH$120,$K35,V$4)/1000*100 -> 1.11 | W35: =INDEX(ruminants!$D$3:$AH$120,$K35,W$4)/1000*100 -> 1.6
B36: wheat distillers grain, dry | C36: =AVERAGE(AA36,L36) -> 90 | D36: =M36 -> 19.659779 | E36: =AVERAGE(T36,AI36)/1000*100 -> 4.05 | F36: =AVERAGE(U36,AJ36) -> 5.28 | G36: =AVERAGE(V36,AK36) -> 0.88 | H36: =AVERAGE(W36,AL36) -> 1.165 | K36: =MATCH($B36,ruminants!$A$3:$A$120,0) -> 109 | L36: =INDEX(ruminants!$D$3:$AH$120,$K36,L$4) -> 90 | M36: =( 5.7*P36+9.4*Q36+4.1*(R36+S36) ) * 0.004184 -> 19.659779 | N36: =INDEX(ruminants!$D$3:$AH$120,$K36,N$4) -> 13.3 | O36: =INDEX(ruminants!$D$3:$AH$120,$K36,O$4) -> 15.7 | P36: =INDEX(ruminants!$D$3:$AH$120,$K36,P$4) -> 320 | Q36: =INDEX(ruminants!$D$3:$AH$120,$K36,Q$4) -> 45 | R36: =INDEX(ruminants!$D$3:$AH$120,$K36,R$4) -> 106 | S36: =INDEX(ruminants!$D$3:$AH$120,$K36,S$4) -> 492 | T36: =INDEX(ruminants!$D$3:$AH$120,$K36,T$4) -> 37 | U36: =P36*U$3/1000*100 -> 5.12 | V36: =INDEX(ruminants!$D$3:$AH$120,$K36,V$4)/1000*100 -> 1.03 | W36: =INDEX(ruminants!$D$3:$AH$120,$K36,W$4)/1000*100 -> 1.37 | Z36: =MATCH($B36,pigs!$A$3:$A$60,0) -> 3 | AA36: =INDEX(pigs!$D$3:$AO$60,$Z36,AA$4) -> 90 | AB36: =( 5.7*AF36+9.4*AG36+4.1*(AH36) ) * 0.004184 -> 20.139266 | AC36: 13.9 | AD36: =INDEX(pigs!$D$3:$AO$60,$Z36,AD$4) -> 8.1 | AE36: =INDEX(pigs!$D$3:$AO$60,$Z36,AE$4) -> 8.7 | AF36: =INDEX(pigs!$D$3:$AO$60,$Z36,AF$4) -> 340 | AG36: =INDEX(pigs!$D$3:$AO$60,$Z36,AG$4) -> 66 | AH36: =1000-SUM(AF36:AG36,AI36) -> 550 | AI36: =INDEX(pigs!$D$3:$AO$60,$Z36,AI$4) -> 44 | AJ36: =AF36*AJ$3/1000*100 -> 5.44 | AK36: =INDEX(pigs!$D$3:$AO$60,$Z36,AK$4)/1000*100 -> 0.73 | AL36: =INDEX(pigs!$D$3:$AO$60,$Z36,AL$4)/1000*100 -> 0.96 | AN36: https://www.feedipedia.org/node/12801
B37: wheat distillers grain, wet | C37: =AVERAGE(AA37,L37) -> 11 | D37: =AB37 -> 18.860217 | E37: =AVERAGE(T37,AI37)/1000*100 -> 6.8 | F37: =AVERAGE(U37,AJ37) -> 4.48 | G37: =AVERAGE(V37,AK37) -> 1.09 | H37: =AVERAGE(W37,AL37) -> 0 | Z37: =MATCH($B37,pigs!$A$3:$A$60,0) -> 1 | AA37: =INDEX(pigs!$D$3:$AO$60,$Z37,AA$4) -> 11 | AB37: =( 5.7*AF37+9.4*AG37+4.1*(AH37) ) * 0.004184 -> 18.860217 | AC37: =(AC36/AB36)*AB37 -> 13.017208 | AD37: =INDEX(pigs!$D$3:$AO$60,$Z37,AD$4) -> 8.2 | AE37: =INDEX(pigs!$D$3:$AO$60,$Z37,AE$4) -> 8.9 | AF37: =INDEX(pigs!$D$3:$AO$60,$Z37,AF$4) -> 280 | AG37: =INDEX(pigs!$D$3:$AO$60,$Z37,AG$4) -> 45 | AH37: =1000-SUM(AF37:AG37,AI37) -> 607 | AI37: =INDEX(pigs!$D$3:$AO$60,$Z37,AI$4) -> 68 | AJ37: =AF37*AJ$3/1000*100 -> 4.48 | AK37: =INDEX(pigs!$D$3:$AO$60,$Z37,AK$4)/1000*100 -> 1.09 | AL37: =INDEX(pigs!$D$3:$AO$60,$Z37,AL$4)/1000*100 -> 0
B38: barley brewers grain | C38: =AVERAGE(AA38,L38) -> 90 | D38: =M38 -> 19.848896 | E38: =AVERAGE(T38,AI38)/1000*100 -> 4.3 | F38: =AVERAGE(U38,AJ38) -> 3.984 | G38: =AVERAGE(V38,AK38) -> 0.56 | H38: =AVERAGE(W38,AL38) -> 0.195 | K38: =MATCH($B38,ruminants!$A$3:$A$120,0) -> 38 | L38: =INDEX(ruminants!$D$3:$AH$120,$K38,L$4) -> 90 | M38: =( 5.7*P38+9.4*Q38+4.1*(R38+S38) ) * 0.004184 -> 19.848896 | N38: =INDEX(ruminants!$D$3:$AH$120,$K38,N$4) -> 11.6 | O38: =INDEX(ruminants!$D$3:$AH$120,$K38,O$4) -> 13.6 | P38: =INDEX(ruminants!$D$3:$AH$120,$K38,P$4) -> 240 | Q38: =INDEX(ruminants!$D$3:$AH$120,$K38,Q$4) -> 80 | R38: =INDEX(ruminants!$D$3:$AH$120,$K38,R$4) -> 170 | S38: =INDEX(ruminants!$D$3:$AH$120,$K38,S$4) -> 470 | T38: =INDEX(ruminants!$D$3:$AH$120,$K38,T$4) -> 40 | U38: =P38*U$3/1000*100 -> 3.84 | V38: =INDEX(ruminants!$D$3:$AH$120,$K38,V$4)/1000*100 -> 0.55 | W38: =INDEX(ruminants!$D$3:$AH$120,$K38,W$4)/1000*100 -> 0.1 | AA38: 90 | AB38: =( 5.7*AF38+9.4*AG38+4.1*(AH38) ) * 0.004184 -> 19.578191 | AC38: 10.6 | AD38: 6.6 | AE38: =AE36/AD36*AD38 -> 7.0888889 | AF38: 258 | AG38: 67 | AH38: =1000-SUM(AF38:AG38,AI38) -> 629 | AI38: 46 | AJ38: =AF38*AJ$3/1000*100 -> 4.128 | AK38: =5.7/1000*100 -> 0.57 | AL38: =2.9/1000*100 -> 0.29 | AM38: https://www.feedipedia.org/node/11893 | AN38: https://www.feedipedia.org/node/11893
B39: maize gluten meal | C39: =AVERAGE(AA39,L39,AQ39) -> 89.666667 | D39: =AB39 -> 22.900706 | E39: =AVERAGE(T39,AI39)/1000*100 -> 1.95 | F39: =AVERAGE(U39,AJ39) -> 10.792 | G39: =AVERAGE(V39,AK39) -> 0.485 | H39: =AVERAGE(W39,AL39) -> 0.325 | K39: =MATCH($B39,ruminants!$A$3:$A$120,0) -> 50 | L39: =INDEX(ruminants!$D$3:$AH$120,$K39,L$4) -> 92 | M39: =( 5.7*P39+9.4*Q39+4.1*(R39+S39) ) * 0.004184 -> 21.876462 | N39: =INDEX(ruminants!$D$3:$AH$120,$K39,N$4) -> 16 | O39: =INDEX(ruminants!$D$3:$AH$120,$K39,O$4) -> 19.6 | P39: =INDEX(ruminants!$D$3:$AH$120,$K39,P$4) -> 672 | Q39: =INDEX(ruminants!$D$3:$AH$120,$K39,Q$4) -> 24 | R39: =INDEX(ruminants!$D$3:$AH$120,$K39,R$4) -> 22 | S39: =INDEX(ruminants!$D$3:$AH$120,$K39,S$4) -> 264 | T39: =INDEX(ruminants!$D$3:$AH$120,$K39,T$4) -> 18 | U39: =P39*U$3/1000*100 -> 10.752 | V39: =INDEX(ruminants!$D$3:$AH$120,$K39,V$4)/1000*100 -> 0.33 | W39: =INDEX(ruminants!$D$3:$AH$120,$K39,W$4)/1000*100 -> 0.1 | Z39: =MATCH($B39,pigs!$A$3:$A$60,0) -> 22 | AA39: =INDEX(pigs!$D$3:$AO$60,$Z39,AA$4) -> 90 | AB39: =( 5.7*AF39+9.4*AG39+4.1*(AH39) ) * 0.004184 -> 22.900706 | AC39: 21.4 | AD39: =INDEX(pigs!$D$3:$AO$60,$Z39,AD$4) -> 12.9 | AE39: =INDEX(pigs!$D$3:$AO$60,$Z39,AE$4) -> 13.3 | AF39: =INDEX(pigs!$D$3:$AO$60,$Z39,AF$4) -> 677 | AG39: =INDEX(pigs!$D$3:$AO$60,$Z39,AG$4) -> 71 | AH39: =1000-SUM(AF39:AG39,AI39) -> 231 | AI39: =INDEX(pigs!$D$3:$AO$60,$Z39,AI$4) -> 21 | AJ39: =AF39*AJ$3/1000*100 -> 10.832 | AK39: =INDEX(pigs!$D$3:$AO$60,$Z39,AK$4)/1000*100 -> 0.64 | AL39: =INDEX(pigs!$D$3:$AO$60,$Z39,AL$4)/1000*100 -> 0.55 | AN39: https://www.feedipedia.org/node/12288 | AP39: =MATCH($B39,poultry!$A$3:$A$41,0) -> 25 | AQ39: =INDEX(poultry!$D$3:$U$41,$AP39,AQ$4) -> 87 | AR39: =INDEX(poultry!$D$3:$U$41,$AP39,AR$4)/(AQ39/100) -> 16.321839
B40: sugar beet molasses | C40: =AVERAGE(AA40,L40) -> 75.5 | D40: =M40 -> 16.161537 | E40: =AVERAGE(T40,AI40)/1000*100 -> 11.9 | F40: =AVERAGE(U40,AJ40) -> 2.208 | G40: =AVERAGE(V40,AK40) -> 0.03 | H40: =AVERAGE(W40,AL40) -> 3.65 | K40: =MATCH($B40,ruminants!$A$3:$A$120,0) -> 88 | L40: =INDEX(ruminants!$D$3:$AH$120,$K40,L$4) -> 75 | M40: =( 5.7*P40+9.4*Q40+4.1*(R40+S40) ) * 0.004184 -> 16.161537 | N40: =INDEX(ruminants!$D$3:$AH$120,$K40,N$4) -> 12.4 | O40: =INDEX(ruminants!$D$3:$AH$120,$K40,O$4) -> 14.1 | P40: =INDEX(ruminants!$D$3:$AH$120,$K40,P$4) -> 131 | Q40: =INDEX(ruminants!$D$3:$AH$120,$K40,Q$4) -> 0 | R40: =INDEX(ruminants!$D$3:$AH$120,$K40,R$4) -> 0 | S40: =INDEX(ruminants!$D$3:$AH$120,$K40,S$4) -> 760 | T40: =INDEX(ruminants!$D$3:$AH$120,$K40,T$4) -> 109 | U40: =P40*U$3/1000*100 -> 2.096 | V40: =INDEX(ruminants!$D$3:$AH$120,$K40,V$4)/1000*100 -> 0.02 | W40: =INDEX(ruminants!$D$3:$AH$120,$K40,W$4)/1000*100 -> 4.5 | Z40: =MATCH($B40,pigs!$A$3:$A$60,0) -> 23 | AA40: =INDEX(pigs!$D$3:$AO$60,$Z40,AA$4) -> 76 | AB40: =( 5.7*AF40+9.4*AG40+4.1*(AH40) ) * 0.004184 -> 15.956521 | AC40: 13.1 | AD40: =INDEX(pigs!$D$3:$AO$60,$Z40,AD$4) -> 8.7 | AE40: =INDEX(pigs!$D$3:$AO$60,$Z40,AE$4) -> 9 | AF40: =INDEX(pigs!$D$3:$AO$60,$Z40,AF$4) -> 145 | AG40: =INDEX(pigs!$D$3:$AO$60,$Z40,AG$4) -> 2 | AH40: =1000-SUM(AF40:AG40,AI40) -> 724 | AI40: =INDEX(pigs!$D$3:$AO$60,$Z40,AI$4) -> 129 | AJ40: =AF40*AJ$3/1000*100 -> 2.32 | AK40: =INDEX(pigs!$D$3:$AO$60,$Z40,AK$4)/1000*100 -> 0.04 | AL40: =INDEX(pigs!$D$3:$AO$60,$Z40,AL$4)/1000*100 -> 2.8 | AN40: https://www.feedipedia.org/node/12340
B41: sugar beet pulp | C41: =AVERAGE(AA41,L41) -> 89.5 | D41: =M41 -> 17.334312 | E41: =AVERAGE(T41,AI41)/1000*100 -> 7.15 | F41: =AVERAGE(U41,AJ41) -> 1.448 | G41: =AVERAGE(V41,AK41) -> 0.1 | H41: =AVERAGE(W41,AL41) -> 0.485 | K41: =MATCH($B41,ruminants!$A$3:$A$120,0) -> 91 | L41: =INDEX(ruminants!$D$3:$AH$120,$K41,L$4) -> 90 | M41: =( 5.7*P41+9.4*Q41+4.1*(R41+S41) ) * 0.004184 -> 17.334312 | N41: =INDEX(ruminants!$D$3:$AH$120,$K41,N$4) -> 12.3 | O41: =INDEX(ruminants!$D$3:$AH$120,$K41,O$4) -> 14.7 | P41: =INDEX(ruminants!$D$3:$AH$120,$K41,P$4) -> 90 | Q41: =INDEX(ruminants!$D$3:$AH$120,$K41,Q$4) -> 32 | R41: =INDEX(ruminants!$D$3:$AH$120,$K41,R$4) -> 187 | S41: =INDEX(ruminants!$D$3:$AH$120,$K41,S$4) -> 625 | T41: =INDEX(ruminants!$D$3:$AH$120,$K41,T$4) -> 66 | U41: =P41*U$3/1000*100 -> 1.44 | V41: =INDEX(ruminants!$D$3:$AH$120,$K41,V$4)/1000*100 -> 0.1 | W41: =INDEX(ruminants!$D$3:$AH$120,$K41,W$4)/1000*100 -> 0.6 | Z41: =MATCH($B41,pigs!$A$3:$A$60,0) -> 4 | AA41: =INDEX(pigs!$D$3:$AO$60,$Z41,AA$4) -> 89 | AB41: =( 5.7*AF41+9.4*AG41+4.1*(AH41) ) * 0.004184 -> 16.664454 | AC41: 12.2 | AD41: =INDEX(pigs!$D$3:$AO$60,$Z41,AD$4) -> 6.9 | AE41: =INDEX(pigs!$D$3:$AO$60,$Z41,AE$4) -> 8 | AF41: =INDEX(pigs!$D$3:$AO$60,$Z41,AF$4) -> 91 | AG41: =INDEX(pigs!$D$3:$AO$60,$Z41,AG$4) -> 10 | AH41: =1000-SUM(AF41:AG41,AI41) -> 822 | AI41: =INDEX(pigs!$D$3:$AO$60,$Z41,AI$4) -> 77 | AJ41: =AF41*AJ$3/1000*100 -> 1.456 | AK41: =INDEX(pigs!$D$3:$AO$60,$Z41,AK$4)/1000*100 -> 0.1 | AL41: =INDEX(pigs!$D$3:$AO$60,$Z41,AL$4)/1000*100 -> 0.37 | AN41: https://www.feedipedia.org/node/24378
B42: whey | C42: =AVERAGE(AA42,L42) -> 6.25 | D42: =M42 -> 16.46404 | E42: =AVERAGE(T42,AI42)/1000*100 -> 9.3 | F42: =AVERAGE(U42,AJ42) -> 1.88 | G42: =AVERAGE(V42,AK42) -> 0.76 | H42: =AVERAGE(W42,AL42) -> 2.355 | K42: =MATCH($B42,ruminants!$A$3:$A$120,0) -> 57 | L42: =INDEX(ruminants!$D$3:$AH$120,$K42,L$4) -> 7 | M42: =( 5.7*P42+9.4*Q42+4.1*(R42+S42) ) * 0.004184 -> 16.46404 | N42: =INDEX(ruminants!$D$3:$AH$120,$K42,N$4) -> 13.6 | O42: =INDEX(ruminants!$D$3:$AH$120,$K42,O$4) -> 15.1 | P42: =INDEX(ruminants!$D$3:$AH$120,$K42,P$4) -> 120 | Q42: =INDEX(ruminants!$D$3:$AH$120,$K42,Q$4) -> 10 | R42: =INDEX(ruminants!$D$3:$AH$120,$K42,R$4) -> 0 | S42: =INDEX(ruminants!$D$3:$AH$120,$K42,S$4) -> 770 | T42: =INDEX(ruminants!$D$3:$AH$120,$K42,T$4) -> 100 | U42: =P42*U$3/1000*100 -> 1.92 | V42: =INDEX(ruminants!$D$3:$AH$120,$K42,V$4)/1000*100 -> 0.79 | W42: =INDEX(ruminants!$D$3:$AH$120,$K42,W$4)/1000*100 -> 2.4 | Z42: =MATCH($B42,pigs!$A$3:$A$60,0) -> 50 | AA42: =INDEX(pigs!$D$3:$AO$60,$Z42,AA$4) -> 5.5 | AB42: =( 5.7*AF42+9.4*AG42+4.1*(AH42) ) * 0.004184 -> 16.870306 | AC42: =(AC43/AB43)*AB42 -> 15.205346 | AD42: =INDEX(pigs!$D$3:$AO$60,$Z42,AD$4) -> 12.4 | AE42: =INDEX(pigs!$D$3:$AO$60,$Z42,AE$4) -> 12.2 | AF42: =INDEX(pigs!$D$3:$AO$60,$Z42,AF$4) -> 115 | AG42: =INDEX(pigs!$D$3:$AO$60,$Z42,AG$4) -> 19 | AH42: =1000-SUM(AF42:AG42,AI42) -> 780 | AI42: =INDEX(pigs!$D$3:$AO$60,$Z42,AI$4) -> 86 | AJ42: =AF42*AJ$3/1000*100 -> 1.84 | AK42: =INDEX(pigs!$D$3:$AO$60,$Z42,AK$4)/1000*100 -> 0.73 | AL42: =INDEX(pigs!$D$3:$AO$60,$Z42,AL$4)/1000*100 -> 2.31
B43: whey powder | C43: =AVERAGE(AA43,L43) -> 97 | D43: =AB43 -> 16.975325 | E43: =AVERAGE(T43,AI43)/1000*100 -> 8.6 | F43: =AVERAGE(U43,AJ43) -> 2.048 | G43: =AVERAGE(V43,AK43) -> 0.68 | H43: =AVERAGE(W43,AL43) -> 2.1 | L43: 97 | M43: =( 5.7*P43+9.4*Q43+4.1*(R43+S43) ) * 0.004184 -> 16.872817 | N43: 12.3 | O43: =M43*0.913 -> 15.404882 | P43: 125 | Q43: 13 | R43: 0 | S43: =1000-SUM(P43:R43,T43) -> 780 | T43: 82 | U43: =P43*U$3/1000*100 -> 2 | V43: =6.4/1000*100 -> 0.64 | W43: =21/1000*100 -> 2.1 | X43: https://www.feedipedia.org/node/12893 | Z43: =MATCH($B43,pigs!$A$3:$A$60,0) -> 52 | AA43: =INDEX(pigs!$D$3:$AO$60,$Z43,AA$4) -> 97 | AB43: =( 5.7*AF43+9.4*AG43+4.1*(AH43) ) * 0.004184 -> 16.975325 | AC43: 15.3 | AD43: =INDEX(pigs!$D$3:$AO$60,$Z43,AD$4) -> 12.4 | AE43: =INDEX(pigs!$D$3:$AO$60,$Z43,AE$4) -> 12.2 | AF43: =INDEX(pigs!$D$3:$AO$60,$Z43,AF$4) -> 131 | AG43: =INDEX(pigs!$D$3:$AO$60,$Z43,AG$4) -> 22 | AH43: =1000-SUM(AF43:AG43,AI43) -> 757 | AI43: =INDEX(pigs!$D$3:$AO$60,$Z43,AI$4) -> 90 | AJ43: =AF43*AJ$3/1000*100 -> 2.096 | AK43: =INDEX(pigs!$D$3:$AO$60,$Z43,AK$4)/1000*100 -> 0.72 | AL43: =INDEX(pigs!$D$3:$AO$60,$Z43,AL$4)/1000*100 -> 2.1 | AN43: https://www.feedipedia.org/node/12893
B44: potatoe protein | C44: =AVERAGE(AA44,L44) -> 91 | D44: =M44 -> 23.055932 | E44: =AVERAGE(T44,AI44)/1000*100 -> 2.8 | F44: =AVERAGE(U44,AJ44) -> 13.48 | G44: =AVERAGE(V44,AK44) -> 0.435 | H44: =AVERAGE(W44,AL44) -> 0.815 | K44: =MATCH($B44,ruminants!$A$3:$A$120,0) -> 65 | L44: =INDEX(ruminants!$D$3:$AH$120,$K44,L$4) -> 90 | M44: =( 5.7*P44+9.4*Q44+4.1*(R44+S44) ) * 0.004184 -> 23.055932 | N44: =INDEX(ruminants!$D$3:$AH$120,$K44,N$4) -> 15.5 | O44: =INDEX(ruminants!$D$3:$AH$120,$K44,O$4) -> 19.7 | P44: =INDEX(ruminants!$D$3:$AH$120,$K44,P$4) -> 844 | Q44: =INDEX(ruminants!$D$3:$AH$120,$K44,Q$4) -> 33 | R44: =INDEX(ruminants!$D$3:$AH$120,$K44,R$4) -> 4 | S44: =INDEX(ruminants!$D$3:$AH$120,$K44,S$4) -> 91 | T44: =INDEX(ruminants!$D$3:$AH$120,$K44,T$4) -> 28 | U44: =P44*U$3/1000*100 -> 13.504 | V44: =INDEX(ruminants!$D$3:$AH$120,$K44,V$4)/1000*100 -> 0.44 | W44: =INDEX(ruminants!$D$3:$AH$120,$K44,W$4)/1000*100 -> 0.89 | Z44: =MATCH($B44,pigs!$A$3:$A$60,0) -> 31 | AA44: =INDEX(pigs!$D$3:$AO$60,$Z44,AA$4) -> 92 | AB44: =( 5.7*AF44+9.4*AG44+4.1*(AH44) ) * 0.004184 -> 22.525819 | AC44: 20.8 | AD44: =INDEX(pigs!$D$3:$AO$60,$Z44,AD$4) -> 11.1 | AE44: =INDEX(pigs!$D$3:$AO$60,$Z44,AE$4) -> 11.3 | AF44: =INDEX(pigs!$D$3:$AO$60,$Z44,AF$4) -> 841 | AG44: =INDEX(pigs!$D$3:$AO$60,$Z44,AG$4) -> 10 | AH44: =1000-SUM(AF44:AG44,AI44) -> 121 | AI44: =INDEX(pigs!$D$3:$AO$60,$Z44,AI$4) -> 28 | AJ44: =AF44*AJ$3/1000*100 -> 13.456 | AK44: =INDEX(pigs!$D$3:$AO$60,$Z44,AK$4)/1000*100 -> 0.43 | AL44: =INDEX(pigs!$D$3:$AO$60,$Z44,AL$4)/1000*100 -> 0.74 | AN44: https://www.feedtables.com/content/table-feed-profile?feed_pr_id=12371 | AP44: =MATCH($B44,poultry!$A$3:$A$41,0) -> 28 | AQ44: =INDEX(poultry!$D$3:$U$41,$AP44,AQ$4) -> 90 | AR44: =INDEX(poultry!$D$3:$U$41,$AP44,AR$4)/(AQ44/100) -> 16
B45: potatoe offals | C45: =AVERAGE(AA45,L45) -> 23 | D45: =M45 -> 17.035156 | E45: =AVERAGE(T45,AI45)/1000*100 -> 5.5 | F45: =AVERAGE(U45,AJ45) -> 1.44 | G45: =AVERAGE(V45,AK45) -> 0.23 | H45: =AVERAGE(W45,AL45) -> 2.2 | K45: =MATCH($B45,ruminants!$A$3:$A$120,0) -> 63 | L45: =INDEX(ruminants!$D$3:$AH$120,$K45,L$4) -> 23 | M45: =( 5.7*P45+9.4*Q45+4.1*(R45+S45) ) * 0.004184 -> 17.035156 | N45: =INDEX(ruminants!$D$3:$AH$120,$K45,N$4) -> 13.1 | O45: =INDEX(ruminants!$D$3:$AH$120,$K45,O$4) -> 14.9 | P45: =INDEX(ruminants!$D$3:$AH$120,$K45,P$4) -> 90 | Q45: =INDEX(ruminants!$D$3:$AH$120,$K45,Q$4) -> 10 | R45: =INDEX(ruminants!$D$3:$AH$120,$K45,R$4) -> 25 | S45: =INDEX(ruminants!$D$3:$AH$120,$K45,S$4) -> 820 | T45: =INDEX(ruminants!$D$3:$AH$120,$K45,T$4) -> 55 | U45: =P45*U$3/1000*100 -> 1.44 | V45: =INDEX(ruminants!$D$3:$AH$120,$K45,V$4)/1000*100 -> 0.23 | W45: =INDEX(ruminants!$D$3:$AH$120,$K45,W$4)/1000*100 -> 2.2
B46: fish meal | C46: =AVERAGE(AA46,L46) -> 92.05 | D46: =AB46 -> 22.254696 | E46: =AVERAGE(T46,AI46)/1000*100 -> 13.55 | F46: =AVERAGE(U46,AJ46) -> 12.112 | G46: =AVERAGE(V46,AK46) -> 2.35 | H46: =AVERAGE(W46,AL46) -> 1.195 | L46: 92.1 | M46: =( 5.7*P46+9.4*Q46+4.1*(R46+S46) ) * 0.004184 -> 22.308251 | N46: 14.8 | O46: =M46*0.975 -> 21.750545 | P46: 754 | Q46: 110 | R46: 0 | S46: 0 | T46: 136 | U46: =P46*U$3/1000*100 -> 12.064 | V46: =22.3/1000*100 -> 2.23 | W46: =11.9/1000*100 -> 1.19 | X46: https://www.feedipedia.org/node/11685 | Z46: =MATCH($B46,pigs!$A$3:$A$60,0) -> 7 | AA46: =INDEX(pigs!$D$3:$AO$60,$Z46,AA$4) -> 92 | AB46: =( 5.7*AF46+9.4*AG46+4.1*(AH46) ) * 0.004184 -> 22.254696 | AC46: =19.5 -> 19.5 | AD46: =INDEX(pigs!$D$3:$AO$60,$Z46,AD$4) -> 10.8 | AE46: =INDEX(pigs!$D$3:$AO$60,$Z46,AE$4) -> 10.8 | AF46: =INDEX(pigs!$D$3:$AO$60,$Z46,AF$4) -> 760 | AG46: =INDEX(pigs!$D$3:$AO$60,$Z46,AG$4) -> 105 | AH46: =1000-SUM(AF46:AG46,AI46) -> 0 | AI46: =INDEX(pigs!$D$3:$AO$60,$Z46,AI$4) -> 135 | AJ46: =AF46*AJ$3/1000*100 -> 12.16 | AK46: =INDEX(pigs!$D$3:$AO$60,$Z46,AK$4)/1000*100 -> 2.47 | AL46: =INDEX(pigs!$D$3:$AO$60,$Z46,AL$4)/1000*100 -> 1.2 | AN46: https://www.feedipedia.org/node/11685 | AP46: =MATCH($B46,poultry!$A$3:$A$41,0) -> 6 | AQ46: =INDEX(poultry!$D$3:$U$41,$AP46,AQ$4) -> 92 | AR46: =INDEX(poultry!$D$3:$U$41,$AP46,AR$4)/(AQ46/100) -> 13.695652
B47: minerals | C47: =AVERAGE(AA47,L47) -> 100 | D47: =AB47 -> 0 | E47: =AVERAGE(T47,AI47)/1000*100 -> 100 | L47: 100 | M47: 0 | N47: 0 | O47: 0 | Q47: 0 | T47: 1000 | AA47: 100 | AB47: 0 | AC47: 0 | AD47: 0 | AE47: 0 | AI47: 1000 | AQ47: 100
D49: Note
D50: Gross energy in feeds is calculated based on equation in:
D51: https://www.ncbi.nlm.nih.gov/pmc/articles/PMC3544805/
D52: GE = 5.7× g protein +9.4× g fat +4.1× (g NFE + g fiber)

Sheet feed pars csv
A1: GENERAL | I1: CATTLE | P1: SHEEP (same as cattle) | W1: HORSES | AD1: PIGS | AJ1: PIGS (sows) | AP1: POULTRY
A2: f_feed | B2: feed_par_DM | C2: feed_par_GE | D2: feed_par_ASH | E2: feed_par_N | F2: feed_par_P | G2: feed_par_K | I2: f_feed | J2: f_species | K2: f_animal | L2: feed_par_DE | M2: feed_par_E | N2: feed_par_fat | P2: f_feed | Q2: f_species | R2: f_animal | S2: feed_par_DE | T2: feed_par_E | U2: feed_par_fat | W2: f_feed | X2: f_species | Y2: f_animal | Z2: feed_par_DE | AA2: feed_par_E | AB2: feed_par_fat | AD2: f_feed | AE2: f_species | AF2: f_animal | AG2: feed_par_DE | AH2: feed_par_E | AJ2: f_feed | AK2: f_species | AL2: f_animal | AM2: feed_par_DE | AN2: feed_par_E | AP2: f_feed | AQ2: f_species | AR2: f_animal | AS2: feed_par_AME
A3: ='feed pars'!$B6 -> ley silage, 1st cut | B3: =INDEX('feed pars'!C$6:C$47,MATCH($A3,'feed pars'!$B$6:$B$47,0)) -> 100 | C3: =INDEX('feed pars'!D$6:D$47,MATCH($A3,'feed pars'!$B$6:$B$47,0)) -> 17.316948 | D3: =INDEX('feed pars'!E$6:E$47,MATCH($A3,'feed pars'!$B$6:$B$47,0)) -> 7.55 | E3: =INDEX('feed pars'!F$6:F$47,MATCH($A3,'feed pars'!$B$6:$B$47,0)) -> 2.424 | F3: =INDEX('feed pars'!G$6:G$47,MATCH($A3,'feed pars'!$B$6:$B$47,0)) -> 0.28 | G3: =INDEX('feed pars'!H$6:H$47,MATCH($A3,'feed pars'!$B$6:$B$47,0)) -> 2.425 | I3: ='feed pars'!$B6 -> ley silage, 1st cut | J3: cattle | L3: =INDEX('feed pars'!$O$6:$O$47,MATCH($A3,'feed pars'!$B$6:$B$47,0)) -> 13.35 | M3: =INDEX('feed pars'!$N$6:$N$47,MATCH($A3,'feed pars'!$B$6:$B$47,0)) -> 11.3 | N3: =INDEX('feed pars'!$Q$6:$Q$47,MATCH($A3,'feed pars'!$B$6:$B$47,0)) -> 20 | P3: ='feed pars'!$B6 -> ley silage, 1st cut | Q3: sheep | S3: =INDEX('feed pars'!$O$6:$O$47,MATCH($A3,'feed pars'!$B$6:$B$47,0)) -> 13.35 | T3: =INDEX('feed pars'!$N$6:$N$47,MATCH($A3,'feed pars'!$B$6:$B$47,0)) -> 11.3 | U3: =INDEX('feed pars'!$Q$6:$Q$47,MATCH($A3,'feed pars'!$B$6:$B$47,0)) -> 20 | W3: ='feed pars'!$B6 -> ley silage, 1st cut | X3: horses | Z3: =INDEX('feed pars'!$O$6:$O$47,MATCH($A3,'feed pars'!$B$6:$B$47,0)) -> 13.35 | AA3: =INDEX('feed pars'!$N$6:$N$47,MATCH($A3,'feed pars'!$B$6:$B$47,0)) -> 11.3 | AB3: =INDEX('feed pars'!$Q$6:$Q$47,MATCH($A3,'feed pars'!$B$6:$B$47,0)) -> 20 | AD3: ='feed pars'!$B6 -> ley silage, 1st cut | AE3: pigs | AJ3: ='feed pars'!$B6 -> ley silage, 1st cut | AK3: pigs | AL3: sows | AP3: ='feed pars'!$B6 -> ley silage, 1st cut | AQ3: poultry
A4: ='feed pars'!$B7 -> ley silage, regrowth | B4: =INDEX('feed pars'!C$6:C$47,MATCH($A4,'feed pars'!$B$6:$B$47,0)) -> 100 | C4: =INDEX('feed pars'!D$6:D$47,MATCH($A4,'feed pars'!$B$6:$B$47,0)) -> 17.150216 | D4: =INDEX('feed pars'!E$6:E$47,MATCH($A4,'feed pars'!$B$6:$B$47,0)) -> 7.8 | E4: =INDEX('feed pars'!F$6:F$47,MATCH($A4,'feed pars'!$B$6:$B$47,0)) -> 2.128 | F4: =INDEX('feed pars'!G$6:G$47,MATCH($A4,'feed pars'!$B$6:$B$47,0)) -> 0.27 | G4: =INDEX('feed pars'!H$6:H$47,MATCH($A4,'feed pars'!$B$6:$B$47,0)) -> 2.34 | I4: ='feed pars'!$B7 -> ley silage, regrowth | J4: cattle | L4: =INDEX('feed pars'!$O$6:$O$47,MATCH($A4,'feed pars'!$B$6:$B$47,0)) -> 11.9 | M4: =INDEX('feed pars'!$N$6:$N$47,MATCH($A4,'feed pars'!$B$6:$B$47,0)) -> 10.1 | N4: =INDEX('feed pars'!$Q$6:$Q$47,MATCH($A4,'feed pars'!$B$6:$B$47,0)) -> 20 | P4: ='feed pars'!$B7 -> ley silage, regrowth | Q4: sheep | S4: =INDEX('feed pars'!$O$6:$O$47,MATCH($A4,'feed pars'!$B$6:$B$47,0)) -> 11.9 | T4: =INDEX('feed pars'!$N$6:$N$47,MATCH($A4,'feed pars'!$B$6:$B$47,0)) -> 10.1 | U4: =INDEX('feed pars'!$Q$6:$Q$47,MATCH($A4,'feed pars'!$B$6:$B$47,0)) -> 20 | W4: ='feed pars'!$B7 -> ley silage, regrowth | X4: horses | Z4: =INDEX('feed pars'!$O$6:$O$47,MATCH($A4,'feed pars'!$B$6:$B$47,0)) -> 11.9 | AA4: =INDEX('feed pars'!$N$6:$N$47,MATCH($A4,'feed pars'!$B$6:$B$47,0)) -> 10.1 | AB4: =INDEX('feed pars'!$Q$6:$Q$47,MATCH($A4,'feed pars'!$B$6:$B$47,0)) -> 20 | AD4: ='feed pars'!$B7 -> ley silage, regrowth | AE4: pigs | AJ4: ='feed pars'!$B7 -> ley silage, regrowth | AK4: pigs | AL4: sows | AP4: ='feed pars'!$B7 -> ley silage, regrowth | AQ4: poultry
A5: ='feed pars'!$B8 -> other silage | B5: =INDEX('feed pars'!C$6:C$47,MATCH($A5,'feed pars'!$B$6:$B$47,0)) -> 100 | C5: =INDEX('feed pars'!D$6:D$47,MATCH($A5,'feed pars'!$B$6:$B$47,0)) -> 16.789764 | D5: =INDEX('feed pars'!E$6:E$47,MATCH($A5,'feed pars'!$B$6:$B$47,0)) -> 8.8 | E5: =INDEX('feed pars'!F$6:F$47,MATCH($A5,'feed pars'!$B$6:$B$47,0)) -> 1.544 | F5: =INDEX('feed pars'!G$6:G$47,MATCH($A5,'feed pars'!$B$6:$B$47,0)) -> 0.21 | G5: =INDEX('feed pars'!H$6:H$47,MATCH($A5,'feed pars'!$B$6:$B$47,0)) -> 2.35 | I5: ='feed pars'!$B8 -> other silage | J5: cattle | L5: =INDEX('feed pars'!$O$6:$O$47,MATCH($A5,'feed pars'!$B$6:$B$47,0)) -> 10.75 | M5: =INDEX('feed pars'!$N$6:$N$47,MATCH($A5,'feed pars'!$B$6:$B$47,0)) -> 8.5 | N5: =INDEX('feed pars'!$Q$6:$Q$47,MATCH($A5,'feed pars'!$B$6:$B$47,0)) -> 22.5 | P5: ='feed pars'!$B8 -> other silage | Q5: sheep | S5: =INDEX('feed pars'!$O$6:$O$47,MATCH($A5,'feed pars'!$B$6:$B$47,0)) -> 10.75 | T5: =INDEX('feed pars'!$N$6:$N$47,MATCH($A5,'feed pars'!$B$6:$B$47,0)) -> 8.5 | U5: =INDEX('feed pars'!$Q$6:$Q$47,MATCH($A5,'feed pars'!$B$6:$B$47,0)) -> 22.5 | W5: ='feed pars'!$B8 -> other silage | X5: horses | Z5: =INDEX('feed pars'!$O$6:$O$47,MATCH($A5,'feed pars'!$B$6:$B$47,0)) -> 10.75 | AA5: =INDEX('feed pars'!$N$6:$N$47,MATCH($A5,'feed pars'!$B$6:$B$47,0)) -> 8.5 | AB5: =INDEX('feed pars'!$Q$6:$Q$47,MATCH($A5,'feed pars'!$B$6:$B$47,0)) -> 22.5 | AD5: ='feed pars'!$B8 -> other silage | AE5: pigs | AJ5: ='feed pars'!$B8 -> other silage | AK5: pigs | AL5: sows | AP5: ='feed pars'!$B8 -> other silage | AQ5: poultry
A6: ='feed pars'!$B9 -> hay | B6: =INDEX('feed pars'!C$6:C$47,MATCH($A6,'feed pars'!$B$6:$B$47,0)) -> 100 | C6: =INDEX('feed pars'!D$6:D$47,MATCH($A6,'feed pars'!$B$6:$B$47,0)) -> 17.160258 | D6: =INDEX('feed pars'!E$6:E$47,MATCH($A6,'feed pars'!$B$6:$B$47,0)) -> 6.2 | E6: =INDEX('feed pars'!F$6:F$47,MATCH($A6,'feed pars'!$B$6:$B$47,0)) -> 1.496 | F6: =INDEX('feed pars'!G$6:G$47,MATCH($A6,'feed pars'!$B$6:$B$47,0)) -> 0.21 | G6: =INDEX('feed pars'!H$6:H$47,MATCH($A6,'feed pars'!$B$6:$B$47,0)) -> 1.81 | I6: ='feed pars'!$B9 -> hay | J6: cattle | L6: =INDEX('feed pars'!$O$6:$O$47,MATCH($A6,'feed pars'!$B$6:$B$47,0)) -> 11.8 | M6: =INDEX('feed pars'!$N$6:$N$47,MATCH($A6,'feed pars'!$B$6:$B$47,0)) -> 9.1 | N6: =INDEX('feed pars'!$Q$6:$Q$47,MATCH($A6,'feed pars'!$B$6:$B$47,0)) -> 20 | P6: ='feed pars'!$B9 -> hay | Q6: sheep | S6: =INDEX('feed pars'!$O$6:$O$47,MATCH($A6,'feed pars'!$B$6:$B$47,0)) -> 11.8 | T6: =INDEX('feed pars'!$N$6:$N$47,MATCH($A6,'feed pars'!$B$6:$B$47,0)) -> 9.1 | U6: =INDEX('feed pars'!$Q$6:$Q$47,MATCH($A6,'feed pars'!$B$6:$B$47,0)) -> 20 | W6: ='feed pars'!$B9 -> hay | X6: horses | Z6: =INDEX('feed pars'!$O$6:$O$47,MATCH($A6,'feed pars'!$B$6:$B$47,0)) -> 11.8 | AA6: =INDEX('feed pars'!$N$6:$N$47,MATCH($A6,'feed pars'!$B$6:$B$47,0)) -> 9.1 | AB6: =INDEX('feed pars'!$Q$6:$Q$47,MATCH($A6,'feed pars'!$B$6:$B$47,0)) -> 20 | AD6: ='feed pars'!$B9 -> hay | AE6: pigs | AJ6: ='feed pars'!$B9 -> hay | AK6: pigs | AL6: sows | AP6: ='feed pars'!$B9 -> hay | AQ6: poultry
A7: ='feed pars'!$B10 -> maize silage | B7: =INDEX('feed pars'!C$6:C$47,MATCH($A7,'feed pars'!$B$6:$B$47,0)) -> 100 | C7: =INDEX('feed pars'!D$6:D$47,MATCH($A7,'feed pars'!$B$6:$B$47,0)) -> 17.657317 | D7: =INDEX('feed pars'!E$6:E$47,MATCH($A7,'feed pars'!$B$6:$B$47,0)) -> 3.6 | E7: =INDEX('feed pars'!F$6:F$47,MATCH($A7,'feed pars'!$B$6:$B$47,0)) -> 1.088 | F7: =INDEX('feed pars'!G$6:G$47,MATCH($A7,'feed pars'!$B$6:$B$47,0)) -> 0.17 | G7: =INDEX('feed pars'!H$6:H$47,MATCH($A7,'feed pars'!$B$6:$B$47,0)) -> 1.03 | I7: ='feed pars'!$B10 -> maize silage | J7: cattle | L7: =INDEX('feed pars'!$O$6:$O$47,MATCH($A7,'feed pars'!$B$6:$B$47,0)) -> 12.3 | M7: =INDEX('feed pars'!$N$6:$N$47,MATCH($A7,'feed pars'!$B$6:$B$47,0)) -> 11 | N7: =INDEX('feed pars'!$Q$6:$Q$47,MATCH($A7,'feed pars'!$B$6:$B$47,0)) -> 30 | P7: ='feed pars'!$B10 -> maize silage | Q7: sheep | S7: =INDEX('feed pars'!$O$6:$O$47,MATCH($A7,'feed pars'!$B$6:$B$47,0)) -> 12.3 | T7: =INDEX('feed pars'!$N$6:$N$47,MATCH($A7,'feed pars'!$B$6:$B$47,0)) -> 11 | U7: =INDEX('feed pars'!$Q$6:$Q$47,MATCH($A7,'feed pars'!$B$6:$B$47,0)) -> 30 | W7: ='feed pars'!$B10 -> maize silage | X7: horses | Z7: =INDEX('feed pars'!$O$6:$O$47,MATCH($A7,'feed pars'!$B$6:$B$47,0)) -> 12.3 | AA7: =INDEX('feed pars'!$N$6:$N$47,MATCH($A7,'feed pars'!$B$6:$B$47,0)) -> 11 | AB7: =INDEX('feed pars'!$Q$6:$Q$47,MATCH($A7,'feed pars'!$B$6:$B$47,0)) -> 30 | AD7: ='feed pars'!$B10 -> maize silage | AE7: pigs | AJ7: ='feed pars'!$B10 -> maize silage | AK7: pigs | AL7: sows | AP7: ='feed pars'!$B10 -> maize silage | AQ7: poultry
A8: ='feed pars'!$B11 -> grazing | B8: =INDEX('feed pars'!C$6:C$47,MATCH($A8,'feed pars'!$B$6:$B$47,0)) -> 100 | C8: =INDEX('feed pars'!D$6:D$47,MATCH($A8,'feed pars'!$B$6:$B$47,0)) -> 17.411437 | D8: =INDEX('feed pars'!E$6:E$47,MATCH($A8,'feed pars'!$B$6:$B$47,0)) -> 6.5666667 | E8: =INDEX('feed pars'!F$6:F$47,MATCH($A8,'feed pars'!$B$6:$B$47,0)) -> 2.2466667 | F8: =INDEX('feed pars'!G$6:G$47,MATCH($A8,'feed pars'!$B$6:$B$47,0)) -> 0.27 | G8: =INDEX('feed pars'!H$6:H$47,MATCH($A8,'feed pars'!$B$6:$B$47,0)) -> 2.34 | I8: ='feed pars'!$B11 -> grazing | J8: cattle | L8: =INDEX('feed pars'!$O$6:$O$47,MATCH($A8,'feed pars'!$B$6:$B$47,0)) -> 12.4 | M8: =INDEX('feed pars'!$N$6:$N$47,MATCH($A8,'feed pars'!$B$6:$B$47,0)) -> 9.9416667 | N8: =INDEX('feed pars'!$Q$6:$Q$47,MATCH($A8,'feed pars'!$B$6:$B$47,0)) -> 20 | P8: ='feed pars'!$B11 -> grazing | Q8: sheep | S8: =INDEX('feed pars'!$O$6:$O$47,MATCH($A8,'feed pars'!$B$6:$B$47,0)) -> 12.4 | T8: =INDEX('feed pars'!$N$6:$N$47,MATCH($A8,'feed pars'!$B$6:$B$47,0)) -> 9.9416667 | U8: =INDEX('feed pars'!$Q$6:$Q$47,MATCH($A8,'feed pars'!$B$6:$B$47,0)) -> 20 | W8: ='feed pars'!$B11 -> grazing | X8: horses | Z8: =INDEX('feed pars'!$O$6:$O$47,MATCH($A8,'feed pars'!$B$6:$B$47,0)) -> 12.4 | AA8: =INDEX('feed pars'!$N$6:$N$47,MATCH($A8,'feed pars'!$B$6:$B$47,0)) -> 9.9416667 | AB8: =INDEX('feed pars'!$Q$6:$Q$47,MATCH($A8,'feed pars'!$B$6:$B$47,0)) -> 20 | AD8: ='feed pars'!$B11 -> grazing | AE8: pigs | AJ8: ='feed pars'!$B11 -> grazing | AK8: pigs | AL8: sows | AP8: ='feed pars'!$B11 -> grazing | AQ8: poultry
A9: ='feed pars'!$B12 -> wheat | B9: =INDEX('feed pars'!C$6:C$47,MATCH($A9,'feed pars'!$B$6:$B$47,0)) -> 86 | C9: =INDEX('feed pars'!D$6:D$47,MATCH($A9,'feed pars'!$B$6:$B$47,0)) -> 18.210023 | D9: =INDEX('feed pars'!E$6:E$47,MATCH($A9,'feed pars'!$B$6:$B$47,0)) -> 1.8 | E9: =INDEX('feed pars'!F$6:F$47,MATCH($A9,'feed pars'!$B$6:$B$47,0)) -> 1.936 | F9: =INDEX('feed pars'!G$6:G$47,MATCH($A9,'feed pars'!$B$6:$B$47,0)) -> 0.345 | G9: =INDEX('feed pars'!H$6:H$47,MATCH($A9,'feed pars'!$B$6:$B$47,0)) -> 0.525 | I9: ='feed pars'!$B12 -> wheat | J9: cattle | L9: =INDEX('feed pars'!$O$6:$O$47,MATCH($A9,'feed pars'!$B$6:$B$47,0)) -> 16 | M9: =INDEX('feed pars'!$N$6:$N$47,MATCH($A9,'feed pars'!$B$6:$B$47,0)) -> 14.1 | N9: =INDEX('feed pars'!$Q$6:$Q$47,MATCH($A9,'feed pars'!$B$6:$B$47,0)) -> 25 | P9: ='feed pars'!$B12 -> wheat | Q9: sheep | S9: =INDEX('feed pars'!$O$6:$O$47,MATCH($A9,'feed pars'!$B$6:$B$47,0)) -> 16 | T9: =INDEX('feed pars'!$N$6:$N$47,MATCH($A9,'feed pars'!$B$6:$B$47,0)) -> 14.1 | U9: =INDEX('feed pars'!$Q$6:$Q$47,MATCH($A9,'feed pars'!$B$6:$B$47,0)) -> 25 | W9: ='feed pars'!$B12 -> wheat | X9: horses | Z9: =INDEX('feed pars'!$O$6:$O$47,MATCH($A9,'feed pars'!$B$6:$B$47,0)) -> 16 | AA9: =INDEX('feed pars'!$N$6:$N$47,MATCH($A9,'feed pars'!$B$6:$B$47,0)) -> 14.1 | AB9: =INDEX('feed pars'!$Q$6:$Q$47,MATCH($A9,'feed pars'!$B$6:$B$47,0)) -> 25 | AD9: ='feed pars'!$B12 -> wheat | AE9: pigs | AG9: =INDEX('feed pars'!$AC$6:$AC$47,MATCH($A9,'feed pars'!$B$6:$B$47,0)) -> 15.9 | AH9: =INDEX('feed pars'!$AD$6:$AD$47,MATCH($A9,'feed pars'!$B$6:$B$47,0)) -> 12.1 | AJ9: ='feed pars'!$B12 -> wheat | AK9: pigs | AL9: sows | AN9: =INDEX('feed pars'!$AE$6:$AE$47,MATCH($A9,'feed pars'!$B$6:$B$47,0)) -> 12.3 | AP9: ='feed pars'!$B12 -> wheat | AQ9: poultry | AS9: =INDEX('feed pars'!$AR$6:$AR$47,MATCH($A9,'feed pars'!$B$6:$B$47,0)) -> 14.712644
A10: ='feed pars'!$B13 -> barley | B10: =INDEX('feed pars'!C$6:C$47,MATCH($A10,'feed pars'!$B$6:$B$47,0)) -> 86 | C10: =INDEX('feed pars'!D$6:D$47,MATCH($A10,'feed pars'!$B$6:$B$47,0)) -> 18.089524 | D10: =INDEX('feed pars'!E$6:E$47,MATCH($A10,'feed pars'!$B$6:$B$47,0)) -> 2.7 | E10: =INDEX('feed pars'!F$6:F$47,MATCH($A10,'feed pars'!$B$6:$B$47,0)) -> 1.904 | F10: =INDEX('feed pars'!G$6:G$47,MATCH($A10,'feed pars'!$B$6:$B$47,0)) -> 0.375 | G10: =INDEX('feed pars'!H$6:H$47,MATCH($A10,'feed pars'!$B$6:$B$47,0)) -> 0.58 | I10: ='feed pars'!$B13 -> barley | J10: cattle | L10: =INDEX('feed pars'!$O$6:$O$47,MATCH($A10,'feed pars'!$B$6:$B$47,0)) -> 15 | M10: =INDEX('feed pars'!$N$6:$N$47,MATCH($A10,'feed pars'!$B$6:$B$47,0)) -> 13.2 | N10: =INDEX('feed pars'!$Q$6:$Q$47,MATCH($A10,'feed pars'!$B$6:$B$47,0)) -> 27 | P10: ='feed pars'!$B13 -> barley | Q10: sheep | S10: =INDEX('feed pars'!$O$6:$O$47,MATCH($A10,'feed pars'!$B$6:$B$47,0)) -> 15 | T10: =INDEX('feed pars'!$N$6:$N$47,MATCH($A10,'feed pars'!$B$6:$B$47,0)) -> 13.2 | U10: =INDEX('feed pars'!$Q$6:$Q$47,MATCH($A10,'feed pars'!$B$6:$B$47,0)) -> 27 | W10: ='feed pars'!$B13 -> barley | X10: horses | Z10: =INDEX('feed pars'!$O$6:$O$47,MATCH($A10,'feed pars'!$B$6:$B$47,0)) -> 15 | AA10: =INDEX('feed pars'!$N$6:$N$47,MATCH($A10,'feed pars'!$B$6:$B$47,0)) -> 13.2 | AB10: =INDEX('feed pars'!$Q$6:$Q$47,MATCH($A10,'feed pars'!$B$6:$B$47,0)) -> 27 | AD10: ='feed pars'!$B13 -> barley | AE10: pigs | AG10: =INDEX('feed pars'!$AC$6:$AC$47,MATCH($A10,'feed pars'!$B$6:$B$47,0)) -> 14.8 | AH10: =INDEX('feed pars'!$AD$6:$AD$47,MATCH($A10,'feed pars'!$B$6:$B$47,0)) -> 11 | AJ10: ='feed pars'!$B13 -> barley | AK10: pigs | AL10: sows | AN10: =INDEX('feed pars'!$AE$6:$AE$47,MATCH($A10,'feed pars'!$B$6:$B$47,0)) -> 11.2 | AP10: ='feed pars'!$B13 -> barley | AQ10: poultry | AS10: =INDEX('feed pars'!$AR$6:$AR$47,MATCH($A10,'feed pars'!$B$6:$B$47,0)) -> 13.563218
A11: ='feed pars'!$B14 -> oats | B11: =INDEX('feed pars'!C$6:C$47,MATCH($A11,'feed pars'!$B$6:$B$47,0)) -> 86 | C11: =INDEX('feed pars'!D$6:D$47,MATCH($A11,'feed pars'!$B$6:$B$47,0)) -> 18.660222 | D11: =INDEX('feed pars'!E$6:E$47,MATCH($A11,'feed pars'!$B$6:$B$47,0)) -> 3.2 | E11: =INDEX('feed pars'!F$6:F$47,MATCH($A11,'feed pars'!$B$6:$B$47,0)) -> 1.768 | F11: =INDEX('feed pars'!G$6:G$47,MATCH($A11,'feed pars'!$B$6:$B$47,0)) -> 0.365 | G11: =INDEX('feed pars'!H$6:H$47,MATCH($A11,'feed pars'!$B$6:$B$47,0)) -> 0.54 | I11: ='feed pars'!$B14 -> oats | J11: cattle | L11: =INDEX('feed pars'!$O$6:$O$47,MATCH($A11,'feed pars'!$B$6:$B$47,0)) -> 13.3 | M11: =INDEX('feed pars'!$N$6:$N$47,MATCH($A11,'feed pars'!$B$6:$B$47,0)) -> 11.7 | N11: =INDEX('feed pars'!$Q$6:$Q$47,MATCH($A11,'feed pars'!$B$6:$B$47,0)) -> 61 | P11: ='feed pars'!$B14 -> oats | Q11: sheep | S11: =INDEX('feed pars'!$O$6:$O$47,MATCH($A11,'feed pars'!$B$6:$B$47,0)) -> 13.3 | T11: =INDEX('feed pars'!$N$6:$N$47,MATCH($A11,'feed pars'!$B$6:$B$47,0)) -> 11.7 | U11: =INDEX('feed pars'!$Q$6:$Q$47,MATCH($A11,'feed pars'!$B$6:$B$47,0)) -> 61 | W11: ='feed pars'!$B14 -> oats | X11: horses | Z11: =INDEX('feed pars'!$O$6:$O$47,MATCH($A11,'feed pars'!$B$6:$B$47,0)) -> 13.3 | AA11: =INDEX('feed pars'!$N$6:$N$47,MATCH($A11,'feed pars'!$B$6:$B$47,0)) -> 11.7 | AB11: =INDEX('feed pars'!$Q$6:$Q$47,MATCH($A11,'feed pars'!$B$6:$B$47,0)) -> 61 | AD11: ='feed pars'!$B14 -> oats | AE11: pigs | AG11: =INDEX('feed pars'!$AC$6:$AC$47,MATCH($A11,'feed pars'!$B$6:$B$47,0)) -> 12.7 | AH11: =INDEX('feed pars'!$AD$6:$AD$47,MATCH($A11,'feed pars'!$B$6:$B$47,0)) -> 9 | AJ11: ='feed pars'!$B14 -> oats | AK11: pigs | AL11: sows | AN11: =INDEX('feed pars'!$AE$6:$AE$47,MATCH($A11,'feed pars'!$B$6:$B$47,0)) -> 9.4 | AP11: ='feed pars'!$B14 -> oats | AQ11: poultry | AS11: =INDEX('feed pars'!$AR$6:$AR$47,MATCH($A11,'feed pars'!$B$6:$B$47,0)) -> 12.298851
A12: ='feed pars'!$B15 -> triticale | B12: =INDEX('feed pars'!C$6:C$47,MATCH($A12,'feed pars'!$B$6:$B$47,0)) -> 86 | C12: =INDEX('feed pars'!D$6:D$47,MATCH($A12,'feed pars'!$B$6:$B$47,0)) -> 18.228433 | D12: =INDEX('feed pars'!E$6:E$47,MATCH($A12,'feed pars'!$B$6:$B$47,0)) -> 2.05 | E12: =INDEX('feed pars'!F$6:F$47,MATCH($A12,'feed pars'!$B$6:$B$47,0)) -> 1.864 | F12: =INDEX('feed pars'!G$6:G$47,MATCH($A12,'feed pars'!$B$6:$B$47,0)) -> 0.38 | G12: =INDEX('feed pars'!H$6:H$47,MATCH($A12,'feed pars'!$B$6:$B$47,0)) -> 0.58 | I12: ='feed pars'!$B15 -> triticale | J12: cattle | L12: =INDEX('feed pars'!$O$6:$O$47,MATCH($A12,'feed pars'!$B$6:$B$47,0)) -> 15.8 | M12: =INDEX('feed pars'!$N$6:$N$47,MATCH($A12,'feed pars'!$B$6:$B$47,0)) -> 14 | N12: =INDEX('feed pars'!$Q$6:$Q$47,MATCH($A12,'feed pars'!$B$6:$B$47,0)) -> 26 | P12: ='feed pars'!$B15 -> triticale | Q12: sheep | S12: =INDEX('feed pars'!$O$6:$O$47,MATCH($A12,'feed pars'!$B$6:$B$47,0)) -> 15.8 | T12: =INDEX('feed pars'!$N$6:$N$47,MATCH($A12,'feed pars'!$B$6:$B$47,0)) -> 14 | U12: =INDEX('feed pars'!$Q$6:$Q$47,MATCH($A12,'feed pars'!$B$6:$B$47,0)) -> 26 | W12: ='feed pars'!$B15 -> triticale | X12: horses | Z12: =INDEX('feed pars'!$O$6:$O$47,MATCH($A12,'feed pars'!$B$6:$B$47,0)) -> 15.8 | AA12: =INDEX('feed pars'!$N$6:$N$47,MATCH($A12,'feed pars'!$B$6:$B$47,0)) -> 14 | AB12: =INDEX('feed pars'!$Q$6:$Q$47,MATCH($A12,'feed pars'!$B$6:$B$47,0)) -> 26 | AD12: ='feed pars'!$B15 -> triticale | AE12: pigs | AG12: =INDEX('feed pars'!$AC$6:$AC$47,MATCH($A12,'feed pars'!$B$6:$B$47,0)) -> 15.6 | AH12: =INDEX('feed pars'!$AD$6:$AD$47,MATCH($A12,'feed pars'!$B$6:$B$47,0)) -> 11.9 | AJ12: ='feed pars'!$B15 -> triticale | AK12: pigs | AL12: sows | AN12: =INDEX('feed pars'!$AE$6:$AE$47,MATCH($A12,'feed pars'!$B$6:$B$47,0)) -> 12 | AP12: ='feed pars'!$B15 -> triticale | AQ12: poultry | AS12: =INDEX('feed pars'!$AR$6:$AR$47,MATCH($A12,'feed pars'!$B$6:$B$47,0)) -> 14.606742
A13: ='feed pars'!$B16 -> rye | B13: =INDEX('feed pars'!C$6:C$47,MATCH($A13,'feed pars'!$B$6:$B$47,0)) -> 86 | C13: =INDEX('feed pars'!D$6:D$47,MATCH($A13,'feed pars'!$B$6:$B$47,0)) -> 17.924256 | D13: =INDEX('feed pars'!E$6:E$47,MATCH($A13,'feed pars'!$B$6:$B$47,0)) -> 2.05 | E13: =INDEX('feed pars'!F$6:F$47,MATCH($A13,'feed pars'!$B$6:$B$47,0)) -> 1.624 | F13: =INDEX('feed pars'!G$6:G$47,MATCH($A13,'feed pars'!$B$6:$B$47,0)) -> 0.33 | G13: =INDEX('feed pars'!H$6:H$47,MATCH($A13,'feed pars'!$B$6:$B$47,0)) -> 0.555 | I13: ='feed pars'!$B16 -> rye | J13: cattle | L13: =INDEX('feed pars'!$O$6:$O$47,MATCH($A13,'feed pars'!$B$6:$B$47,0)) -> 15.8 | M13: =INDEX('feed pars'!$N$6:$N$47,MATCH($A13,'feed pars'!$B$6:$B$47,0)) -> 13.9 | N13: =INDEX('feed pars'!$Q$6:$Q$47,MATCH($A13,'feed pars'!$B$6:$B$47,0)) -> 20 | P13: ='feed pars'!$B16 -> rye | Q13: sheep | S13: =INDEX('feed pars'!$O$6:$O$47,MATCH($A13,'feed pars'!$B$6:$B$47,0)) -> 15.8 | T13: =INDEX('feed pars'!$N$6:$N$47,MATCH($A13,'feed pars'!$B$6:$B$47,0)) -> 13.9 | U13: =INDEX('feed pars'!$Q$6:$Q$47,MATCH($A13,'feed pars'!$B$6:$B$47,0)) -> 20 | W13: ='feed pars'!$B16 -> rye | X13: horses | Z13: =INDEX('feed pars'!$O$6:$O$47,MATCH($A13,'feed pars'!$B$6:$B$47,0)) -> 15.8 | AA13: =INDEX('feed pars'!$N$6:$N$47,MATCH($A13,'feed pars'!$B$6:$B$47,0)) -> 13.9 | AB13: =INDEX('feed pars'!$Q$6:$Q$47,MATCH($A13,'feed pars'!$B$6:$B$47,0)) -> 20 | AD13: ='feed pars'!$B16 -> rye | AE13: pigs | AG13: =INDEX('feed pars'!$AC$6:$AC$47,MATCH($A13,'feed pars'!$B$6:$B$47,0)) -> 0 | AH13: =INDEX('feed pars'!$AD$6:$AD$47,MATCH($A13,'feed pars'!$B$6:$B$47,0)) -> 11.3 | AJ13: ='feed pars'!$B16 -> rye | AK13: pigs | AL13: sows | AN13: =INDEX('feed pars'!$AE$6:$AE$47,MATCH($A13,'feed pars'!$B$6:$B$47,0)) -> 11.5 | AP13: ='feed pars'!$B16 -> rye | AQ13: poultry | AS13: =INDEX('feed pars'!$AR$6:$AR$47,MATCH($A13,'feed pars'!$B$6:$B$47,0)) -> 12.873563
A14: ='feed pars'!$B17 -> maize | B14: =INDEX('feed pars'!C$6:C$47,MATCH($A14,'feed pars'!$B$6:$B$47,0)) -> 86 | C14: =INDEX('feed pars'!D$6:D$47,MATCH($A14,'feed pars'!$B$6:$B$47,0)) -> 18.389935 | D14: =INDEX('feed pars'!E$6:E$47,MATCH($A14,'feed pars'!$B$6:$B$47,0)) -> 1.85 | E14: =INDEX('feed pars'!F$6:F$47,MATCH($A14,'feed pars'!$B$6:$B$47,0)) -> 1.64 | F14: =INDEX('feed pars'!G$6:G$47,MATCH($A14,'feed pars'!$B$6:$B$47,0)) -> 0.34 | G14: =INDEX('feed pars'!H$6:H$47,MATCH($A14,'feed pars'!$B$6:$B$47,0)) -> 0.465 | I14: ='feed pars'!$B17 -> maize | J14: cattle | L14: =INDEX('feed pars'!$O$6:$O$47,MATCH($A14,'feed pars'!$B$6:$B$47,0)) -> 14.5 | M14: =INDEX('feed pars'!$N$6:$N$47,MATCH($A14,'feed pars'!$B$6:$B$47,0)) -> 12.8 | N14: =INDEX('feed pars'!$Q$6:$Q$47,MATCH($A14,'feed pars'!$B$6:$B$47,0)) -> 40 | P14: ='feed pars'!$B17 -> maize | Q14: sheep | S14: =INDEX('feed pars'!$O$6:$O$47,MATCH($A14,'feed pars'!$B$6:$B$47,0)) -> 14.5 | T14: =INDEX('feed pars'!$N$6:$N$47,MATCH($A14,'feed pars'!$B$6:$B$47,0)) -> 12.8 | U14: =INDEX('feed pars'!$Q$6:$Q$47,MATCH($A14,'feed pars'!$B$6:$B$47,0)) -> 40 | W14: ='feed pars'!$B17 -> maize | X14: horses | Z14: =INDEX('feed pars'!$O$6:$O$47,MATCH($A14,'feed pars'!$B$6:$B$47,0)) -> 14.5 | AA14: =INDEX('feed pars'!$N$6:$N$47,MATCH($A14,'feed pars'!$B$6:$B$47,0)) -> 12.8 | AB14: =INDEX('feed pars'!$Q$6:$Q$47,MATCH($A14,'feed pars'!$B$6:$B$47,0)) -> 40 | AD14: ='feed pars'!$B17 -> maize | AE14: pigs | AG14: =INDEX('feed pars'!$AC$6:$AC$47,MATCH($A14,'feed pars'!$B$6:$B$47,0)) -> 16.5 | AH14: =INDEX('feed pars'!$AD$6:$AD$47,MATCH($A14,'feed pars'!$B$6:$B$47,0)) -> 12.8 | AJ14: ='feed pars'!$B17 -> maize | AK14: pigs | AL14: sows | AN14: =INDEX('feed pars'!$AE$6:$AE$47,MATCH($A14,'feed pars'!$B$6:$B$47,0)) -> 13.2 | AP14: ='feed pars'!$B17 -> maize | AQ14: poultry | AS14: =INDEX('feed pars'!$AR$6:$AR$47,MATCH($A14,'feed pars'!$B$6:$B$47,0)) -> 15.862069
A15: ='feed pars'!$B18 -> peas | B15: =INDEX('feed pars'!C$6:C$47,MATCH($A15,'feed pars'!$B$6:$B$47,0)) -> 85 | C15: =INDEX('feed pars'!D$6:D$47,MATCH($A15,'feed pars'!$B$6:$B$47,0)) -> 18.478218 | D15: =INDEX('feed pars'!E$6:E$47,MATCH($A15,'feed pars'!$B$6:$B$47,0)) -> 3.4 | E15: =INDEX('feed pars'!F$6:F$47,MATCH($A15,'feed pars'!$B$6:$B$47,0)) -> 3.72 | F15: =INDEX('feed pars'!G$6:G$47,MATCH($A15,'feed pars'!$B$6:$B$47,0)) -> 0.445 | G15: =INDEX('feed pars'!H$6:H$47,MATCH($A15,'feed pars'!$B$6:$B$47,0)) -> 1.155 | I15: ='feed pars'!$B18 -> peas | J15: cattle | L15: =INDEX('feed pars'!$O$6:$O$47,MATCH($A15,'feed pars'!$B$6:$B$47,0)) -> 16 | M15: =INDEX('feed pars'!$N$6:$N$47,MATCH($A15,'feed pars'!$B$6:$B$47,0)) -> 13.8 | N15: =INDEX('feed pars'!$Q$6:$Q$47,MATCH($A15,'feed pars'!$B$6:$B$47,0)) -> 17 | P15: ='feed pars'!$B18 -> peas | Q15: sheep | S15: =INDEX('feed pars'!$O$6:$O$47,MATCH($A15,'feed pars'!$B$6:$B$47,0)) -> 16 | T15: =INDEX('feed pars'!$N$6:$N$47,MATCH($A15,'feed pars'!$B$6:$B$47,0)) -> 13.8 | U15: =INDEX('feed pars'!$Q$6:$Q$47,MATCH($A15,'feed pars'!$B$6:$B$47,0)) -> 17 | W15: ='feed pars'!$B18 -> peas | X15: horses | Z15: =INDEX('feed pars'!$O$6:$O$47,MATCH($A15,'feed pars'!$B$6:$B$47,0)) -> 16 | AA15: =INDEX('feed pars'!$N$6:$N$47,MATCH($A15,'feed pars'!$B$6:$B$47,0)) -> 13.8 | AB15: =INDEX('feed pars'!$Q$6:$Q$47,MATCH($A15,'feed pars'!$B$6:$B$47,0)) -> 17 | AD15: ='feed pars'!$B18 -> peas | AE15: pigs | AG15: =INDEX('feed pars'!$AC$6:$AC$47,MATCH($A15,'feed pars'!$B$6:$B$47,0)) -> 16.1 | AH15: =INDEX('feed pars'!$AD$6:$AD$47,MATCH($A15,'feed pars'!$B$6:$B$47,0)) -> 11.2 | AJ15: ='feed pars'!$B18 -> peas | AK15: pigs | AL15: sows | AN15: =INDEX('feed pars'!$AE$6:$AE$47,MATCH($A15,'feed pars'!$B$6:$B$47,0)) -> 11.5 | AP15: ='feed pars'!$B18 -> peas | AQ15: poultry | AS15: =INDEX('feed pars'!$AR$6:$AR$47,MATCH($A15,'feed pars'!$B$6:$B$47,0)) -> 12.643678
A16: ='feed pars'!$B19 -> broad beans | B16: =INDEX('feed pars'!C$6:C$47,MATCH($A16,'feed pars'!$B$6:$B$47,0)) -> 85 | C16: =INDEX('feed pars'!D$6:D$47,MATCH($A16,'feed pars'!$B$6:$B$47,0)) -> 18.737207 | D16: =INDEX('feed pars'!E$6:E$47,MATCH($A16,'feed pars'!$B$6:$B$47,0)) -> 4 | E16: =INDEX('feed pars'!F$6:F$47,MATCH($A16,'feed pars'!$B$6:$B$47,0)) -> 4.808 | F16: =INDEX('feed pars'!G$6:G$47,MATCH($A16,'feed pars'!$B$6:$B$47,0)) -> 0.615 | G16: =INDEX('feed pars'!H$6:H$47,MATCH($A16,'feed pars'!$B$6:$B$47,0)) -> 1.375 | I16: ='feed pars'!$B19 -> broad beans | J16: cattle | L16: =INDEX('feed pars'!$O$6:$O$47,MATCH($A16,'feed pars'!$B$6:$B$47,0)) -> 12.6 | M16: =INDEX('feed pars'!$N$6:$N$47,MATCH($A16,'feed pars'!$B$6:$B$47,0)) -> 13.3 | N16: =INDEX('feed pars'!$Q$6:$Q$47,MATCH($A16,'feed pars'!$B$6:$B$47,0)) -> 14 | P16: ='feed pars'!$B19 -> broad beans | Q16: sheep | S16: =INDEX('feed pars'!$O$6:$O$47,MATCH($A16,'feed pars'!$B$6:$B$47,0)) -> 12.6 | T16: =INDEX('feed pars'!$N$6:$N$47,MATCH($A16,'feed pars'!$B$6:$B$47,0)) -> 13.3 | U16: =INDEX('feed pars'!$Q$6:$Q$47,MATCH($A16,'feed pars'!$B$6:$B$47,0)) -> 14 | W16: ='feed pars'!$B19 -> broad beans | X16: horses | Z16: =INDEX('feed pars'!$O$6:$O$47,MATCH($A16,'feed pars'!$B$6:$B$47,0)) -> 12.6 | AA16: =INDEX('feed pars'!$N$6:$N$47,MATCH($A16,'feed pars'!$B$6:$B$47,0)) -> 13.3 | AB16: =INDEX('feed pars'!$Q$6:$Q$47,MATCH($A16,'feed pars'!$B$6:$B$47,0)) -> 14 | AD16: ='feed pars'!$B19 -> broad beans | AE16: pigs | AG16: =INDEX('feed pars'!$AC$6:$AC$47,MATCH($A16,'feed pars'!$B$6:$B$47,0)) -> 15.5 | AH16: =INDEX('feed pars'!$AD$6:$AD$47,MATCH($A16,'feed pars'!$B$6:$B$47,0)) -> 10.7 | AJ16: ='feed pars'!$B19 -> broad beans | AK16: pigs | AL16: sows | AN16: =INDEX('feed pars'!$AE$6:$AE$47,MATCH($A16,'feed pars'!$B$6:$B$47,0)) -> 10.9 | AP16: ='feed pars'!$B19 -> broad beans | AQ16: poultry
A17: ='feed pars'!$B20 -> rapeseed | B17: =INDEX('feed pars'!C$6:C$47,MATCH($A17,'feed pars'!$B$6:$B$47,0)) -> 91 | C17: =INDEX('feed pars'!D$6:D$47,MATCH($A17,'feed pars'!$B$6:$B$47,0)) -> 27.903096 | D17: =INDEX('feed pars'!E$6:E$47,MATCH($A17,'feed pars'!$B$6:$B$47,0)) -> 4.65 | E17: =INDEX('feed pars'!F$6:F$47,MATCH($A17,'feed pars'!$B$6:$B$47,0)) -> 3.336 | F17: =INDEX('feed pars'!G$6:G$47,MATCH($A17,'feed pars'!$B$6:$B$47,0)) -> 0.81 | G17: =INDEX('feed pars'!H$6:H$47,MATCH($A17,'feed pars'!$B$6:$B$47,0)) -> 0.91 | I17: ='feed pars'!$B20 -> rapeseed | J17: cattle | L17: =INDEX('feed pars'!$O$6:$O$47,MATCH($A17,'feed pars'!$B$6:$B$47,0)) -> 22.1 | M17: =INDEX('feed pars'!$N$6:$N$47,MATCH($A17,'feed pars'!$B$6:$B$47,0)) -> 22.1 | N17: =INDEX('feed pars'!$Q$6:$Q$47,MATCH($A17,'feed pars'!$B$6:$B$47,0)) -> 460 | P17: ='feed pars'!$B20 -> rapeseed | Q17: sheep | S17: =INDEX('feed pars'!$O$6:$O$47,MATCH($A17,'feed pars'!$B$6:$B$47,0)) -> 22.1 | T17: =INDEX('feed pars'!$N$6:$N$47,MATCH($A17,'feed pars'!$B$6:$B$47,0)) -> 22.1 | U17: =INDEX('feed pars'!$Q$6:$Q$47,MATCH($A17,'feed pars'!$B$6:$B$47,0)) -> 460 | W17: ='feed pars'!$B20 -> rapeseed | X17: horses | Z17: =INDEX('feed pars'!$O$6:$O$47,MATCH($A17,'feed pars'!$B$6:$B$47,0)) -> 22.1 | AA17: =INDEX('feed pars'!$N$6:$N$47,MATCH($A17,'feed pars'!$B$6:$B$47,0)) -> 22.1 | AB17: =INDEX('feed pars'!$Q$6:$Q$47,MATCH($A17,'feed pars'!$B$6:$B$47,0)) -> 460 | AD17: ='feed pars'!$B20 -> rapeseed | AE17: pigs | AG17: =INDEX('feed pars'!$AC$6:$AC$47,MATCH($A17,'feed pars'!$B$6:$B$47,0)) -> 23.5 | AH17: =INDEX('feed pars'!$AD$6:$AD$47,MATCH($A17,'feed pars'!$B$6:$B$47,0)) -> 18 | AJ17: ='feed pars'!$B20 -> rapeseed | AK17: pigs | AL17: sows | AN17: =INDEX('feed pars'!$AE$6:$AE$47,MATCH($A17,'feed pars'!$B$6:$B$47,0)) -> 18.5 | AP17: ='feed pars'!$B20 -> rapeseed | AQ17: poultry | AS17: =INDEX('feed pars'!$AR$6:$AR$47,MATCH($A17,'feed pars'!$B$6:$B$47,0)) -> 16.8
A18: ='feed pars'!$B21 -> linseed | B18: =INDEX('feed pars'!C$6:C$47,MATCH($A18,'feed pars'!$B$6:$B$47,0)) -> 91 | C18: =INDEX('feed pars'!D$6:D$47,MATCH($A18,'feed pars'!$B$6:$B$47,0)) -> 26.501456 | D18: =INDEX('feed pars'!E$6:E$47,MATCH($A18,'feed pars'!$B$6:$B$47,0)) -> 3.9 | E18: =INDEX('feed pars'!F$6:F$47,MATCH($A18,'feed pars'!$B$6:$B$47,0)) -> 3.736 | F18: =INDEX('feed pars'!G$6:G$47,MATCH($A18,'feed pars'!$B$6:$B$47,0)) -> 0.57 | G18: =INDEX('feed pars'!H$6:H$47,MATCH($A18,'feed pars'!$B$6:$B$47,0)) -> 0.895 | I18: ='feed pars'!$B21 -> linseed | J18: cattle | L18: =INDEX('feed pars'!$O$6:$O$47,MATCH($A18,'feed pars'!$B$6:$B$47,0)) -> 20.8 | M18: =INDEX('feed pars'!$N$6:$N$47,MATCH($A18,'feed pars'!$B$6:$B$47,0)) -> 20.1 | N18: =INDEX('feed pars'!$Q$6:$Q$47,MATCH($A18,'feed pars'!$B$6:$B$47,0)) -> 380 | P18: ='feed pars'!$B21 -> linseed | Q18: sheep | S18: =INDEX('feed pars'!$O$6:$O$47,MATCH($A18,'feed pars'!$B$6:$B$47,0)) -> 20.8 | T18: =INDEX('feed pars'!$N$6:$N$47,MATCH($A18,'feed pars'!$B$6:$B$47,0)) -> 20.1 | U18: =INDEX('feed pars'!$Q$6:$Q$47,MATCH($A18,'feed pars'!$B$6:$B$47,0)) -> 380 | W18: ='feed pars'!$B21 -> linseed | X18: horses | Z18: =INDEX('feed pars'!$O$6:$O$47,MATCH($A18,'feed pars'!$B$6:$B$47,0)) -> 20.8 | AA18: =INDEX('feed pars'!$N$6:$N$47,MATCH($A18,'feed pars'!$B$6:$B$47,0)) -> 20.1 | AB18: =INDEX('feed pars'!$Q$6:$Q$47,MATCH($A18,'feed pars'!$B$6:$B$47,0)) -> 380 | AD18: ='feed pars'!$B21 -> linseed | AE18: pigs | AG18: =INDEX('feed pars'!$AC$6:$AC$47,MATCH($A18,'feed pars'!$B$6:$B$47,0)) -> 20.9 | AH18: =INDEX('feed pars'!$AD$6:$AD$47,MATCH($A18,'feed pars'!$B$6:$B$47,0)) -> 17.3 | AJ18: ='feed pars'!$B21 -> linseed | AK18: pigs | AL18: sows | AN18: =INDEX('feed pars'!$AE$6:$AE$47,MATCH($A18,'feed pars'!$B$6:$B$47,0)) -> 17.5 | AP18: ='feed pars'!$B21 -> linseed | AQ18: poultry
A19: ='feed pars'!$B22 -> vegetable oils | B19: =INDEX('feed pars'!C$6:C$47,MATCH($A19,'feed pars'!$B$6:$B$47,0)) -> 100 | C19: =INDEX('feed pars'!D$6:D$47,MATCH($A19,'feed pars'!$B$6:$B$47,0)) -> 39.3296 | D19: =INDEX('feed pars'!E$6:E$47,MATCH($A19,'feed pars'!$B$6:$B$47,0)) -> 0 | E19: =INDEX('feed pars'!F$6:F$47,MATCH($A19,'feed pars'!$B$6:$B$47,0)) -> 0 | F19: =INDEX('feed pars'!G$6:G$47,MATCH($A19,'feed pars'!$B$6:$B$47,0)) -> 0 | G19: =INDEX('feed pars'!H$6:H$47,MATCH($A19,'feed pars'!$B$6:$B$47,0)) -> 0 | I19: ='feed pars'!$B22 -> vegetable oils | J19: cattle | L19: =INDEX('feed pars'!$O$6:$O$47,MATCH($A19,'feed pars'!$B$6:$B$47,0)) -> 36.6 | M19: =INDEX('feed pars'!$N$6:$N$47,MATCH($A19,'feed pars'!$B$6:$B$47,0)) -> 36.6 | N19: =INDEX('feed pars'!$Q$6:$Q$47,MATCH($A19,'feed pars'!$B$6:$B$47,0)) -> 1000 | P19: ='feed pars'!$B22 -> vegetable oils | Q19: sheep | S19: =INDEX('feed pars'!$O$6:$O$47,MATCH($A19,'feed pars'!$B$6:$B$47,0)) -> 36.6 | T19: =INDEX('feed pars'!$N$6:$N$47,MATCH($A19,'feed pars'!$B$6:$B$47,0)) -> 36.6 | U19: =INDEX('feed pars'!$Q$6:$Q$47,MATCH($A19,'feed pars'!$B$6:$B$47,0)) -> 1000 | W19: ='feed pars'!$B22 -> vegetable oils | X19: horses | Z19: =INDEX('feed pars'!$O$6:$O$47,MATCH($A19,'feed pars'!$B$6:$B$47,0)) -> 36.6 | AA19: =INDEX('feed pars'!$N$6:$N$47,MATCH($A19,'feed pars'!$B$6:$B$47,0)) -> 36.6 | AB19: =INDEX('feed pars'!$Q$6:$Q$47,MATCH($A19,'feed pars'!$B$6:$B$47,0)) -> 1000 | AD19: ='feed pars'!$B22 -> vegetable oils | AE19: pigs | AG19: =INDEX('feed pars'!$AC$6:$AC$47,MATCH($A19,'feed pars'!$B$6:$B$47,0)) -> 34.5 | AH19: =INDEX('feed pars'!$AD$6:$AD$47,MATCH($A19,'feed pars'!$B$6:$B$47,0)) -> 29.8 | AJ19: ='feed pars'!$B22 -> vegetable oils | AK19: pigs | AL19: sows | AN19: =INDEX('feed pars'!$AE$6:$AE$47,MATCH($A19,'feed pars'!$B$6:$B$47,0)) -> 29.8 | AP19: ='feed pars'!$B22 -> vegetable oils | AQ19: poultry | AS19: =INDEX('feed pars'!$AR$6:$AR$47,MATCH($A19,'feed pars'!$B$6:$B$47,0)) -> 38.080808
A20: ='feed pars'!$B23 -> straw | B20: =INDEX('feed pars'!C$6:C$47,MATCH($A20,'feed pars'!$B$6:$B$47,0)) -> 85 | C20: =INDEX('feed pars'!D$6:D$47,MATCH($A20,'feed pars'!$B$6:$B$47,0)) -> 16.927627 | D20: =INDEX('feed pars'!E$6:E$47,MATCH($A20,'feed pars'!$B$6:$B$47,0)) -> 6.6 | E20: =INDEX('feed pars'!F$6:F$47,MATCH($A20,'feed pars'!$B$6:$B$47,0)) -> 1.104 | F20: =INDEX('feed pars'!G$6:G$47,MATCH($A20,'feed pars'!$B$6:$B$47,0)) -> 0.26 | G20: =INDEX('feed pars'!H$6:H$47,MATCH($A20,'feed pars'!$B$6:$B$47,0)) -> 1.68 | I20: ='feed pars'!$B23 -> straw | J20: cattle | L20: =INDEX('feed pars'!$O$6:$O$47,MATCH($A20,'feed pars'!$B$6:$B$47,0)) -> 7.6 | M20: =INDEX('feed pars'!$N$6:$N$47,MATCH($A20,'feed pars'!$B$6:$B$47,0)) -> 6.6 | N20: =INDEX('feed pars'!$Q$6:$Q$47,MATCH($A20,'feed pars'!$B$6:$B$47,0)) -> 20 | P20: ='feed pars'!$B23 -> straw | Q20: sheep | S20: =INDEX('feed pars'!$O$6:$O$47,MATCH($A20,'feed pars'!$B$6:$B$47,0)) -> 7.6 | T20: =INDEX('feed pars'!$N$6:$N$47,MATCH($A20,'feed pars'!$B$6:$B$47,0)) -> 6.6 | U20: =INDEX('feed pars'!$Q$6:$Q$47,MATCH($A20,'feed pars'!$B$6:$B$47,0)) -> 20 | W20: ='feed pars'!$B23 -> straw | X20: horses | Z20: =INDEX('feed pars'!$O$6:$O$47,MATCH($A20,'feed pars'!$B$6:$B$47,0)) -> 7.6 | AA20: =INDEX('feed pars'!$N$6:$N$47,MATCH($A20,'feed pars'!$B$6:$B$47,0)) -> 6.6 | AB20: =INDEX('feed pars'!$Q$6:$Q$47,MATCH($A20,'feed pars'!$B$6:$B$47,0)) -> 20 | AD20: ='feed pars'!$B23 -> straw | AE20: pigs | AJ20: ='feed pars'!$B23 -> straw | AK20: pigs | AL20: sows | AP20: ='feed pars'!$B23 -> straw | AQ20: poultry
A21: ='feed pars'!$B24 -> soybeans | B21: =INDEX('feed pars'!C$6:C$47,MATCH($A21,'feed pars'!$B$6:$B$47,0)) -> 87 | C21: =INDEX('feed pars'!D$6:D$47,MATCH($A21,'feed pars'!$B$6:$B$47,0)) -> 22.965976 | D21: =INDEX('feed pars'!E$6:E$47,MATCH($A21,'feed pars'!$B$6:$B$47,0)) -> 5 | E21: =INDEX('feed pars'!F$6:F$47,MATCH($A21,'feed pars'!$B$6:$B$47,0)) -> 6.4 | F21: =INDEX('feed pars'!G$6:G$47,MATCH($A21,'feed pars'!$B$6:$B$47,0)) -> 0.63 | G21: =INDEX('feed pars'!H$6:H$47,MATCH($A21,'feed pars'!$B$6:$B$47,0)) -> 1.9 | I21: ='feed pars'!$B24 -> soybeans | J21: cattle | L21: =INDEX('feed pars'!$O$6:$O$47,MATCH($A21,'feed pars'!$B$6:$B$47,0)) -> 18.4 | M21: =INDEX('feed pars'!$N$6:$N$47,MATCH($A21,'feed pars'!$B$6:$B$47,0)) -> 16.4 | N21: =INDEX('feed pars'!$Q$6:$Q$47,MATCH($A21,'feed pars'!$B$6:$B$47,0)) -> 180 | P21: ='feed pars'!$B24 -> soybeans | Q21: sheep | S21: =INDEX('feed pars'!$O$6:$O$47,MATCH($A21,'feed pars'!$B$6:$B$47,0)) -> 18.4 | T21: =INDEX('feed pars'!$N$6:$N$47,MATCH($A21,'feed pars'!$B$6:$B$47,0)) -> 16.4 | U21: =INDEX('feed pars'!$Q$6:$Q$47,MATCH($A21,'feed pars'!$B$6:$B$47,0)) -> 180 | W21: ='feed pars'!$B24 -> soybeans | X21: horses | Z21: =INDEX('feed pars'!$O$6:$O$47,MATCH($A21,'feed pars'!$B$6:$B$47,0)) -> 18.4 | AA21: =INDEX('feed pars'!$N$6:$N$47,MATCH($A21,'feed pars'!$B$6:$B$47,0)) -> 16.4 | AB21: =INDEX('feed pars'!$Q$6:$Q$47,MATCH($A21,'feed pars'!$B$6:$B$47,0)) -> 180 | AD21: ='feed pars'!$B24 -> soybeans | AE21: pigs | AJ21: ='feed pars'!$B24 -> soybeans | AK21: pigs | AL21: sows | AP21: ='feed pars'!$B24 -> soybeans | AQ21: poultry | AS21: =INDEX('feed pars'!$AR$6:$AR$47,MATCH($A21,'feed pars'!$B$6:$B$47,0)) -> 16
A22: ='feed pars'!$B25 -> soybean meal | B22: =INDEX('feed pars'!C$6:C$47,MATCH($A22,'feed pars'!$B$6:$B$47,0)) -> 87.5 | C22: =INDEX('feed pars'!D$6:D$47,MATCH($A22,'feed pars'!$B$6:$B$47,0)) -> 19.589488 | D22: =INDEX('feed pars'!E$6:E$47,MATCH($A22,'feed pars'!$B$6:$B$47,0)) -> 7.15 | E22: =INDEX('feed pars'!F$6:F$47,MATCH($A22,'feed pars'!$B$6:$B$47,0)) -> 8.208 | F22: =INDEX('feed pars'!G$6:G$47,MATCH($A22,'feed pars'!$B$6:$B$47,0)) -> 0.715 | G22: =INDEX('feed pars'!H$6:H$47,MATCH($A22,'feed pars'!$B$6:$B$47,0)) -> 2.35 | I22: ='feed pars'!$B25 -> soybean meal | J22: cattle | L22: =INDEX('feed pars'!$O$6:$O$47,MATCH($A22,'feed pars'!$B$6:$B$47,0)) -> 17.8 | M22: =INDEX('feed pars'!$N$6:$N$47,MATCH($A22,'feed pars'!$B$6:$B$47,0)) -> 14.6 | N22: =INDEX('feed pars'!$Q$6:$Q$47,MATCH($A22,'feed pars'!$B$6:$B$47,0)) -> 10 | P22: ='feed pars'!$B25 -> soybean meal | Q22: sheep | S22: =INDEX('feed pars'!$O$6:$O$47,MATCH($A22,'feed pars'!$B$6:$B$47,0)) -> 17.8 | T22: =INDEX('feed pars'!$N$6:$N$47,MATCH($A22,'feed pars'!$B$6:$B$47,0)) -> 14.6 | U22: =INDEX('feed pars'!$Q$6:$Q$47,MATCH($A22,'feed pars'!$B$6:$B$47,0)) -> 10 | W22: ='feed pars'!$B25 -> soybean meal | X22: horses | Z22: =INDEX('feed pars'!$O$6:$O$47,MATCH($A22,'feed pars'!$B$6:$B$47,0)) -> 17.8 | AA22: =INDEX('feed pars'!$N$6:$N$47,MATCH($A22,'feed pars'!$B$6:$B$47,0)) -> 14.6 | AB22: =INDEX('feed pars'!$Q$6:$Q$47,MATCH($A22,'feed pars'!$B$6:$B$47,0)) -> 10 | AD22: ='feed pars'!$B25 -> soybean meal | AE22: pigs | AG22: =INDEX('feed pars'!$AC$6:$AC$47,MATCH($A22,'feed pars'!$B$6:$B$47,0)) -> 16.8 | AH22: =INDEX('feed pars'!$AD$6:$AD$47,MATCH($A22,'feed pars'!$B$6:$B$47,0)) -> 9.3 | AJ22: ='feed pars'!$B25 -> soybean meal | AK22: pigs | AL22: sows | AN22: =INDEX('feed pars'!$AE$6:$AE$47,MATCH($A22,'feed pars'!$B$6:$B$47,0)) -> 9.9 | AP22: ='feed pars'!$B25 -> soybean meal | AQ22: poultry | AS22: =INDEX('feed pars'!$AR$6:$AR$47,MATCH($A22,'feed pars'!$B$6:$B$47,0)) -> 10.45977
A23: ='feed pars'!$B26 -> soybean protein concentrate | B23: =INDEX('feed pars'!C$6:C$47,MATCH($A23,'feed pars'!$B$6:$B$47,0)) -> 87.5 | C23: =INDEX('feed pars'!D$6:D$47,MATCH($A23,'feed pars'!$B$6:$B$47,0)) -> 20.560594 | D23: =INDEX('feed pars'!E$6:E$47,MATCH($A23,'feed pars'!$B$6:$B$47,0)) -> 7.35 | E23: =INDEX('feed pars'!F$6:F$47,MATCH($A23,'feed pars'!$B$6:$B$47,0)) -> 9.288 | F23: =INDEX('feed pars'!G$6:G$47,MATCH($A23,'feed pars'!$B$6:$B$47,0)) -> 0.79 | G23: =INDEX('feed pars'!H$6:H$47,MATCH($A23,'feed pars'!$B$6:$B$47,0)) -> 2.465 | I23: ='feed pars'!$B26 -> soybean protein concentrate | J23: cattle | L23: =INDEX('feed pars'!$O$6:$O$47,MATCH($A23,'feed pars'!$B$6:$B$47,0)) -> 18.196693 | M23: =INDEX('feed pars'!$N$6:$N$47,MATCH($A23,'feed pars'!$B$6:$B$47,0)) -> 13.4 | N23: =INDEX('feed pars'!$Q$6:$Q$47,MATCH($A23,'feed pars'!$B$6:$B$47,0)) -> 17 | P23: ='feed pars'!$B26 -> soybean protein concentrate | Q23: sheep | S23: =INDEX('feed pars'!$O$6:$O$47,MATCH($A23,'feed pars'!$B$6:$B$47,0)) -> 18.196693 | T23: =INDEX('feed pars'!$N$6:$N$47,MATCH($A23,'feed pars'!$B$6:$B$47,0)) -> 13.4 | U23: =INDEX('feed pars'!$Q$6:$Q$47,MATCH($A23,'feed pars'!$B$6:$B$47,0)) -> 17 | W23: ='feed pars'!$B26 -> soybean protein concentrate | X23: horses | AD23: ='feed pars'!$B26 -> soybean protein concentrate | AE23: pigs | AG23: =INDEX('feed pars'!$AC$6:$AC$47,MATCH($A23,'feed pars'!$B$6:$B$47,0)) -> 17.3 | AH23: =INDEX('feed pars'!$AD$6:$AD$47,MATCH($A23,'feed pars'!$B$6:$B$47,0)) -> 9.7 | AJ23: ='feed pars'!$B26 -> soybean protein concentrate | AK23: pigs | AL23: sows | AN23: =INDEX('feed pars'!$AE$6:$AE$47,MATCH($A23,'feed pars'!$B$6:$B$47,0)) -> 10.3 | AP23: ='feed pars'!$B26 -> soybean protein concentrate | AQ23: poultry
A24: ='feed pars'!$B27 -> rapeseed meal | B24: =INDEX('feed pars'!C$6:C$47,MATCH($A24,'feed pars'!$B$6:$B$47,0)) -> 89.5 | C24: =INDEX('feed pars'!D$6:D$47,MATCH($A24,'feed pars'!$B$6:$B$47,0)) -> 19.492001 | D24: =INDEX('feed pars'!E$6:E$47,MATCH($A24,'feed pars'!$B$6:$B$47,0)) -> 7.7 | E24: =INDEX('feed pars'!F$6:F$47,MATCH($A24,'feed pars'!$B$6:$B$47,0)) -> 6.152 | F24: =INDEX('feed pars'!G$6:G$47,MATCH($A24,'feed pars'!$B$6:$B$47,0)) -> 1.245 | G24: =INDEX('feed pars'!H$6:H$47,MATCH($A24,'feed pars'!$B$6:$B$47,0)) -> 1.55 | I24: ='feed pars'!$B27 -> rapeseed meal | J24: cattle | L24: =INDEX('feed pars'!$O$6:$O$47,MATCH($A24,'feed pars'!$B$6:$B$47,0)) -> 14.6 | M24: =INDEX('feed pars'!$N$6:$N$47,MATCH($A24,'feed pars'!$B$6:$B$47,0)) -> 12.2 | N24: =INDEX('feed pars'!$Q$6:$Q$47,MATCH($A24,'feed pars'!$B$6:$B$47,0)) -> 46 | P24: ='feed pars'!$B27 -> rapeseed meal | Q24: sheep | S24: =INDEX('feed pars'!$O$6:$O$47,MATCH($A24,'feed pars'!$B$6:$B$47,0)) -> 14.6 | T24: =INDEX('feed pars'!$N$6:$N$47,MATCH($A24,'feed pars'!$B$6:$B$47,0)) -> 12.2 | U24: =INDEX('feed pars'!$Q$6:$Q$47,MATCH($A24,'feed pars'!$B$6:$B$47,0)) -> 46 | W24: ='feed pars'!$B27 -> rapeseed meal | X24: horses | Z24: =INDEX('feed pars'!$O$6:$O$47,MATCH($A24,'feed pars'!$B$6:$B$47,0)) -> 14.6 | AA24: =INDEX('feed pars'!$N$6:$N$47,MATCH($A24,'feed pars'!$B$6:$B$47,0)) -> 12.2 | AB24: =INDEX('feed pars'!$Q$6:$Q$47,MATCH($A24,'feed pars'!$B$6:$B$47,0)) -> 46 | AD24: ='feed pars'!$B27 -> rapeseed meal | AE24: pigs | AG24: =INDEX('feed pars'!$AC$6:$AC$47,MATCH($A24,'feed pars'!$B$6:$B$47,0)) -> 13.3 | AH24: =INDEX('feed pars'!$AD$6:$AD$47,MATCH($A24,'feed pars'!$B$6:$B$47,0)) -> 7.1 | AJ24: ='feed pars'!$B27 -> rapeseed meal | AK24: pigs | AL24: sows | AN24: =INDEX('feed pars'!$AE$6:$AE$47,MATCH($A24,'feed pars'!$B$6:$B$47,0)) -> 7.7 | AP24: ='feed pars'!$B27 -> rapeseed meal | AQ24: poultry | AS24: =INDEX('feed pars'!$AR$6:$AR$47,MATCH($A24,'feed pars'!$B$6:$B$47,0)) -> 8.4444444
A25: ='feed pars'!$B28 -> sunflower seed meal | B25: =INDEX('feed pars'!C$6:C$47,MATCH($A25,'feed pars'!$B$6:$B$47,0)) -> 91 | C25: =INDEX('feed pars'!D$6:D$47,MATCH($A25,'feed pars'!$B$6:$B$47,0)) -> 19.083224 | D25: =INDEX('feed pars'!E$6:E$47,MATCH($A25,'feed pars'!$B$6:$B$47,0)) -> 7.75 | E25: =INDEX('feed pars'!F$6:F$47,MATCH($A25,'feed pars'!$B$6:$B$47,0)) -> 6.664 | F25: =INDEX('feed pars'!G$6:G$47,MATCH($A25,'feed pars'!$B$6:$B$47,0)) -> 1.305 | G25: =INDEX('feed pars'!H$6:H$47,MATCH($A25,'feed pars'!$B$6:$B$47,0)) -> 1.75 | I25: ='feed pars'!$B28 -> sunflower seed meal | J25: cattle | L25: =INDEX('feed pars'!$O$6:$O$47,MATCH($A25,'feed pars'!$B$6:$B$47,0)) -> 14.1 | M25: =INDEX('feed pars'!$N$6:$N$47,MATCH($A25,'feed pars'!$B$6:$B$47,0)) -> 11.4 | N25: =INDEX('feed pars'!$Q$6:$Q$47,MATCH($A25,'feed pars'!$B$6:$B$47,0)) -> 10 | P25: ='feed pars'!$B28 -> sunflower seed meal | Q25: sheep | S25: =INDEX('feed pars'!$O$6:$O$47,MATCH($A25,'feed pars'!$B$6:$B$47,0)) -> 14.1 | T25: =INDEX('feed pars'!$N$6:$N$47,MATCH($A25,'feed pars'!$B$6:$B$47,0)) -> 11.4 | U25: =INDEX('feed pars'!$Q$6:$Q$47,MATCH($A25,'feed pars'!$B$6:$B$47,0)) -> 10 | W25: ='feed pars'!$B28 -> sunflower seed meal | X25: horses | Z25: =INDEX('feed pars'!$O$6:$O$47,MATCH($A25,'feed pars'!$B$6:$B$47,0)) -> 14.1 | AA25: =INDEX('feed pars'!$N$6:$N$47,MATCH($A25,'feed pars'!$B$6:$B$47,0)) -> 11.4 | AB25: =INDEX('feed pars'!$Q$6:$Q$47,MATCH($A25,'feed pars'!$B$6:$B$47,0)) -> 10 | AD25: ='feed pars'!$B28 -> sunflower seed meal | AE25: pigs | AG25: =INDEX('feed pars'!$AC$6:$AC$47,MATCH($A25,'feed pars'!$B$6:$B$47,0)) -> 10.3 | AH25: =INDEX('feed pars'!$AD$6:$AD$47,MATCH($A25,'feed pars'!$B$6:$B$47,0)) -> 5.9 | AJ25: ='feed pars'!$B28 -> sunflower seed meal | AK25: pigs | AL25: sows | AN25: =INDEX('feed pars'!$AE$6:$AE$47,MATCH($A25,'feed pars'!$B$6:$B$47,0)) -> 6.5 | AP25: ='feed pars'!$B28 -> sunflower seed meal | AQ25: poultry | AS25: =INDEX('feed pars'!$AR$6:$AR$47,MATCH($A25,'feed pars'!$B$6:$B$47,0)) -> 8.6
A26: ='feed pars'!$B29 -> palm kernel expeller | B26: =INDEX('feed pars'!C$6:C$47,MATCH($A26,'feed pars'!$B$6:$B$47,0)) -> 91 | C26: =INDEX('feed pars'!D$6:D$47,MATCH($A26,'feed pars'!$B$6:$B$47,0)) -> 19.581538 | D26: =INDEX('feed pars'!E$6:E$47,MATCH($A26,'feed pars'!$B$6:$B$47,0)) -> 4.5 | E26: =INDEX('feed pars'!F$6:F$47,MATCH($A26,'feed pars'!$B$6:$B$47,0)) -> 2.536 | F26: =INDEX('feed pars'!G$6:G$47,MATCH($A26,'feed pars'!$B$6:$B$47,0)) -> 0.645 | G26: =INDEX('feed pars'!H$6:H$47,MATCH($A26,'feed pars'!$B$6:$B$47,0)) -> 0.775 | I26: ='feed pars'!$B29 -> palm kernel expeller | J26: cattle | L26: =INDEX('feed pars'!$O$6:$O$47,MATCH($A26,'feed pars'!$B$6:$B$47,0)) -> 15 | M26: =INDEX('feed pars'!$N$6:$N$47,MATCH($A26,'feed pars'!$B$6:$B$47,0)) -> 13.4 | N26: =INDEX('feed pars'!$Q$6:$Q$47,MATCH($A26,'feed pars'!$B$6:$B$47,0)) -> 97 | P26: ='feed pars'!$B29 -> palm kernel expeller | Q26: sheep | S26: =INDEX('feed pars'!$O$6:$O$47,MATCH($A26,'feed pars'!$B$6:$B$47,0)) -> 15 | T26: =INDEX('feed pars'!$N$6:$N$47,MATCH($A26,'feed pars'!$B$6:$B$47,0)) -> 13.4 | U26: =INDEX('feed pars'!$Q$6:$Q$47,MATCH($A26,'feed pars'!$B$6:$B$47,0)) -> 97 | W26: ='feed pars'!$B29 -> palm kernel expeller | X26: horses | Z26: =INDEX('feed pars'!$O$6:$O$47,MATCH($A26,'feed pars'!$B$6:$B$47,0)) -> 15 | AA26: =INDEX('feed pars'!$N$6:$N$47,MATCH($A26,'feed pars'!$B$6:$B$47,0)) -> 13.4 | AB26: =INDEX('feed pars'!$Q$6:$Q$47,MATCH($A26,'feed pars'!$B$6:$B$47,0)) -> 97 | AD26: ='feed pars'!$B29 -> palm kernel expeller | AE26: pigs | AG26: =INDEX('feed pars'!$AC$6:$AC$47,MATCH($A26,'feed pars'!$B$6:$B$47,0)) -> 8.4 | AH26: =INDEX('feed pars'!$AD$6:$AD$47,MATCH($A26,'feed pars'!$B$6:$B$47,0)) -> 5.4 | AJ26: ='feed pars'!$B29 -> palm kernel expeller | AK26: pigs | AL26: sows | AN26: =INDEX('feed pars'!$AE$6:$AE$47,MATCH($A26,'feed pars'!$B$6:$B$47,0)) -> 6.2 | AP26: ='feed pars'!$B29 -> palm kernel expeller | AQ26: poultry
A27: ='feed pars'!$B30 -> luzern meal | B27: =INDEX('feed pars'!C$6:C$47,MATCH($A27,'feed pars'!$B$6:$B$47,0)) -> 90 | C27: =INDEX('feed pars'!D$6:D$47,MATCH($A27,'feed pars'!$B$6:$B$47,0)) -> 16.971141 | D27: =INDEX('feed pars'!E$6:E$47,MATCH($A27,'feed pars'!$B$6:$B$47,0)) -> 11.7 | E27: =INDEX('feed pars'!F$6:F$47,MATCH($A27,'feed pars'!$B$6:$B$47,0)) -> 2.928 | F27: =INDEX('feed pars'!G$6:G$47,MATCH($A27,'feed pars'!$B$6:$B$47,0)) -> 0.27 | G27: =INDEX('feed pars'!H$6:H$47,MATCH($A27,'feed pars'!$B$6:$B$47,0)) -> 2.56 | I27: ='feed pars'!$B30 -> luzern meal | J27: cattle | L27: =INDEX('feed pars'!$O$6:$O$47,MATCH($A27,'feed pars'!$B$6:$B$47,0)) -> 10.7 | M27: =INDEX('feed pars'!$N$6:$N$47,MATCH($A27,'feed pars'!$B$6:$B$47,0)) -> 8.5 | N27: =INDEX('feed pars'!$Q$6:$Q$47,MATCH($A27,'feed pars'!$B$6:$B$47,0)) -> 27 | P27: ='feed pars'!$B30 -> luzern meal | Q27: sheep | S27: =INDEX('feed pars'!$O$6:$O$47,MATCH($A27,'feed pars'!$B$6:$B$47,0)) -> 10.7 | T27: =INDEX('feed pars'!$N$6:$N$47,MATCH($A27,'feed pars'!$B$6:$B$47,0)) -> 8.5 | U27: =INDEX('feed pars'!$Q$6:$Q$47,MATCH($A27,'feed pars'!$B$6:$B$47,0)) -> 27 | W27: ='feed pars'!$B30 -> luzern meal | X27: horses | Z27: =INDEX('feed pars'!$O$6:$O$47,MATCH($A27,'feed pars'!$B$6:$B$47,0)) -> 10.7 | AA27: =INDEX('feed pars'!$N$6:$N$47,MATCH($A27,'feed pars'!$B$6:$B$47,0)) -> 8.5 | AB27: =INDEX('feed pars'!$Q$6:$Q$47,MATCH($A27,'feed pars'!$B$6:$B$47,0)) -> 27 | AD27: ='feed pars'!$B30 -> luzern meal | AE27: pigs | AJ27: ='feed pars'!$B30 -> luzern meal | AK27: pigs | AL27: sows | AP27: ='feed pars'!$B30 -> luzern meal | AQ27: poultry
A28: ='feed pars'!$B31 -> wheat bran | B28: =INDEX('feed pars'!C$6:C$47,MATCH($A28,'feed pars'!$B$6:$B$47,0)) -> 87 | C28: =INDEX('feed pars'!D$6:D$47,MATCH($A28,'feed pars'!$B$6:$B$47,0)) -> 18.194124 | D28: =INDEX('feed pars'!E$6:E$47,MATCH($A28,'feed pars'!$B$6:$B$47,0)) -> 5.9 | E28: =INDEX('feed pars'!F$6:F$47,MATCH($A28,'feed pars'!$B$6:$B$47,0)) -> 2.64 | F28: =INDEX('feed pars'!G$6:G$47,MATCH($A28,'feed pars'!$B$6:$B$47,0)) -> 1.195 | G28: =INDEX('feed pars'!H$6:H$47,MATCH($A28,'feed pars'!$B$6:$B$47,0)) -> 1.35 | I28: ='feed pars'!$B31 -> wheat bran | J28: cattle | L28: =INDEX('feed pars'!$O$6:$O$47,MATCH($A28,'feed pars'!$B$6:$B$47,0)) -> 12.7 | M28: =INDEX('feed pars'!$N$6:$N$47,MATCH($A28,'feed pars'!$B$6:$B$47,0)) -> 11 | N28: =INDEX('feed pars'!$Q$6:$Q$47,MATCH($A28,'feed pars'!$B$6:$B$47,0)) -> 45 | P28: ='feed pars'!$B31 -> wheat bran | Q28: sheep | S28: =INDEX('feed pars'!$O$6:$O$47,MATCH($A28,'feed pars'!$B$6:$B$47,0)) -> 12.7 | T28: =INDEX('feed pars'!$N$6:$N$47,MATCH($A28,'feed pars'!$B$6:$B$47,0)) -> 11 | U28: =INDEX('feed pars'!$Q$6:$Q$47,MATCH($A28,'feed pars'!$B$6:$B$47,0)) -> 45 | W28: ='feed pars'!$B31 -> wheat bran | X28: horses | Z28: =INDEX('feed pars'!$O$6:$O$47,MATCH($A28,'feed pars'!$B$6:$B$47,0)) -> 12.7 | AA28: =INDEX('feed pars'!$N$6:$N$47,MATCH($A28,'feed pars'!$B$6:$B$47,0)) -> 11 | AB28: =INDEX('feed pars'!$Q$6:$Q$47,MATCH($A28,'feed pars'!$B$6:$B$47,0)) -> 45 | AD28: ='feed pars'!$B31 -> wheat bran | AE28: pigs | AG28: =INDEX('feed pars'!$AC$6:$AC$47,MATCH($A28,'feed pars'!$B$6:$B$47,0)) -> 10.8 | AH28: =INDEX('feed pars'!$AD$6:$AD$47,MATCH($A28,'feed pars'!$B$6:$B$47,0)) -> 7.2 | AJ28: ='feed pars'!$B31 -> wheat bran | AK28: pigs | AL28: sows | AN28: =INDEX('feed pars'!$AE$6:$AE$47,MATCH($A28,'feed pars'!$B$6:$B$47,0)) -> 7.8 | AP28: ='feed pars'!$B31 -> wheat bran | AQ28: poultry | AS28: =INDEX('feed pars'!$AR$6:$AR$47,MATCH($A28,'feed pars'!$B$6:$B$47,0)) -> 7.816092
A29: ='feed pars'!$B32 -> wheat bran, fine | B29: =INDEX('feed pars'!C$6:C$47,MATCH($A29,'feed pars'!$B$6:$B$47,0)) -> 87.8 | C29: =INDEX('feed pars'!D$6:D$47,MATCH($A29,'feed pars'!$B$6:$B$47,0)) -> 18.47236 | D29: =INDEX('feed pars'!E$6:E$47,MATCH($A29,'feed pars'!$B$6:$B$47,0)) -> 3.3 | E29: =INDEX('feed pars'!F$6:F$47,MATCH($A29,'feed pars'!$B$6:$B$47,0)) -> 2.616 | F29: =INDEX('feed pars'!G$6:G$47,MATCH($A29,'feed pars'!$B$6:$B$47,0)) -> 0.815 | G29: =INDEX('feed pars'!H$6:H$47,MATCH($A29,'feed pars'!$B$6:$B$47,0)) -> 0.96 | I29: ='feed pars'!$B32 -> wheat bran, fine | J29: cattle | L29: =INDEX('feed pars'!$O$6:$O$47,MATCH($A29,'feed pars'!$B$6:$B$47,0)) -> 15.627617 | M29: =INDEX('feed pars'!$N$6:$N$47,MATCH($A29,'feed pars'!$B$6:$B$47,0)) -> 13.3 | N29: =INDEX('feed pars'!$Q$6:$Q$47,MATCH($A29,'feed pars'!$B$6:$B$47,0)) -> 27 | P29: ='feed pars'!$B32 -> wheat bran, fine | Q29: sheep | S29: =INDEX('feed pars'!$O$6:$O$47,MATCH($A29,'feed pars'!$B$6:$B$47,0)) -> 15.627617 | T29: =INDEX('feed pars'!$N$6:$N$47,MATCH($A29,'feed pars'!$B$6:$B$47,0)) -> 13.3 | U29: =INDEX('feed pars'!$Q$6:$Q$47,MATCH($A29,'feed pars'!$B$6:$B$47,0)) -> 27 | W29: ='feed pars'!$B32 -> wheat bran, fine | X29: horses | Z29: =INDEX('feed pars'!$O$6:$O$47,MATCH($A29,'feed pars'!$B$6:$B$47,0)) -> 15.627617 | AA29: =INDEX('feed pars'!$N$6:$N$47,MATCH($A29,'feed pars'!$B$6:$B$47,0)) -> 13.3 | AB29: =INDEX('feed pars'!$Q$6:$Q$47,MATCH($A29,'feed pars'!$B$6:$B$47,0)) -> 27 | AD29: ='feed pars'!$B32 -> wheat bran, fine | AE29: pigs | AG29: =INDEX('feed pars'!$AC$6:$AC$47,MATCH($A29,'feed pars'!$B$6:$B$47,0)) -> 17.5 | AH29: =INDEX('feed pars'!$AD$6:$AD$47,MATCH($A29,'feed pars'!$B$6:$B$47,0)) -> 8.7 | AJ29: ='feed pars'!$B32 -> wheat bran, fine | AK29: pigs | AL29: sows | AN29: =INDEX('feed pars'!$AE$6:$AE$47,MATCH($A29,'feed pars'!$B$6:$B$47,0)) -> 9.2 | AP29: ='feed pars'!$B32 -> wheat bran, fine | AQ29: poultry | AS29: =INDEX('feed pars'!$AR$6:$AR$47,MATCH($A29,'feed pars'!$B$6:$B$47,0)) -> 14.022989
A30: ='feed pars'!$B33 -> oat hulls | B30: =INDEX('feed pars'!C$6:C$47,MATCH($A30,'feed pars'!$B$6:$B$47,0)) -> 87.6 | C30: =INDEX('feed pars'!D$6:D$47,MATCH($A30,'feed pars'!$B$6:$B$47,0)) -> 16.941016 | D30: =INDEX('feed pars'!E$6:E$47,MATCH($A30,'feed pars'!$B$6:$B$47,0)) -> 5 | E30: =INDEX('feed pars'!F$6:F$47,MATCH($A30,'feed pars'!$B$6:$B$47,0)) -> 0.48 | F30: =INDEX('feed pars'!G$6:G$47,MATCH($A30,'feed pars'!$B$6:$B$47,0)) -> 0.44 | G30: =INDEX('feed pars'!H$6:H$47,MATCH($A30,'feed pars'!$B$6:$B$47,0)) -> 0.6 | I30: ='feed pars'!$B33 -> oat hulls | J30: cattle | L30: =INDEX('feed pars'!$O$6:$O$47,MATCH($A30,'feed pars'!$B$6:$B$47,0)) -> 6.2 | M30: =INDEX('feed pars'!$N$6:$N$47,MATCH($A30,'feed pars'!$B$6:$B$47,0)) -> 5.2 | N30: =INDEX('feed pars'!$Q$6:$Q$47,MATCH($A30,'feed pars'!$B$6:$B$47,0)) -> 20 | P30: ='feed pars'!$B33 -> oat hulls | Q30: sheep | S30: =INDEX('feed pars'!$O$6:$O$47,MATCH($A30,'feed pars'!$B$6:$B$47,0)) -> 6.2 | T30: =INDEX('feed pars'!$N$6:$N$47,MATCH($A30,'feed pars'!$B$6:$B$47,0)) -> 5.2 | U30: =INDEX('feed pars'!$Q$6:$Q$47,MATCH($A30,'feed pars'!$B$6:$B$47,0)) -> 20 | W30: ='feed pars'!$B33 -> oat hulls | X30: horses | Z30: =INDEX('feed pars'!$O$6:$O$47,MATCH($A30,'feed pars'!$B$6:$B$47,0)) -> 6.2 | AA30: =INDEX('feed pars'!$N$6:$N$47,MATCH($A30,'feed pars'!$B$6:$B$47,0)) -> 5.2 | AB30: =INDEX('feed pars'!$Q$6:$Q$47,MATCH($A30,'feed pars'!$B$6:$B$47,0)) -> 20 | AD30: ='feed pars'!$B33 -> oat hulls | AE30: pigs | AJ30: ='feed pars'!$B33 -> oat hulls | AK30: pigs | AL30: sows | AP30: ='feed pars'!$B33 -> oat hulls | AQ30: poultry
A31: ='feed pars'!$B34 -> oat bran | B31: =INDEX('feed pars'!C$6:C$47,MATCH($A31,'feed pars'!$B$6:$B$47,0)) -> 87.6 | C31: =INDEX('feed pars'!D$6:D$47,MATCH($A31,'feed pars'!$B$6:$B$47,0)) -> 17.342262 | D31: =INDEX('feed pars'!E$6:E$47,MATCH($A31,'feed pars'!$B$6:$B$47,0)) -> 5.5 | E31: =INDEX('feed pars'!F$6:F$47,MATCH($A31,'feed pars'!$B$6:$B$47,0)) -> 1.008 | F31: =INDEX('feed pars'!G$6:G$47,MATCH($A31,'feed pars'!$B$6:$B$47,0)) -> 0.77 | G31: =INDEX('feed pars'!H$6:H$47,MATCH($A31,'feed pars'!$B$6:$B$47,0)) -> 0 | I31: ='feed pars'!$B34 -> oat bran | J31: cattle | L31: =INDEX('feed pars'!$O$6:$O$47,MATCH($A31,'feed pars'!$B$6:$B$47,0)) -> 8.4 | M31: =INDEX('feed pars'!$N$6:$N$47,MATCH($A31,'feed pars'!$B$6:$B$47,0)) -> 7.2 | N31: =INDEX('feed pars'!$Q$6:$Q$47,MATCH($A31,'feed pars'!$B$6:$B$47,0)) -> 32 | P31: ='feed pars'!$B34 -> oat bran | Q31: sheep | S31: =INDEX('feed pars'!$O$6:$O$47,MATCH($A31,'feed pars'!$B$6:$B$47,0)) -> 8.4 | T31: =INDEX('feed pars'!$N$6:$N$47,MATCH($A31,'feed pars'!$B$6:$B$47,0)) -> 7.2 | U31: =INDEX('feed pars'!$Q$6:$Q$47,MATCH($A31,'feed pars'!$B$6:$B$47,0)) -> 32 | W31: ='feed pars'!$B34 -> oat bran | X31: horses | Z31: =INDEX('feed pars'!$O$6:$O$47,MATCH($A31,'feed pars'!$B$6:$B$47,0)) -> 8.4 | AA31: =INDEX('feed pars'!$N$6:$N$47,MATCH($A31,'feed pars'!$B$6:$B$47,0)) -> 7.2 | AB31: =INDEX('feed pars'!$Q$6:$Q$47,MATCH($A31,'feed pars'!$B$6:$B$47,0)) -> 32 | AD31: ='feed pars'!$B34 -> oat bran | AE31: pigs | AJ31: ='feed pars'!$B34 -> oat bran | AK31: pigs | AL31: sows | AP31: ='feed pars'!$B34 -> oat bran | AQ31: poultry
A32: ='feed pars'!$B35 -> rye bran | B32: =INDEX('feed pars'!C$6:C$47,MATCH($A32,'feed pars'!$B$6:$B$47,0)) -> 87.6 | C32: =INDEX('feed pars'!D$6:D$47,MATCH($A32,'feed pars'!$B$6:$B$47,0)) -> 18.340564 | D32: =INDEX('feed pars'!E$6:E$47,MATCH($A32,'feed pars'!$B$6:$B$47,0)) -> 4.5 | E32: =INDEX('feed pars'!F$6:F$47,MATCH($A32,'feed pars'!$B$6:$B$47,0)) -> 2.56 | F32: =INDEX('feed pars'!G$6:G$47,MATCH($A32,'feed pars'!$B$6:$B$47,0)) -> 1.11 | G32: =INDEX('feed pars'!H$6:H$47,MATCH($A32,'feed pars'!$B$6:$B$47,0)) -> 1.6 | I32: ='feed pars'!$B35 -> rye bran | J32: cattle | L32: =INDEX('feed pars'!$O$6:$O$47,MATCH($A32,'feed pars'!$B$6:$B$47,0)) -> 13.2 | M32: =INDEX('feed pars'!$N$6:$N$47,MATCH($A32,'feed pars'!$B$6:$B$47,0)) -> 11.6 | N32: =INDEX('feed pars'!$Q$6:$Q$47,MATCH($A32,'feed pars'!$B$6:$B$47,0)) -> 40 | P32: ='feed pars'!$B35 -> rye bran | Q32: sheep | S32: =INDEX('feed pars'!$O$6:$O$47,MATCH($A32,'feed pars'!$B$6:$B$47,0)) -> 13.2 | T32: =INDEX('feed pars'!$N$6:$N$47,MATCH($A32,'feed pars'!$B$6:$B$47,0)) -> 11.6 | U32: =INDEX('feed pars'!$Q$6:$Q$47,MATCH($A32,'feed pars'!$B$6:$B$47,0)) -> 40 | W32: ='feed pars'!$B35 -> rye bran | X32: horses | Z32: =INDEX('feed pars'!$O$6:$O$47,MATCH($A32,'feed pars'!$B$6:$B$47,0)) -> 13.2 | AA32: =INDEX('feed pars'!$N$6:$N$47,MATCH($A32,'feed pars'!$B$6:$B$47,0)) -> 11.6 | AB32: =INDEX('feed pars'!$Q$6:$Q$47,MATCH($A32,'feed pars'!$B$6:$B$47,0)) -> 40
A33: ='feed pars'!$B36 -> wheat distillers grain, dry | B33: =INDEX('feed pars'!C$6:C$47,MATCH($A33,'feed pars'!$B$6:$B$47,0)) -> 90 | C33: =INDEX('feed pars'!D$6:D$47,MATCH($A33,'feed pars'!$B$6:$B$47,0)) -> 19.659779 | D33: =INDEX('feed pars'!E$6:E$47,MATCH($A33,'feed pars'!$B$6:$B$47,0)) -> 4.05 | E33: =INDEX('feed pars'!F$6:F$47,MATCH($A33,'feed pars'!$B$6:$B$47,0)) -> 5.28 | F33: =INDEX('feed pars'!G$6:G$47,MATCH($A33,'feed pars'!$B$6:$B$47,0)) -> 0.88 | G33: =INDEX('feed pars'!H$6:H$47,MATCH($A33,'feed pars'!$B$6:$B$47,0)) -> 1.165 | I33: ='feed pars'!$B36 -> wheat distillers grain, dry | J33: cattle | L33: =INDEX('feed pars'!$O$6:$O$47,MATCH($A33,'feed pars'!$B$6:$B$47,0)) -> 15.7 | M33: =INDEX('feed pars'!$N$6:$N$47,MATCH($A33,'feed pars'!$B$6:$B$47,0)) -> 13.3 | N33: =INDEX('feed pars'!$Q$6:$Q$47,MATCH($A33,'feed pars'!$B$6:$B$47,0)) -> 45 | P33: ='feed pars'!$B36 -> wheat distillers grain, dry | Q33: sheep | S33: =INDEX('feed pars'!$O$6:$O$47,MATCH($A33,'feed pars'!$B$6:$B$47,0)) -> 15.7 | T33: =INDEX('feed pars'!$N$6:$N$47,MATCH($A33,'feed pars'!$B$6:$B$47,0)) -> 13.3 | U33: =INDEX('feed pars'!$Q$6:$Q$47,MATCH($A33,'feed pars'!$B$6:$B$47,0)) -> 45 | W33: ='feed pars'!$B36 -> wheat distillers grain, dry | X33: horses | Z33: =INDEX('feed pars'!$O$6:$O$47,MATCH($A33,'feed pars'!$B$6:$B$47,0)) -> 15.7 | AA33: =INDEX('feed pars'!$N$6:$N$47,MATCH($A33,'feed pars'!$B$6:$B$47,0)) -> 13.3 | AB33: =INDEX('feed pars'!$Q$6:$Q$47,MATCH($A33,'feed pars'!$B$6:$B$47,0)) -> 45 | AD33: ='feed pars'!$B36 -> wheat distillers grain, dry | AE33: pigs | AG33: =INDEX('feed pars'!$AC$6:$AC$47,MATCH($A33,'feed pars'!$B$6:$B$47,0)) -> 13.9 | AH33: =INDEX('feed pars'!$AD$6:$AD$47,MATCH($A33,'feed pars'!$B$6:$B$47,0)) -> 8.1 | AJ33: ='feed pars'!$B36 -> wheat distillers grain, dry | AK33: pigs | AL33: sows | AN33: =INDEX('feed pars'!$AE$6:$AE$47,MATCH($A33,'feed pars'!$B$6:$B$47,0)) -> 8.7 | AP33: ='feed pars'!$B36 -> wheat distillers grain, dry | AQ33: poultry
A34: ='feed pars'!$B37 -> wheat distillers grain, wet | B34: =INDEX('feed pars'!C$6:C$47,MATCH($A34,'feed pars'!$B$6:$B$47,0)) -> 11 | C34: =INDEX('feed pars'!D$6:D$47,MATCH($A34,'feed pars'!$B$6:$B$47,0)) -> 18.860217 | D34: =INDEX('feed pars'!E$6:E$47,MATCH($A34,'feed pars'!$B$6:$B$47,0)) -> 6.8 | E34: =INDEX('feed pars'!F$6:F$47,MATCH($A34,'feed pars'!$B$6:$B$47,0)) -> 4.48 | F34: =INDEX('feed pars'!G$6:G$47,MATCH($A34,'feed pars'!$B$6:$B$47,0)) -> 1.09 | G34: =INDEX('feed pars'!H$6:H$47,MATCH($A34,'feed pars'!$B$6:$B$47,0)) -> 0 | I34: ='feed pars'!$B37 -> wheat distillers grain, wet | J34: cattle | P34: ='feed pars'!$B37 -> wheat distillers grain, wet | Q34: sheep | W34: ='feed pars'!$B37 -> wheat distillers grain, wet | X34: horses | AD34: ='feed pars'!$B37 -> wheat distillers grain, wet | AE34: pigs | AG34: =INDEX('feed pars'!$AC$6:$AC$47,MATCH($A34,'feed pars'!$B$6:$B$47,0)) -> 13.017208 | AH34: =INDEX('feed pars'!$AD$6:$AD$47,MATCH($A34,'feed pars'!$B$6:$B$47,0)) -> 8.2 | AJ34: ='feed pars'!$B37 -> wheat distillers grain, wet | AK34: pigs | AL34: sows | AN34: =INDEX('feed pars'!$AE$6:$AE$47,MATCH($A34,'feed pars'!$B$6:$B$47,0)) -> 8.9 | AP34: ='feed pars'!$B37 -> wheat distillers grain, wet | AQ34: poultry
A35: ='feed pars'!$B38 -> barley brewers grain | B35: =INDEX('feed pars'!C$6:C$47,MATCH($A35,'feed pars'!$B$6:$B$47,0)) -> 90 | C35: =INDEX('feed pars'!D$6:D$47,MATCH($A35,'feed pars'!$B$6:$B$47,0)) -> 19.848896 | D35: =INDEX('feed pars'!E$6:E$47,MATCH($A35,'feed pars'!$B$6:$B$47,0)) -> 4.3 | E35: =INDEX('feed pars'!F$6:F$47,MATCH($A35,'feed pars'!$B$6:$B$47,0)) -> 3.984 | F35: =INDEX('feed pars'!G$6:G$47,MATCH($A35,'feed pars'!$B$6:$B$47,0)) -> 0.56 | G35: =INDEX('feed pars'!H$6:H$47,MATCH($A35,'feed pars'!$B$6:$B$47,0)) -> 0.195 | I35: ='feed pars'!$B38 -> barley brewers grain | J35: cattle | L35: =INDEX('feed pars'!$O$6:$O$47,MATCH($A35,'feed pars'!$B$6:$B$47,0)) -> 13.6 | M35: =INDEX('feed pars'!$N$6:$N$47,MATCH($A35,'feed pars'!$B$6:$B$47,0)) -> 11.6 | N35: =INDEX('feed pars'!$Q$6:$Q$47,MATCH($A35,'feed pars'!$B$6:$B$47,0)) -> 80 | P35: ='feed pars'!$B38 -> barley brewers grain | Q35: sheep | S35: =INDEX('feed pars'!$O$6:$O$47,MATCH($A35,'feed pars'!$B$6:$B$47,0)) -> 13.6 | T35: =INDEX('feed pars'!$N$6:$N$47,MATCH($A35,'feed pars'!$B$6:$B$47,0)) -> 11.6 | U35: =INDEX('feed pars'!$Q$6:$Q$47,MATCH($A35,'feed pars'!$B$6:$B$47,0)) -> 80 | W35: ='feed pars'!$B38 -> barley brewers grain | X35: horses | Z35: =INDEX('feed pars'!$O$6:$O$47,MATCH($A35,'feed pars'!$B$6:$B$47,0)) -> 13.6 | AA35: =INDEX('feed pars'!$N$6:$N$47,MATCH($A35,'feed pars'!$B$6:$B$47,0)) -> 11.6 | AB35: =INDEX('feed pars'!$Q$6:$Q$47,MATCH($A35,'feed pars'!$B$6:$B$47,0)) -> 80 | AD35: ='feed pars'!$B38 -> barley brewers grain | AE35: pigs | AG35: =INDEX('feed pars'!$AC$6:$AC$47,MATCH($A35,'feed pars'!$B$6:$B$47,0)) -> 10.6 | AH35: =INDEX('feed pars'!$AD$6:$AD$47,MATCH($A35,'feed pars'!$B$6:$B$47,0)) -> 6.6 | AJ35: ='feed pars'!$B38 -> barley brewers grain | AK35: pigs | AL35: sows | AN35: =INDEX('feed pars'!$AE$6:$AE$47,MATCH($A35,'feed pars'!$B$6:$B$47,0)) -> 7.0888889 | AP35: ='feed pars'!$B38 -> barley brewers grain | AQ35: poultry
A36: ='feed pars'!$B39 -> maize gluten meal | B36: =INDEX('feed pars'!C$6:C$47,MATCH($A36,'feed pars'!$B$6:$B$47,0)) -> 89.666667 | C36: =INDEX('feed pars'!D$6:D$47,MATCH($A36,'feed pars'!$B$6:$B$47,0)) -> 22.900706 | D36: =INDEX('feed pars'!E$6:E$47,MATCH($A36,'feed pars'!$B$6:$B$47,0)) -> 1.95 | E36: =INDEX('feed pars'!F$6:F$47,MATCH($A36,'feed pars'!$B$6:$B$47,0)) -> 10.792 | F36: =INDEX('feed pars'!G$6:G$47,MATCH($A36,'feed pars'!$B$6:$B$47,0)) -> 0.485 | G36: =INDEX('feed pars'!H$6:H$47,MATCH($A36,'feed pars'!$B$6:$B$47,0)) -> 0.325 | I36: ='feed pars'!$B39 -> maize gluten meal | J36: cattle | L36: =INDEX('feed pars'!$O$6:$O$47,MATCH($A36,'feed pars'!$B$6:$B$47,0)) -> 19.6 | M36: =INDEX('feed pars'!$N$6:$N$47,MATCH($A36,'feed pars'!$B$6:$B$47,0)) -> 16 | N36: =INDEX('feed pars'!$Q$6:$Q$47,MATCH($A36,'feed pars'!$B$6:$B$47,0)) -> 24 | P36: ='feed pars'!$B39 -> maize gluten meal | Q36: sheep | S36: =INDEX('feed pars'!$O$6:$O$47,MATCH($A36,'feed pars'!$B$6:$B$47,0)) -> 19.6 | T36: =INDEX('feed pars'!$N$6:$N$47,MATCH($A36,'feed pars'!$B$6:$B$47,0)) -> 16 | U36: =INDEX('feed pars'!$Q$6:$Q$47,MATCH($A36,'feed pars'!$B$6:$B$47,0)) -> 24 | W36: ='feed pars'!$B39 -> maize gluten meal | X36: horses | Z36: =INDEX('feed pars'!$O$6:$O$47,MATCH($A36,'feed pars'!$B$6:$B$47,0)) -> 19.6 | AA36: =INDEX('feed pars'!$N$6:$N$47,MATCH($A36,'feed pars'!$B$6:$B$47,0)) -> 16 | AB36: =INDEX('feed pars'!$Q$6:$Q$47,MATCH($A36,'feed pars'!$B$6:$B$47,0)) -> 24 | AD36: ='feed pars'!$B39 -> maize gluten meal | AE36: pigs | AG36: =INDEX('feed pars'!$AC$6:$AC$47,MATCH($A36,'feed pars'!$B$6:$B$47,0)) -> 21.4 | AH36: =INDEX('feed pars'!$AD$6:$AD$47,MATCH($A36,'feed pars'!$B$6:$B$47,0)) -> 12.9 | AJ36: ='feed pars'!$B39 -> maize gluten meal | AK36: pigs | AL36: sows | AN36: =INDEX('feed pars'!$AE$6:$AE$47,MATCH($A36,'feed pars'!$B$6:$B$47,0)) -> 13.3 | AP36: ='feed pars'!$B39 -> maize gluten meal | AQ36: poultry | AS36: =INDEX('feed pars'!$AR$6:$AR$47,MATCH($A36,'feed pars'!$B$6:$B$47,0)) -> 16.321839
A37: ='feed pars'!$B40 -> sugar beet molasses | B37: =INDEX('feed pars'!C$6:C$47,MATCH($A37,'feed pars'!$B$6:$B$47,0)) -> 75.5 | C37: =INDEX('feed pars'!D$6:D$47,MATCH($A37,'feed pars'!$B$6:$B$47,0)) -> 16.161537 | D37: =INDEX('feed pars'!E$6:E$47,MATCH($A37,'feed pars'!$B$6:$B$47,0)) -> 11.9 | E37: =INDEX('feed pars'!F$6:F$47,MATCH($A37,'feed pars'!$B$6:$B$47,0)) -> 2.208 | F37: =INDEX('feed pars'!G$6:G$47,MATCH($A37,'feed pars'!$B$6:$B$47,0)) -> 0.03 | G37: =INDEX('feed pars'!H$6:H$47,MATCH($A37,'feed pars'!$B$6:$B$47,0)) -> 3.65 | I37: ='feed pars'!$B40 -> sugar beet molasses | J37: cattle | L37: =INDEX('feed pars'!$O$6:$O$47,MATCH($A37,'feed pars'!$B$6:$B$47,0)) -> 14.1 | M37: =INDEX('feed pars'!$N$6:$N$47,MATCH($A37,'feed pars'!$B$6:$B$47,0)) -> 12.4 | N37: =INDEX('feed pars'!$Q$6:$Q$47,MATCH($A37,'feed pars'!$B$6:$B$47,0)) -> 0 | P37: ='feed pars'!$B40 -> sugar beet molasses | Q37: sheep | S37: =INDEX('feed pars'!$O$6:$O$47,MATCH($A37,'feed pars'!$B$6:$B$47,0)) -> 14.1 | T37: =INDEX('feed pars'!$N$6:$N$47,MATCH($A37,'feed pars'!$B$6:$B$47,0)) -> 12.4 | U37: =INDEX('feed pars'!$Q$6:$Q$47,MATCH($A37,'feed pars'!$B$6:$B$47,0)) -> 0 | W37: ='feed pars'!$B40 -> sugar beet molasses | X37: horses | Z37: =INDEX('feed pars'!$O$6:$O$47,MATCH($A37,'feed pars'!$B$6:$B$47,0)) -> 14.1 | AA37: =INDEX('feed pars'!$N$6:$N$47,MATCH($A37,'feed pars'!$B$6:$B$47,0)) -> 12.4 | AB37: =INDEX('feed pars'!$Q$6:$Q$47,MATCH($A37,'feed pars'!$B$6:$B$47,0)) -> 0 | AD37: ='feed pars'!$B40 -> sugar beet molasses | AE37: pigs | AG37: =INDEX('feed pars'!$AC$6:$AC$47,MATCH($A37,'feed pars'!$B$6:$B$47,0)) -> 13.1 | AH37: =INDEX('feed pars'!$AD$6:$AD$47,MATCH($A37,'feed pars'!$B$6:$B$47,0)) -> 8.7 | AJ37: ='feed pars'!$B40 -> sugar beet molasses | AK37: pigs | AL37: sows | AN37: =INDEX('feed pars'!$AE$6:$AE$47,MATCH($A37,'feed pars'!$B$6:$B$47,0)) -> 9 | AP37: ='feed pars'!$B40 -> sugar beet molasses | AQ37: poultry
A38: ='feed pars'!$B41 -> sugar beet pulp | B38: =INDEX('feed pars'!C$6:C$47,MATCH($A38,'feed pars'!$B$6:$B$47,0)) -> 89.5 | C38: =INDEX('feed pars'!D$6:D$47,MATCH($A38,'feed pars'!$B$6:$B$47,0)) -> 17.334312 | D38: =INDEX('feed pars'!E$6:E$47,MATCH($A38,'feed pars'!$B$6:$B$47,0)) -> 7.15 | E38: =INDEX('feed pars'!F$6:F$47,MATCH($A38,'feed pars'!$B$6:$B$47,0)) -> 1.448 | F38: =INDEX('feed pars'!G$6:G$47,MATCH($A38,'feed pars'!$B$6:$B$47,0)) -> 0.1 | G38: =INDEX('feed pars'!H$6:H$47,MATCH($A38,'feed pars'!$B$6:$B$47,0)) -> 0.485 | I38: ='feed pars'!$B41 -> sugar beet pulp | J38: cattle | L38: =INDEX('feed pars'!$O$6:$O$47,MATCH($A38,'feed pars'!$B$6:$B$47,0)) -> 14.7 | M38: =INDEX('feed pars'!$N$6:$N$47,MATCH($A38,'feed pars'!$B$6:$B$47,0)) -> 12.3 | N38: =INDEX('feed pars'!$Q$6:$Q$47,MATCH($A38,'feed pars'!$B$6:$B$47,0)) -> 32 | P38: ='feed pars'!$B41 -> sugar beet pulp | Q38: sheep | S38: =INDEX('feed pars'!$O$6:$O$47,MATCH($A38,'feed pars'!$B$6:$B$47,0)) -> 14.7 | T38: =INDEX('feed pars'!$N$6:$N$47,MATCH($A38,'feed pars'!$B$6:$B$47,0)) -> 12.3 | U38: =INDEX('feed pars'!$Q$6:$Q$47,MATCH($A38,'feed pars'!$B$6:$B$47,0)) -> 32 | W38: ='feed pars'!$B41 -> sugar beet pulp | X38: horses | Z38: =INDEX('feed pars'!$O$6:$O$47,MATCH($A38,'feed pars'!$B$6:$B$47,0)) -> 14.7 | AA38: =INDEX('feed pars'!$N$6:$N$47,MATCH($A38,'feed pars'!$B$6:$B$47,0)) -> 12.3 | AB38: =INDEX('feed pars'!$Q$6:$Q$47,MATCH($A38,'feed pars'!$B$6:$B$47,0)) -> 32 | AD38: ='feed pars'!$B41 -> sugar beet pulp | AE38: pigs | AG38: =INDEX('feed pars'!$AC$6:$AC$47,MATCH($A38,'feed pars'!$B$6:$B$47,0)) -> 12.2 | AH38: =INDEX('feed pars'!$AD$6:$AD$47,MATCH($A38,'feed pars'!$B$6:$B$47,0)) -> 6.9 | AJ38: ='feed pars'!$B41 -> sugar beet pulp | AK38: pigs | AL38: sows | AN38: =INDEX('feed pars'!$AE$6:$AE$47,MATCH($A38,'feed pars'!$B$6:$B$47,0)) -> 8 | AP38: ='feed pars'!$B41 -> sugar beet pulp | AQ38: poultry
A39: ='feed pars'!$B42 -> whey | B39: =INDEX('feed pars'!C$6:C$47,MATCH($A39,'feed pars'!$B$6:$B$47,0)) -> 6.25 | C39: =INDEX('feed pars'!D$6:D$47,MATCH($A39,'feed pars'!$B$6:$B$47,0)) -> 16.46404 | D39: =INDEX('feed pars'!E$6:E$47,MATCH($A39,'feed pars'!$B$6:$B$47,0)) -> 9.3 | E39: =INDEX('feed pars'!F$6:F$47,MATCH($A39,'feed pars'!$B$6:$B$47,0)) -> 1.88 | F39: =INDEX('feed pars'!G$6:G$47,MATCH($A39,'feed pars'!$B$6:$B$47,0)) -> 0.76 | G39: =INDEX('feed pars'!H$6:H$47,MATCH($A39,'feed pars'!$B$6:$B$47,0)) -> 2.355 | I39: ='feed pars'!$B42 -> whey | J39: cattle | L39: =INDEX('feed pars'!$O$6:$O$47,MATCH($A39,'feed pars'!$B$6:$B$47,0)) -> 15.1 | M39: =INDEX('feed pars'!$N$6:$N$47,MATCH($A39,'feed pars'!$B$6:$B$47,0)) -> 13.6 | N39: =INDEX('feed pars'!$Q$6:$Q$47,MATCH($A39,'feed pars'!$B$6:$B$47,0)) -> 10 | P39: ='feed pars'!$B42 -> whey | Q39: sheep | S39: =INDEX('feed pars'!$O$6:$O$47,MATCH($A39,'feed pars'!$B$6:$B$47,0)) -> 15.1 | T39: =INDEX('feed pars'!$N$6:$N$47,MATCH($A39,'feed pars'!$B$6:$B$47,0)) -> 13.6 | U39: =INDEX('feed pars'!$Q$6:$Q$47,MATCH($A39,'feed pars'!$B$6:$B$47,0)) -> 10 | W39: ='feed pars'!$B42 -> whey | X39: horses | Z39: =INDEX('feed pars'!$O$6:$O$47,MATCH($A39,'feed pars'!$B$6:$B$47,0)) -> 15.1 | AA39: =INDEX('feed pars'!$N$6:$N$47,MATCH($A39,'feed pars'!$B$6:$B$47,0)) -> 13.6 | AB39: =INDEX('feed pars'!$Q$6:$Q$47,MATCH($A39,'feed pars'!$B$6:$B$47,0)) -> 10 | AD39: ='feed pars'!$B42 -> whey | AE39: pigs | AG39: =INDEX('feed pars'!$AC$6:$AC$47,MATCH($A39,'feed pars'!$B$6:$B$47,0)) -> 15.205346 | AH39: =INDEX('feed pars'!$AD$6:$AD$47,MATCH($A39,'feed pars'!$B$6:$B$47,0)) -> 12.4 | AJ39: ='feed pars'!$B42 -> whey | AK39: pigs | AL39: sows | AN39: =INDEX('feed pars'!$AE$6:$AE$47,MATCH($A39,'feed pars'!$B$6:$B$47,0)) -> 12.2 | AP39: ='feed pars'!$B42 -> whey | AQ39: poultry
A40: ='feed pars'!$B43 -> whey powder | B40: =INDEX('feed pars'!C$6:C$47,MATCH($A40,'feed pars'!$B$6:$B$47,0)) -> 97 | C40: =INDEX('feed pars'!D$6:D$47,MATCH($A40,'feed pars'!$B$6:$B$47,0)) -> 16.975325 | D40: =INDEX('feed pars'!E$6:E$47,MATCH($A40,'feed pars'!$B$6:$B$47,0)) -> 8.6 | E40: =INDEX('feed pars'!F$6:F$47,MATCH($A40,'feed pars'!$B$6:$B$47,0)) -> 2.048 | F40: =INDEX('feed pars'!G$6:G$47,MATCH($A40,'feed pars'!$B$6:$B$47,0)) -> 0.68 | G40: =INDEX('feed pars'!H$6:H$47,MATCH($A40,'feed pars'!$B$6:$B$47,0)) -> 2.1 | I40: ='feed pars'!$B43 -> whey powder | J40: cattle | L40: =INDEX('feed pars'!$O$6:$O$47,MATCH($A40,'feed pars'!$B$6:$B$47,0)) -> 15.404882 | M40: =INDEX('feed pars'!$N$6:$N$47,MATCH($A40,'feed pars'!$B$6:$B$47,0)) -> 12.3 | N40: =INDEX('feed pars'!$Q$6:$Q$47,MATCH($A40,'feed pars'!$B$6:$B$47,0)) -> 13 | P40: ='feed pars'!$B43 -> whey powder | Q40: sheep | S40: =INDEX('feed pars'!$O$6:$O$47,MATCH($A40,'feed pars'!$B$6:$B$47,0)) -> 15.404882 | T40: =INDEX('feed pars'!$N$6:$N$47,MATCH($A40,'feed pars'!$B$6:$B$47,0)) -> 12.3 | U40: =INDEX('feed pars'!$Q$6:$Q$47,MATCH($A40,'feed pars'!$B$6:$B$47,0)) -> 13 | W40: ='feed pars'!$B43 -> whey powder | X40: horses | AD40: ='feed pars'!$B43 -> whey powder | AE40: pigs | AG40: =INDEX('feed pars'!$AC$6:$AC$47,MATCH($A40,'feed pars'!$B$6:$B$47,0)) -> 15.3 | AH40: =INDEX('feed pars'!$AD$6:$AD$47,MATCH($A40,'feed pars'!$B$6:$B$47,0)) -> 12.4 | AJ40: ='feed pars'!$B43 -> whey powder | AK40: pigs | AL40: sows | AN40: =INDEX('feed pars'!$AE$6:$AE$47,MATCH($A40,'feed pars'!$B$6:$B$47,0)) -> 12.2 | AP40: ='feed pars'!$B43 -> whey powder | AQ40: poultry
A41: ='feed pars'!$B44 -> potatoe protein | B41: =INDEX('feed pars'!C$6:C$47,MATCH($A41,'feed pars'!$B$6:$B$47,0)) -> 91 | C41: =INDEX('feed pars'!D$6:D$47,MATCH($A41,'feed pars'!$B$6:$B$47,0)) -> 23.055932 | D41: =INDEX('feed pars'!E$6:E$47,MATCH($A41,'feed pars'!$B$6:$B$47,0)) -> 2.8 | E41: =INDEX('feed pars'!F$6:F$47,MATCH($A41,'feed pars'!$B$6:$B$47,0)) -> 13.48 | F41: =INDEX('feed pars'!G$6:G$47,MATCH($A41,'feed pars'!$B$6:$B$47,0)) -> 0.435 | G41: =INDEX('feed pars'!H$6:H$47,MATCH($A41,'feed pars'!$B$6:$B$47,0)) -> 0.815 | I41: ='feed pars'!$B44 -> potatoe protein | J41: cattle | L41: =INDEX('feed pars'!$O$6:$O$47,MATCH($A41,'feed pars'!$B$6:$B$47,0)) -> 19.7 | M41: =INDEX('feed pars'!$N$6:$N$47,MATCH($A41,'feed pars'!$B$6:$B$47,0)) -> 15.5 | N41: =INDEX('feed pars'!$Q$6:$Q$47,MATCH($A41,'feed pars'!$B$6:$B$47,0)) -> 33 | P41: ='feed pars'!$B44 -> potatoe protein | Q41: sheep | S41: =INDEX('feed pars'!$O$6:$O$47,MATCH($A41,'feed pars'!$B$6:$B$47,0)) -> 19.7 | T41: =INDEX('feed pars'!$N$6:$N$47,MATCH($A41,'feed pars'!$B$6:$B$47,0)) -> 15.5 | U41: =INDEX('feed pars'!$Q$6:$Q$47,MATCH($A41,'feed pars'!$B$6:$B$47,0)) -> 33 | W41: ='feed pars'!$B44 -> potatoe protein | X41: horses | Z41: =INDEX('feed pars'!$O$6:$O$47,MATCH($A41,'feed pars'!$B$6:$B$47,0)) -> 19.7 | AA41: =INDEX('feed pars'!$N$6:$N$47,MATCH($A41,'feed pars'!$B$6:$B$47,0)) -> 15.5 | AB41: =INDEX('feed pars'!$Q$6:$Q$47,MATCH($A41,'feed pars'!$B$6:$B$47,0)) -> 33 | AD41: ='feed pars'!$B44 -> potatoe protein | AE41: pigs | AG41: =INDEX('feed pars'!$AC$6:$AC$47,MATCH($A41,'feed pars'!$B$6:$B$47,0)) -> 20.8 | AH41: =INDEX('feed pars'!$AD$6:$AD$47,MATCH($A41,'feed pars'!$B$6:$B$47,0)) -> 11.1 | AJ41: ='feed pars'!$B44 -> potatoe protein | AK41: pigs | AL41: sows | AN41: =INDEX('feed pars'!$AE$6:$AE$47,MATCH($A41,'feed pars'!$B$6:$B$47,0)) -> 11.3 | AP41: ='feed pars'!$B44 -> potatoe protein | AQ41: poultry | AS41: =INDEX('feed pars'!$AR$6:$AR$47,MATCH($A41,'feed pars'!$B$6:$B$47,0)) -> 16
A42: ='feed pars'!$B46 -> fish meal | B42: =INDEX('feed pars'!C$6:C$47,MATCH($A42,'feed pars'!$B$6:$B$47,0)) -> 92.05 | C42: =INDEX('feed pars'!D$6:D$47,MATCH($A42,'feed pars'!$B$6:$B$47,0)) -> 22.254696 | D42: =INDEX('feed pars'!E$6:E$47,MATCH($A42,'feed pars'!$B$6:$B$47,0)) -> 13.55 | E42: =INDEX('feed pars'!F$6:F$47,MATCH($A42,'feed pars'!$B$6:$B$47,0)) -> 12.112 | F42: =INDEX('feed pars'!G$6:G$47,MATCH($A42,'feed pars'!$B$6:$B$47,0)) -> 2.35 | G42: =INDEX('feed pars'!H$6:H$47,MATCH($A42,'feed pars'!$B$6:$B$47,0)) -> 1.195 | I42: ='feed pars'!$B46 -> fish meal | J42: cattle | L42: =INDEX('feed pars'!$O$6:$O$47,MATCH($A42,'feed pars'!$B$6:$B$47,0)) -> 21.750545 | M42: =INDEX('feed pars'!$N$6:$N$47,MATCH($A42,'feed pars'!$B$6:$B$47,0)) -> 14.8 | N42: =INDEX('feed pars'!$Q$6:$Q$47,MATCH($A42,'feed pars'!$B$6:$B$47,0)) -> 110 | P42: ='feed pars'!$B46 -> fish meal | Q42: sheep | S42: =INDEX('feed pars'!$O$6:$O$47,MATCH($A42,'feed pars'!$B$6:$B$47,0)) -> 21.750545 | T42: =INDEX('feed pars'!$N$6:$N$47,MATCH($A42,'feed pars'!$B$6:$B$47,0)) -> 14.8 | U42: =INDEX('feed pars'!$Q$6:$Q$47,MATCH($A42,'feed pars'!$B$6:$B$47,0)) -> 110 | W42: ='feed pars'!$B46 -> fish meal | X42: horses | AD42: ='feed pars'!$B46 -> fish meal | AE42: pigs | AG42: =INDEX('feed pars'!$AC$6:$AC$47,MATCH($A42,'feed pars'!$B$6:$B$47,0)) -> 19.5 | AH42: =INDEX('feed pars'!$AD$6:$AD$47,MATCH($A42,'feed pars'!$B$6:$B$47,0)) -> 10.8 | AJ42: ='feed pars'!$B46 -> fish meal | AK42: pigs | AL42: sows | AN42: =INDEX('feed pars'!$AE$6:$AE$47,MATCH($A42,'feed pars'!$B$6:$B$47,0)) -> 10.8 | AP42: ='feed pars'!$B46 -> fish meal | AQ42: poultry | AS42: =INDEX('feed pars'!$AR$6:$AR$47,MATCH($A42,'feed pars'!$B$6:$B$47,0)) -> 13.695652
A43: ='feed pars'!$B47 -> minerals | B43: =INDEX('feed pars'!C$6:C$47,MATCH($A43,'feed pars'!$B$6:$B$47,0)) -> 100 | C43: =INDEX('feed pars'!D$6:D$47,MATCH($A43,'feed pars'!$B$6:$B$47,0)) -> 0 | D43: =INDEX('feed pars'!E$6:E$47,MATCH($A43,'feed pars'!$B$6:$B$47,0)) -> 100 | E43: =INDEX('feed pars'!F$6:F$47,MATCH($A43,'feed pars'!$B$6:$B$47,0)) -> 0 | F43: =INDEX('feed pars'!G$6:G$47,MATCH($A43,'feed pars'!$B$6:$B$47,0)) -> 0 | G43: =INDEX('feed pars'!H$6:H$47,MATCH($A43,'feed pars'!$B$6:$B$47,0)) -> 0 | I43: ='feed pars'!$B47 -> minerals | J43: cattle | L43: =INDEX('feed pars'!$O$6:$O$47,MATCH($A43,'feed pars'!$B$6:$B$47,0)) -> 0 | M43: =INDEX('feed pars'!$N$6:$N$47,MATCH($A43,'feed pars'!$B$6:$B$47,0)) -> 0 | N43: =INDEX('feed pars'!$Q$6:$Q$47,MATCH($A43,'feed pars'!$B$6:$B$47,0)) -> 0 | P43: ='feed pars'!$B47 -> minerals | Q43: sheep | S43: =INDEX('feed pars'!$O$6:$O$47,MATCH($A43,'feed pars'!$B$6:$B$47,0)) -> 0 | T43: =INDEX('feed pars'!$N$6:$N$47,MATCH($A43,'feed pars'!$B$6:$B$47,0)) -> 0 | U43: =INDEX('feed pars'!$Q$6:$Q$47,MATCH($A43,'feed pars'!$B$6:$B$47,0)) -> 0 | W43: ='feed pars'!$B47 -> minerals | X43: horses | Z43: =INDEX('feed pars'!$O$6:$O$47,MATCH($A43,'feed pars'!$B$6:$B$47,0)) -> 0 | AA43: =INDEX('feed pars'!$N$6:$N$47,MATCH($A43,'feed pars'!$B$6:$B$47,0)) -> 0 | AB43: =INDEX('feed pars'!$Q$6:$Q$47,MATCH($A43,'feed pars'!$B$6:$B$47,0)) -> 0 | AD43: ='feed pars'!$B47 -> minerals | AE43: pigs | AG43: =INDEX('feed pars'!$AC$6:$AC$47,MATCH($A43,'feed pars'!$B$6:$B$47,0)) -> 0 | AH43: =INDEX('feed pars'!$AD$6:$AD$47,MATCH($A43,'feed pars'!$B$6:$B$47,0)) -> 0 | AJ43: ='feed pars'!$B47 -> minerals | AK43: pigs | AL43: sows | AN43: =INDEX('feed pars'!$AE$6:$AE$47,MATCH($A43,'feed pars'!$B$6:$B$47,0)) -> 0 | AP43: ='feed pars'!$B47 -> minerals | AQ43: poultry | AS43: =INDEX('feed pars'!$AR$6:$AR$47,MATCH($A43,'feed pars'!$B$6:$B$47,0)) -> 0

Sheet pigs
D1: 1 | E1: 2 | F1: 3 | G1: 4 | H1: 5 | I1: 6 | J1: 7 | K1: 8 | L1: 9 | M1: 10 | N1: 11 | O1: 12 | P1: 13 | Q1: 14 | R1: 15 | S1: 16 | T1: 17 | U1: 18 | V1: 19 | W1: 20 | X1: 21 | Y1: 22 | Z1: 23 | AA1: 24 | AB1: 25 | AC1: 26 | AD1: 27 | AE1: 28 | AF1: 29 | AG1: 30 | AH1: 31 | AI1: 32 | AJ1: 33 | AK1: 34 | AL1: 35 | AM1: 36 | AN1: 37 | AO1: 38
A2: feed | B2: Nr | C2: Fodermedel | D2: Ts, % | E2: NEv, MJ | F2: NEs, MJ | G2: OEsv, MJ | H2: Råprotein, g | I2: Råfett, g | J2: Växttråd, g | K2: NDF, g | L2: ADF, g | M2: Stärkelse, g | N2: Socker, g | O2: Aska, g | P2: Lysin, g | Q2: Treonin, g | R2: Metionin, g | S2: Cystin, g | T2: Met+Cys, g | U2: Tryptofan, g | V2: Valin, g | W2: sisLys, g | X2: sisTreo, g | Y2: sisMet, g | Z2: sisCys, g | AA2: sisMetCys, g | AB2: sisTry, g | AC2: sisVal, g | AD2: sisRp, g | AE2: Ca, g | AF2: P, g | AG2: Mg, g | AH2: K, g | AI2: Na, g | AJ2: Mn, mg | AK2: Se, mg | AL2: Cu, mg | AM2: Zn, mg | AN2: Smb P, Pellets % | AO2: Smb P, Mjöl %
A3: wheat distillers grain, wet | B3: 1 | C3: Agrodrank10 | D3: 11 | E3: 8.2 | F3: 8.9 | G3: 10.8 | H3: 280 | I3: 45 | J3: 22 | O3: 68 | P3: 8.7 | Q3: 9.6 | R3: 5.2 | S3: 6.7 | T3: 11.9 | U3: 4.2 | V3: 10 | W3: 5.7 | X3: 7.7 | Y3: 4.5 | Z3: 5.5 | AA3: 10 | AB3: 3.4 | AC3: 8 | AD3: 196 | AE3: 0.9 | AF3: 10.9 | AI3: 1.8 | AN3: 20 | AO3: 20
B4: 2 | C4: Agrodrank27 | D4: 28 | E4: 8.2 | F4: 8.9 | G4: 10.9 | H4: 364 | I4: 43 | J4: 15 | K4: 71 | M4: 15 | O4: 80 | P4: 11.3 | Q4: 12.5 | R4: 6.8 | S4: 8.7 | T4: 15.5 | U4: 5.4 | V4: 13 | W4: 7.5 | X4: 10 | Y4: 5.8 | Z4: 7.1 | AA4: 13 | AB4: 4.4 | AC4: 10.4 | AD4: 255 | AE4: 1.1 | AF4: 13.9 | AI4: 4.3 | AN4: 20 | AO4: 20
A5: wheat distillers grain, dry | B5: 3 | C5: Agrodrank90 | D5: 90 | E5: 8.1 | F5: 8.7 | G5: 10.7 | H5: 340 | I5: 66 | K5: 354 | M5: 14 | O5: 44 | P5: 10.6 | Q5: 11.7 | R5: 6.3 | S5: 8.1 | T5: 14.5 | U5: 5.1 | V5: 12.1 | W5: 7 | X5: 9.3 | Y5: 5.4 | Z5: 6.7 | AA5: 12.1 | AB5: 4.1 | AC5: 9.7 | AD5: 231 | AE5: 1 | AF5: 7.3 | AG5: 2.6 | AH5: 9.6 | AK5: 0 | AN5: 20 | AO5: 20
A6: sugar beet pulp | B6: 4 | C6: Betfiber, omelasserad | D6: 89 | E6: 6.9 | F6: 8 | G6: 11.6 | H6: 91 | I6: 10 | J6: 194 | K6: 454 | L6: 231 | M6: 0 | N6: 75 | O6: 77 | P6: 7.2 | Q6: 4.5 | R6: 1.7 | S6: 1.2 | T6: 2.9 | U6: 0.9 | V6: 6.2 | W6: 3.6 | X6: 1.4 | Y6: 1 | Z6: 0.3 | AA6: 1.2 | AB6: 0.4 | AC6: 2.6 | AD6: 48 | AE6: 11.4 | AF6: 1 | AG6: 2.3 | AH6: 3.7 | AI6: 0.6 | AJ6: 54 | AK6: 0.1 | AL6: 6.9 | AM6: 16 | AN6: 20 | AO6: 20
B7: 5 | C7: Drank SBI | D7: 8.1 | E7: 8 | F7: 8.5 | G7: 11.7 | H7: 371 | I7: 65 | J7: 90 | K7: 338 | M7: 0 | O7: 53 | P7: 11.5 | Q7: 12.7 | R7: 6.9 | S7: 8.9 | T7: 15.8 | U7: 5.5 | V7: 13.2 | W7: 7.6 | X7: 10.2 | Y7: 5.9 | Z7: 7.3 | AA7: 13.3 | AB7: 4.5 | AC7: 10.6 | AD7: 252 | AE7: 2.1 | AF7: 8.8 | AG7: 3.1 | AH7: 11.7 | AI7: 2.21 | AN7: 20 | AO7: 20
B8: 6 | C8: Fetter, animala | D8: 100 | E8: 29.8 | F8: 29.8 | G8: 34 | H8: 0 | I8: 1000 | J8: 0 | K8: 0 | L8: 0 | M8: 0 | N8: 0 | O8: 0 | P8: 0 | Q8: 0 | R8: 0 | S8: 0 | T8: 0 | U8: 0 | V8: 0 | W8: 0 | X8: 0 | Y8: 0 | Z8: 0 | AA8: 0 | AB8: 0 | AC8: 0 | AD8: 0 | AE8: 0 | AF8: 0 | AG8: 0 | AH8: 0 | AI8: 0 | AJ8: 0 | AK8: 0 | AL8: 0 | AM8: 0 | AN8: 0 | AO8: 0
A9: fish meal | B9: 7 | C9: Fiskmjöl | D9: 92 | E9: 10.8 | F9: 10.8 | G9: 17.5 | H9: 760 | I9: 105 | J9: 0 | K9: 0 | L9: 0 | M9: 0 | N9: 0 | O9: 135 | P9: 57.2 | Q9: 31.6 | R9: 21.6 | S9: 6.3 | T9: 28 | U9: 7.8 | V9: 38.5 | W9: 53.2 | X9: 29.1 | Y9: 20.1 | Z9: 5.4 | AA9: 25.5 | AB9: 6.9 | AC9: 35.4 | AD9: 676 | AE9: 39.1 | AF9: 24.7 | AG9: 2.3 | AH9: 12 | AI9: 10 | AJ9: 6 | AK9: 2.4 | AL9: 4.6 | AM9: 84 | AN9: 77 | AO9: 77
B10: 8 | C10: Foderkalk | D10: 100 | E10: 0 | F10: 0 | G10: 0 | H10: 0 | I10: 0 | J10: 0 | K10: 0 | L10: 0 | M10: 0 | N10: 0 | O10: 1000 | P10: 0 | Q10: 0 | R10: 0 | S10: 0 | T10: 0 | U10: 0 | V10: 0 | W10: 0 | X10: 0 | Y10: 0 | Z10: 0 | AA10: 0 | AB10: 0 | AC10: 0 | AD10: 0 | AE10: 375 | AF10: 0 | AG10: 0 | AH10: 0 | AI10: 0 | AJ10: 0 | AK10: 0 | AL10: 0 | AM10: 0 | AN10: 0 | AO10: 0
B11: 9 | C11: Gräsmjöl | D11: 90 | E11: 3.9 | F11: 4.7 | G11: 7.7 | H11: 167 | I11: 34 | J11: 260 | K11: 542 | L11: 307 | M11: 0 | N11: 101 | O11: 87 | P11: 6.9 | Q11: 6.4 | R11: 2.4 | S11: 1.5 | T11: 3.8 | U11: 2.4 | V11: 8.5 | W11: 5.3 | X11: 4.9 | Y11: 2 | Z11: 1.1 | AA11: 3 | AB11: 1.9 | AC11: 6.6 | AD11: 87 | AE11: 6 | AF11: 3.1 | AG11: 1.9 | AH11: 23 | AI11: 4.3 | AJ11: 54 | AK11: 0.22 | AL11: 7.8 | AM11: 36 | AN11: 20 | AO11: 20
B12: 10 | C12: Halm, vete | D12: 91 | E12: 1.1 | F12: 1.6 | H12: 42 | I12: 14 | J12: 418 | K12: 789 | L12: 501 | M12: 8 | N12: 16 | O12: 64 | P12: 0 | Q12: 0 | R12: 0 | S12: 0 | T12: 0 | U12: 0 | V12: 0 | W12: 0 | X12: 0 | Y12: 0 | Z12: 0 | AA12: 0 | AB12: 0 | AC12: 0 | AD12: 9 | AE12: 4.9 | AF12: 0.8 | AG12: 0.7 | AH12: 10.3 | AI12: 0.33 | AJ12: 47 | AL12: 3.3 | AM12: 21 | AN12: 20 | AO12: 20
A13: oats | B13: 11 | C13: Havre | D13: 87 | E13: 9 | F13: 9.4 | G13: 12.1 | H13: 111 | I13: 54 | J13: 138 | K13: 372 | L13: 169 | M13: 411 | N13: 13 | O13: 30 | P13: 4.7 | Q13: 3.9 | R13: 2 | S13: 3.7 | T13: 5.7 | U13: 1.4 | V13: 5.9 | W13: 3.4 | X13: 2.7 | Y13: 1.7 | Z13: 2.8 | AA13: 4.4 | AB13: 1.1 | AC13: 4.5 | AD13: 84 | AE13: 0.8 | AF13: 3.6 | AG13: 1.2 | AH13: 5.5 | AI13: 0.3 | AJ13: 43 | AK13: 0.03 | AL13: 2.7 | AM13: 31 | AN13: 32 | AO13: 32
B14: 12 | C14: Havre, skalad | D14: 87 | E14: 11.6 | F14: 11.8 | H14: 124 | I14: 29 | J14: 47 | K14: 136 | L14: 54 | M14: 615 | N14: 14 | O14: 25 | P14: 5.2 | Q14: 4.4 | R14: 2.2 | S14: 3.9 | T14: 6.1 | U14: 1.6 | V14: 6.6 | W14: 4.1 | X14: 3.5 | Y14: 1.9 | Z14: 3.3 | AA14: 5.2 | AB14: 1.3 | AC14: 5.3 | AD14: 102 | AE14: 1 | AF14: 3.4 | AN14: 32 | AO14: 32
A15: barley | B15: 13 | C15: Korn | D15: 87 | E15: 11 | F15: 11.2 | G15: 14.2 | H15: 116 | I15: 21 | J15: 53 | K15: 216 | L15: 63 | M15: 602 | N15: 25 | O15: 26 | P15: 4.4 | Q15: 4 | R15: 2 | S15: 2.7 | T15: 4.7 | U15: 1.4 | V15: 6 | W15: 3.3 | X15: 3 | Y15: 1.7 | Z15: 2.3 | AA15: 3.9 | AB15: 1.1 | AC15: 4.8 | AD15: 93 | AE15: 0.5 | AF15: 3.5 | AG15: 1.2 | AH15: 5.7 | AI15: 0.4 | AJ15: 14 | AK15: 0.04 | AL15: 2.9 | AM15: 28 | AN15: 32 | AO15: 41
A16: linseed | B16: 14 | C16: Linfrö | D16: 91 | E16: 17.3 | F16: 17.5 | G16: 21.3 | H16: 227 | I16: 437 | J16: 80 | K16: 203 | L16: 83 | M16: 0 | N16: 29 | O16: 38 | P16: 9.8 | Q16: 11.6 | R16: 4.8 | S16: 4.9 | T16: 9.8 | U16: 4.3 | V16: 13.3 | W16: 7.5 | X16: 8.8 | Y16: 4.1 | Z16: 3.6 | AA16: 7.7 | AB16: 3.3 | AC16: 10.3 | AD16: 193 | AE16: 2.6 | AF16: 5.7 | AG16: 4.1 | AH16: 8.9 | AI16: 0.4 | AJ16: 30 | AK16: 0.4 | AL16: 14 | AM16: 50 | AN16: 20 | AO16: 20
B17: 15 | C17: Linfröexpeller | D17: 90 | E17: 9.2 | F17: 9.7 | G17: 14.2 | H17: 342 | I17: 90 | J17: 113 | K17: 259 | L17: 157 | M17: 0 | N17: 38 | O17: 65 | P17: 12.9 | Q17: 13 | R17: 5.9 | S17: 6.6 | T17: 12.5 | U17: 5.2 | V17: 16.4 | W17: 9.9 | X17: 9.9 | Y17: 5 | Z17: 4.8 | AA17: 9.8 | AB17: 4 | AC17: 12.7 | AD17: 301 | AE17: 4.7 | AF17: 9.1 | AG17: 5.5 | AH17: 13 | AI17: 0.9 | AJ17: 43 | AK17: 0.5 | AL17: 20 | AM17: 73 | AN17: 12 | AO17: 12
B18: 16 | C18: Lupin, vit | D18: 89 | E18: 10.3 | F18: 10.9 | G18: 15.4 | H18: 385 | I18: 95 | J18: 128 | K18: 214 | L18: 154 | M18: 0 | N18: 72 | O18: 39 | P18: 18.7 | Q18: 14.2 | R18: 3 | S18: 6.3 | T18: 9.3 | U18: 2.7 | V18: 16.5 | W18: 15.3 | X18: 11.1 | Y18: 2.3 | Z18: 4.8 | AA18: 7.1 | AB18: 2.1 | AC18: 12.2 | AD18: 316 | AE18: 3.8 | AF18: 4.3 | AG18: 1.9 | AH18: 13 | AI18: 0.5 | AJ18: 20 | AK18: 0.09 | AL18: 4.5 | AM18: 30 | AN18: 50 | AO18: 50
B19: 17 | C19: Lusernmjöl | D19: 91 | E19: 4.1 | F19: 4.8 | G19: 7.1 | H19: 185 | I19: 28 | J19: 283 | K19: 461 | L19: 326 | M19: 0 | N19: 46 | O19: 117 | P19: 8.5 | Q19: 7.5 | R19: 2.7 | S19: 2.5 | T19: 5.2 | U19: 2.6 | V19: 10.1 | W19: 5.3 | X19: 5 | Y19: 2.1 | Z19: 0.9 | AA19: 3 | AB19: 1.2 | AC19: 7 | AD19: 79 | AE19: 22.4 | AF19: 2.7 | AG19: 1.8 | AH19: 26.1 | AI19: 0.2 | AJ19: 62 | AK19: 0.28 | AL19: 5.6 | AM19: 21 | AN19: 20 | AO19: 20
B20: 18 | C20: Lysin, L-HCL | D20: 99.5 | E20: 14.2 | F20: 14.2 | G20: 17.8 | H20: 959 | I20: 0 | J20: 0 | K20: 0 | L20: 0 | M20: 0 | N20: 0 | O20: 0 | P20: 802 | Q20: 0 | R20: 0 | S20: 0 | T20: 0 | U20: 0 | V20: 0 | W20: 802 | X20: 0 | Y20: 0 | Z20: 0 | AA20: 0 | AB20: 0 | AC20: 0 | AD20: 959 | AE20: 0 | AF20: 0 | AG20: 0 | AH20: 0 | AI20: 0 | AJ20: 0 | AK20: 0 | AL20: 0 | AM20: 0 | AN20: 0 | AO20: 0
A21: maize | B21: 19 | C21: Majs | D21: 87 | E21: 12.8 | F21: 13.2 | G21: 15.6 | H21: 94 | I21: 43 | J21: 25 | K21: 120 | L21: 30 | M21: 742 | N21: 19 | O21: 14 | P21: 2.8 | Q21: 3.5 | R21: 2 | S21: 2.3 | T21: 4.3 | U21: 0.6 | V21: 4.7 | W21: 2.2 | X21: 2.9 | Y21: 1.8 | Z21: 2 | AA21: 3.9 | AB21: 0.5 | AC21: 4.1 | AD21: 81 | AE21: 0.1 | AF21: 3.2 | AG21: 1.2 | AH21: 4 | AI21: 0.3 | AJ21: 6 | AK21: 0.06 | AL21: 3.6 | AM21: 28 | AN21: 28 | AO21: 28
B22: 20 | C22: Majsdrank | D22: 88 | E22: 8 | F22: 9.2 | G22: 0 | H22: 279 | I22: 58 | J22: 83 | K22: 356 | L22: 102 | M22: 130 | N22: 6 | O22: 68 | P22: 7.1 | Q22: 9.7 | R22: 4.9 | S22: 5.4 | T22: 10.2 | U22: 1.9 | V22: 13.1 | W22: 4.1 | X22: 6 | Y22: 3.7 | Z22: 3.2 | AA22: 6.8 | AB22: 1.3 | AC22: 8.6 | AD22: 173 | AE22: 2.4 | AF22: 9.5 | AG22: 3.3 | AH22: 14.1 | AI22: 6.1 | AJ22: 21 | AK22: 0.39 | AL22: 11.4 | AM22: 74 | AN22: 31 | AO22: 31
B23: 21 | C23: Majsglutenfoder | D23: 88 | E23: 7.8 | F23: 9 | G23: 12.6 | H23: 219 | I23: 31 | J23: 85 | K23: 384 | L23: 100 | M23: 205 | N23: 19 | O23: 70 | P23: 6.6 | Q23: 7.4 | R23: 3.7 | S23: 4.3 | T23: 8 | U23: 1.4 | V23: 10.1 | W23: 4.4 | X23: 5.2 | Y23: 3.1 | Z23: 3 | AA23: 6.1 | AB23: 0.9 | AC23: 7.6 | AD23: 151 | AE23: 0.7 | AF23: 10.4 | AG23: 4.7 | AH23: 14 | AI23: 2.4 | AJ23: 23 | AK23: 0.15 | AL23: 5.4 | AM23: 82 | AN23: 22 | AO23: 22
A24: maize gluten meal | B24: 22 | C24: Majsglutenmjöl | D24: 90 | E24: 12.9 | F24: 13.3 | G24: 17.8 | H24: 677 | I24: 71 | J24: 12 | K24: 26 | L24: 8 | M24: 192 | N24: 4 | O24: 21 | P24: 11.9 | Q24: 22.7 | R24: 16.3 | S24: 12.1 | T24: 28.4 | U24: 3.2 | V24: 31.2 | W24: 10.6 | X24: 20.9 | Y24: 15.5 | Z24: 11.1 | AA24: 26.7 | AB24: 2.8 | AC24: 28.4 | AD24: 623 | AE24: 0.3 | AF24: 6.4 | AG24: 1.6 | AH24: 5.5 | AI24: 0.8 | AJ24: 11 | AK24: 0.09 | AL24: 11 | AM24: 39 | AN24: 19 | AO24: 19
A25: sugar beet molasses | B25: 23 | C25: Melass, bet | D25: 76 | E25: 8.7 | F25: 9 | G25: 12.9 | H25: 145 | I25: 2 | J25: 0 | K25: 0 | L25: 0 | M25: 0 | N25: 616 | O25: 129 | P25: 2.1 | Q25: 0.9 | R25: 0.3 | S25: 0.9 | T25: 1.2 | U25: 1.1 | V25: 2.5 | W25: 1.6 | X25: 0.7 | Y25: 0.3 | Z25: 0.7 | AA25: 0.9 | AB25: 0.8 | AC25: 1.9 | AD25: 75 | AE25: 5.4 | AF25: 0.4 | AG25: 0.3 | AH25: 28 | AI25: 4.1 | AJ25: 17 | AK25: 0.1 | AL25: 4.1 | AM25: 16 | AN25: 20 | AO25: 20
B26: 24 | C26: Melass, rör | D26: 74 | E26: 8.7 | F26: 9 | G26: 12.9 | H26: 55 | I26: 15 | J26: 0 | K26: 0 | L26: 0 | M26: 0 | N26: 640 | O26: 140 | P26: 0.2 | Q26: 0.8 | R26: 0.2 | S26: 0.5 | T26: 0.7 | U26: 0.1 | V26: 1.7 | W26: 0.2 | X26: 0.6 | Y26: 0.2 | Z26: 0.4 | AA26: 0.6 | AB26: 0.1 | AC26: 1.3 | AD26: 25 | AE26: 5.4 | AF26: 0.7 | AG26: 4 | AH26: 49 | AI26: 2.3 | AJ26: 13 | AK26: 0.4 | AL26: 4.6 | AM26: 8 | AN26: 20 | AO26: 20
B27: 25 | C27: Metionin | D27: 99.5 | E27: 17.4 | F27: 17.4 | G27: 10.9 | H27: 587 | I27: 0 | J27: 0 | K27: 0 | L27: 0 | M27: 0 | N27: 0 | O27: 0 | P27: 0 | Q27: 0 | R27: 995 | S27: 0 | T27: 995 | U27: 0 | V27: 0 | W27: 0 | X27: 0 | Y27: 995 | Z27: 0 | AA27: 995 | AB27: 0 | AC27: 0 | AD27: 587 | AE27: 0 | AF27: 0 | AG27: 0 | AH27: 0 | AI27: 0 | AJ27: 0 | AK27: 0 | AL27: 0 | AM27: 0 | AN27: 0 | AO27: 0
B28: 26 | C28: Metioninhydroxyanalog | D28: 88 | E28: 17.4 | F28: 17.4 | G28: 10.9 | H28: 587 | I28: 0 | J28: 0 | K28: 0 | L28: 0 | M28: 0 | N28: 0 | O28: 0 | P28: 0 | Q28: 0 | R28: 870 | S28: 0 | T28: 870 | U28: 0 | V28: 0 | W28: 0 | X28: 0 | Y28: 653 | Z28: 0 | AA28: 653 | AB28: 0 | AC28: 0 | AD28: 587 | AE28: 0 | AF28: 0 | AG28: 0 | AH28: 0 | AI28: 0 | AJ28: 0 | AK28: 0 | AL28: 0 | AM28: 0 | AN28: 0 | AO28: 0
B29: 27 | C29: Monokalciumfosfat | D29: 100 | E29: 0 | F29: 0 | G29: 0 | H29: 0 | I29: 0 | J29: 0 | K29: 0 | L29: 0 | M29: 0 | N29: 0 | O29: 1000 | P29: 0 | Q29: 0 | R29: 0 | S29: 0 | T29: 0 | U29: 0 | V29: 0 | W29: 0 | X29: 0 | Y29: 0 | Z29: 0 | AA29: 0 | AB29: 0 | AC29: 0 | AD29: 0 | AE29: 195 | AF29: 230 | AG29: 0 | AH29: 0 | AI29: 0 | AJ29: 0 | AK29: 0 | AL29: 0 | AM29: 0 | AN29: 83 | AO29: 83
A30: vegetable oils | B30: 28 | C30: Oljor, vegetabila | D30: 100 | E30: 29.8 | F30: 29.8 | G30: 34 | H30: 0 | I30: 1000 | J30: 0 | K30: 0 | L30: 0 | M30: 0 | N30: 0 | O30: 0 | P30: 0 | Q30: 0 | R30: 0 | S30: 0 | T30: 0 | U30: 0 | V30: 0 | W30: 0 | X30: 0 | Y30: 0 | Z30: 0 | AA30: 0 | AB30: 0 | AC30: 0 | AD30: 0 | AE30: 0 | AF30: 0 | AG30: 0 | AH30: 0 | AI30: 0 | AJ30: 0 | AK30: 0 | AL30: 0 | AM30: 0 | AN30: 0 | AO30: 0
A31: palm kernel expeller | B31: 29 | C31: Palmkärnkaka | D31: 91 | E31: 5.4 | F31: 6.2 | H31: 163 | I31: 94 | J31: 62 | K31: 726 | L31: 445 | M31: 0 | N31: 22 | O31: 46 | P31: 4.5 | Q31: 4.9 | R31: 2.9 | S31: 1.8 | T31: 4.7 | U31: 1.1 | V31: 8.1 | W31: 1.7 | X31: 2.5 | Y31: 2 | Z31: 0.8 | AA31: 2.8 | AB31: 0.6 | AC31: 5.3 | AD31: 88 | AE31: 4.2 | AF31: 6.4 | AG31: 3.3 | AH31: 7.5 | AI31: 0.1 | AJ31: 260 | AL31: 25 | AM31: 47 | AN31: 31 | AO31: 31
B32: 30 | C32: Permeatvassle | D32: 16.5 | E32: 11.9 | F32: 11.7 | G32: 14.1 | H32: 29 | I32: 0 | J32: 0 | K32: 0 | L32: 0 | M32: 0 | N32: 880 | O32: 90 | P32: 2.1 | Q32: 1.7 | R32: 0.5 | S32: 0.5 | T32: 1 | U32: 0.4 | V32: 1.5 | W32: 1.9 | X32: 1.4 | Y32: 0.4 | Z32: 0.4 | AA32: 0.9 | AB32: 0.3 | AC32: 1.3 | AD32: 23 | AE32: 7 | AF32: 7 | AG32: 1 | AH32: 25 | AI32: 9 | AN32: 90 | AO32: 90
A33: potatoe protein | B33: 31 | C33: Potatisproteinkoncentrat | D33: 92 | E33: 11.1 | F33: 11.3 | G33: 17.1 | H33: 841 | I33: 10 | J33: 9 | K33: 65 | L33: 19 | M33: 7 | N33: 10 | O33: 28 | P33: 63.8 | Q33: 46.7 | R33: 18.8 | S33: 11.2 | T33: 30 | U33: 10.3 | V33: 55.5 | W33: 56.8 | X33: 42 | Y33: 17.1 | Z33: 8.7 | AA33: 25.8 | AB33: 7.7 | AC33: 49.4 | AD33: 732 | AE33: 0.5 | AF33: 4.3 | AG33: 0.5 | AH33: 7.4 | AI33: 0.3 | AJ33: 4 | AL33: 11 | AM33: 21 | AN33: 20 | AO33: 20
B34: 32 | C34: Potatispulpa | D34: 18 | E34: 10.5 | F34: 10.8 | G34: 14.4 | H34: 127 | I34: 13 | J34: 47 | K34: 116 | L34: 60 | M34: 470 | N34: 21 | O34: 71 | P34: 6.6 | Q34: 5.1 | R34: 2 | S34: 1.7 | T34: 3.7 | U34: 1.2 | V34: 6.6 | W34: 5.1 | X34: 3.9 | Y34: 1.7 | Z34: 1.2 | AA34: 2.9 | AB34: 0.9 | AC34: 5.1 | AD34: 96 | AE34: 1.9 | AF34: 2.3 | AN34: 20 | AO34: 20
A35: rapeseed | B35: 33 | C35: Rapsfrö | D35: 92 | E35: 18 | F35: 18.5 | G35: 22.1 | H35: 207 | I35: 455 | J35: 89 | K35: 190 | L35: 134 | M35: 0 | N35: 55 | O35: 43 | P35: 12.9 | Q35: 9.9 | R35: 4.5 | S35: 5.1 | T35: 9.6 | U35: 2.7 | V35: 10.8 | W35: 10.1 | X35: 7 | Y35: 3.6 | Z35: 4.1 | AA35: 7.7 | AB35: 2 | AC35: 7.6 | AD35: 149 | AE35: 5.8 | AF35: 7.6 | AG35: 3.5 | AH35: 10 | AI35: 0.2 | AJ35: 42 | AL35: 4.1 | AM35: 42 | AN35: 30 | AO35: 30
B36: 34 | C36: Rapskaka | D36: 89 | E36: 9.7 | F36: 10.2 | G36: 14.3 | H36: 331 | I36: 164 | J36: 122 | K36: 275 | L36: 192 | M36: 0 | N36: 77 | O36: 68 | P36: 17.7 | Q36: 14.2 | R36: 6.8 | S36: 8 | T36: 14.8 | U36: 4 | V36: 16.7 | W36: 13.3 | X36: 10.7 | Y36: 5.9 | Z36: 6.5 | AA36: 12.4 | AB36: 3.2 | AC36: 12.9 | AD36: 258 | AE36: 8.1 | AF36: 12 | AG36: 4.7 | AH36: 13.5 | AI36: 0.1 | AJ36: 61 | AL36: 7.3 | AM36: 59 | AN36: 32 | AO36: 32
B37: 35 | C37: Rapskaka, kallpressad | D37: 89 | E37: 10.5 | F37: 11 | G37: 15.1 | H37: 276 | I37: 200 | J37: 62 | K37: 254 | L37: 180 | M37: 0 | N37: 74 | O37: 58 | P37: 14.8 | Q37: 11.8 | R37: 5.7 | S37: 6.7 | T37: 12.4 | U37: 3.3 | V37: 14 | W37: 11.1 | X37: 8.9 | Y37: 4.9 | Z37: 5.4 | AA37: 10.4 | AB37: 2.7 | AC37: 10.7 | AD37: 215 | AE37: 7.8 | AF37: 11.5 | AG37: 4.5 | AH37: 13 | AI37: 0.1 | AJ37: 59 | AK37: 0.11 | AL37: 7 | AM37: 53 | AN37: 32 | AO37: 32
A38: rapeseed meal | B38: 36 | C38: Rapsmjöl | D38: 89 | E38: 7.1 | F38: 7.7 | G38: 11.5 | H38: 380 | I38: 26 | J38: 139 | K38: 319 | L38: 221 | M38: 0 | N38: 87 | O38: 79 | P38: 20.3 | Q38: 16.3 | R38: 7.8 | S38: 9.2 | T38: 17 | U38: 4.6 | V38: 19.2 | W38: 15.2 | X38: 12.2 | Y38: 6.8 | Z38: 7.5 | AA38: 14.3 | AB38: 3.7 | AC38: 14.8 | AD38: 300 | AE38: 9.6 | AF38: 12.9 | AG38: 5.3 | AH38: 15 | AI38: 0.4 | AJ38: 76 | AK38: 0.09 | AL38: 6.4 | AM38: 73 | AN38: 32 | AO38: 32
B39: 37 | C39: Ris, knäckt | D39: 87 | E39: 13.5 | F39: 13.5 | G39: 15.5 | H39: 88 | I39: 14 | J39: 12 | K39: 59 | L39: 15 | M39: 882 | N39: 5 | O39: 10 | P39: 3.2 | Q39: 3 | R39: 2.1 | S39: 2.1 | T39: 4.2 | U39: 1 | V39: 5.2 | W39: 2.5 | X39: 2.3 | Y39: 1.8 | Z39: 1.5 | AA39: 3.3 | AB39: 0.8 | AC39: 4 | AD39: 79 | AE39: 0.5 | AF39: 2.3 | AG39: 1.5 | AH39: 2.5 | AI39: 0.4 | AJ39: 13 | AK39: 0.3 | AL39: 24 | AM39: 19 | AN39: 20 | AO39: 20
A40: rye | B40: 38 | C40: Råg | D40: 87 | E40: 11.3 | F40: 11.5 | G40: 14.8 | H40: 103 | I40: 14 | J40: 22 | K40: 161 | L40: 36 | M40: 616 | N40: 36 | O40: 21 | P40: 4 | Q40: 3.5 | R40: 1.6 | S40: 2.3 | T40: 4 | U40: 1 | V40: 5 | W40: 2.9 | X40: 2.5 | Y40: 1.3 | Z40: 1.9 | AA40: 3.3 | AB40: 0.8 | AC40: 3.8 | AD40: 79 | AE40: 0.5 | AF40: 3.2 | AG40: 1.1 | AH40: 5.6 | AI40: 0.4 | AJ40: 28 | AK40: 0.03 | AL40: 3.5 | AM40: 34 | AN40: 30 | AO40: 50
A41: triticale | B41: 39 | C41: Rågvete | D41: 87 | E41: 11.9 | F41: 12 | G41: 14.9 | H41: 110 | I41: 15 | J41: 27 | K41: 146 | L41: 37 | M41: 686 | N41: 31 | O41: 22 | P41: 4.5 | Q41: 3.7 | R41: 2 | S41: 2.9 | T41: 4.9 | U41: 1.4 | V41: 5.4 | W41: 3.7 | X41: 3 | Y41: 1.8 | Z41: 2.6 | AA41: 4.5 | AB41: 1.2 | AC41: 4.6 | AD41: 96 | AE41: 0.5 | AF41: 3.6 | AG41: 1.2 | AH41: 6.2 | AI41: 0.3 | AJ41: 28 | AL41: 4 | AM41: 37 | AN41: 30 | AO41: 48
B42: 40 | C42: Salt | D42: 100 | E42: 0 | F42: 0 | G42: 0 | H42: 0 | I42: 0 | J42: 0 | K42: 0 | L42: 0 | M42: 0 | N42: 0 | O42: 1000 | P42: 0 | Q42: 0 | R42: 0 | S42: 0 | T42: 0 | U42: 0 | V42: 0 | W42: 0 | X42: 0 | Y42: 0 | Z42: 0 | AA42: 0 | AB42: 0 | AC42: 0 | AD42: 0 | AE42: 0 | AF42: 0 | AG42: 0 | AH42: 0 | AI42: 393 | AJ42: 0 | AK42: 0 | AL42: 0 | AM42: 0 | AN42: 0 | AO42: 0
B43: 41 | C43: Skummjölkspulver | D43: 95 | E43: 12 | F43: 11.9 | G43: 16 | H43: 360 | I43: 17 | J43: 0 | K43: 0 | L43: 0 | M43: 0 | N43: 505 | O43: 86 | P43: 28.3 | Q43: 15.7 | R43: 10.2 | S43: 2.8 | T43: 13.1 | U43: 4.7 | V43: 22.2 | W43: 27.5 | X43: 14.3 | Y43: 9.9 | Z43: 2.4 | AA43: 12.3 | AB43: 3.6 | AC43: 19.8 | AD43: 320 | AE43: 13.7 | AF43: 10.2 | AG43: 1.2 | AH43: 14 | AI43: 5.6 | AJ43: 2 | AK43: 0.1 | AL43: 3 | AM43: 44 | AN43: 90 | AO43: 90
B44: 42 | C44: Sojamjöl, 43% Rp i vara | D44: 88 | E44: 9.2 | F44: 9.9 | G44: 14.5 | H44: 494 | I44: 19 | J44: 70 | K44: 142 | L44: 85 | M44: 0 | N44: 97 | O44: 74 | P44: 30.3 | Q44: 19.3 | R44: 7.1 | S44: 7.4 | T44: 14.4 | U44: 6.4 | V44: 23.8 | W44: 27.3 | X44: 16.6 | Y44: 6.5 | Z44: 6.4 | AA44: 12.8 | AB44: 5.7 | AC44: 20.9 | AD44: 430 | AE44: 3.9 | AF44: 7.1 | AG44: 3.3 | AH44: 24 | AI44: 0.05 | AJ44: 40 | AN44: 20 | AO44: 20
A45: soybean meal | B45: 43 | C45: Sojamjöl, 45% Rp i vara | D45: 88 | E45: 9.3 | F45: 9.9 | G45: 14.6 | H45: 516 | I45: 21 | J45: 68 | K45: 139 | L45: 83 | M45: 0 | N45: 94 | O45: 73 | P45: 31.6 | Q45: 20.1 | R45: 7.3 | S45: 7.6 | T45: 14.9 | U45: 6.7 | V45: 24.9 | W45: 28.4 | X45: 17.5 | Y45: 6.7 | Z45: 6.5 | AA45: 13.3 | AB45: 6 | AC45: 21.9 | AD45: 454 | AE45: 3.9 | AF45: 7.1 | AG45: 3.3 | AH45: 24 | AI45: 0.3 | AJ45: 43 | AK45: 0.22 | AL45: 21 | AM45: 53 | AN45: 32 | AO45: 32
B46: 44 | C46: Sojamjöl, 47% Rp i vara | D46: 88 | E46: 9.6 | F46: 10.1 | G46: 14.7 | H46: 539 | I46: 17 | J46: 44 | K46: 102 | L46: 55 | M46: 0 | N46: 105 | O46: 72 | P46: 32.9 | Q46: 20.9 | R46: 7.5 | S46: 7.8 | T46: 15.4 | U46: 7 | V46: 26 | W46: 30.3 | X46: 18.6 | Y46: 7 | Z46: 6.9 | AA46: 14 | AB46: 6.4 | AC46: 23.4 | AD46: 485 | AE46: 4 | AF46: 7.7 | AG46: 3.6 | AH46: 25 | AI46: 0.5 | AJ46: 54 | AK46: 0.19 | AL46: 18 | AM46: 55 | AN46: 32 | AO46: 32
A47: soybean protein concentrate | B47: 45 | C47: Sojaprotein-Hamlet 310 | D47: 87 | E47: 9.7 | F47: 10.3 | G47: 14.8 | H47: 609 | I47: 27 | J47: 38 | K47: 102 | L47: 55 | M47: 0 | N47: 105 | O47: 74 | P47: 37.2 | Q47: 23.6 | R47: 8.5 | S47: 8.8 | T47: 17.4 | U47: 7.9 | V47: 29.4 | W47: 34.2 | X47: 21 | Y47: 7.9 | Z47: 7.8 | AA47: 15.8 | AB47: 7.2 | AC47: 26.4 | AD47: 548 | AE47: 2.7 | AF47: 8.7 | AG47: 3.8 | AH47: 25 | AI47: 0.4 | AJ47: 54 | AL47: 26 | AM47: 65 | AN47: 32 | AO47: 32
A48: sunflower seed meal | B48: 46 | C48: Solrosmjöl | D48: 90 | E48: 5.9 | F48: 6.5 | G48: 9.4 | H48: 373 | I48: 19 | J48: 236 | K48: 400 | L48: 276 | M48: 0 | N48: 63 | O48: 75 | P48: 13.2 | Q48: 13.4 | R48: 8.5 | S48: 6.4 | T48: 14.9 | U48: 4.6 | V48: 18.3 | W48: 10.8 | X48: 10.9 | Y48: 7.8 | Z48: 5.2 | AA48: 13.1 | AB48: 3.9 | AC48: 15.2 | AD48: 306 | AE48: 4.1 | AF48: 12.6 | AG48: 6.7 | AH48: 17 | AI48: 0.3 | AJ48: 47 | AK48: 0.15 | AL48: 36 | AM48: 110 | AN48: 19 | AO48: 19
B49: 47 | C49: Sorgum | D49: 87 | E49: 12.7 | F49: 12.8 | G49: 15.3 | H49: 109 | I49: 34 | J49: 27 | K49: 108 | L49: 43 | M49: 741 | N49: 12 | O49: 17 | P49: 2.5 | Q49: 3.6 | R49: 1.8 | S49: 2 | T49: 3.8 | U49: 1.1 | V49: 5.9 | W49: 1.9 | X49: 2.7 | Y49: 1.5 | Z49: 1.5 | AA49: 3.1 | AB49: 0.9 | AC49: 4.8 | AD49: 86 | AE49: 0.3 | AF49: 2.9 | AG49: 1.4 | AH49: 3.5 | AI49: 0.1 | AJ49: 16 | AK49: 0.12 | AL49: 7 | AM49: 20 | AN49: 25 | AO49: 25
B50: 48 | C50: Treonin, L | D50: 99 | E50: 12.3 | F50: 12.3 | G50: 15.5 | H50: 735 | I50: 0 | J50: 0 | K50: 0 | L50: 0 | M50: 0 | N50: 0 | O50: 0 | P50: 0 | Q50: 995 | R50: 0 | S50: 0 | T50: 0 | U50: 0 | V50: 0 | W50: 0 | X50: 995 | Y50: 0 | Z50: 0 | AA50: 0 | AB50: 0 | AC50: 0 | AD50: 735 | AE50: 0 | AF50: 0 | AG50: 0 | AH50: 0 | AI50: 0 | AJ50: 0 | AK50: 0 | AL50: 0 | AM50: 0 | AN50: 0 | AO50: 0
B51: 49 | C51: Tryptofan, L | D51: 99 | E51: 20.1 | F51: 20.1 | H51: 857 | I51: 0 | J51: 0 | K51: 0 | L51: 0 | M51: 0 | N51: 0 | O51: 0 | P51: 0 | Q51: 0 | R51: 0 | S51: 0 | T51: 0 | U51: 990 | V51: 0 | W51: 0 | X51: 0 | Y51: 0 | Z51: 0 | AA51: 0 | AB51: 990 | AC51: 0 | AD51: 857 | AE51: 0 | AF51: 0 | AG51: 0 | AH51: 0 | AI51: 0 | AJ51: 0 | AK51: 0 | AL51: 0 | AM51: 0 | AN51: 0 | AO51: 0
A52: whey | B52: 50 | C52: Vassle | D52: 5.5 | E52: 12.4 | F52: 12.2 | G52: 15.6 | H52: 115 | I52: 19 | J52: 0 | K52: 0 | L52: 0 | M52: 0 | N52: 768 | O52: 86 | P52: 8.5 | Q52: 6.6 | R52: 1.8 | S52: 2 | T52: 3.8 | U52: 1.5 | V52: 5.9 | W52: 7.6 | X52: 5.6 | Y52: 1.7 | Z52: 1.8 | AA52: 3.4 | AB52: 1.3 | AC52: 5.1 | AD52: 93 | AE52: 8.7 | AF52: 7.3 | AG52: 1.3 | AH52: 23.1 | AI52: 7.7 | AJ52: 3 | AK52: 0.05 | AL52: 22 | AM52: 17 | AN52: 90 | AO52: 90
B53: 51 | C53: Vasslepulver, sur vassle | D53: 98 | E53: 11.6 | F53: 11.5 | G53: 15 | H53: 99 | I53: 22 | J53: 0 | K53: 0 | L53: 0 | M53: 0 | N53: 643 | O53: 120 | P53: 7.4 | Q53: 5.5 | R53: 1.5 | S53: 1.7 | T53: 3.2 | U53: 1.2 | V53: 4.9 | W53: 6.6 | X53: 4.7 | Y53: 1.4 | Z53: 1.5 | AA53: 2.9 | AB53: 1 | AC53: 4.3 | AD53: 80 | AE53: 17.2 | AF53: 10.3 | AG53: 1.5 | AH53: 21.4 | AI53: 7.1 | AJ53: 3 | AK53: 0.2 | AL53: 1.6 | AM53: 65 | AN53: 90 | AO53: 90
A54: whey powder | B54: 52 | C54: Vasslepulver, söt vassle | D54: 97 | E54: 12.4 | F54: 12.2 | G54: 14.9 | H54: 131 | I54: 22 | J54: 0 | K54: 0 | L54: 0 | M54: 0 | N54: 756 | O54: 90 | P54: 9.7 | Q54: 7.5 | R54: 2.1 | S54: 2.3 | T54: 4.3 | U54: 1.7 | V54: 6.7 | W54: 8.6 | X54: 6.4 | Y54: 1.9 | Z54: 2 | AA54: 3.9 | AB54: 1.5 | AC54: 5.8 | AD54: 106 | AE54: 8.5 | AF54: 7.2 | AG54: 1.5 | AH54: 21 | AI54: 6.6 | AJ54: 3.1 | AK54: 0.31 | AL54: 2 | AM54: 21 | AN54: 90 | AO54: 90
A55: wheat | B55: 53 | C55: Vete | D55: 87 | E55: 12.1 | F55: 12.3 | G55: 15.2 | H55: 121 | I55: 17 | J55: 26 | K55: 143 | L55: 36 | M55: 698 | N55: 27 | O55: 18 | P55: 3.5 | Q55: 3.7 | R55: 2 | S55: 3 | T55: 5 | U55: 1.5 | V55: 5.4 | W55: 2.8 | X55: 3.1 | Y55: 1.8 | Z55: 2.7 | AA55: 4.5 | AB55: 1.3 | AC55: 4.6 | AD55: 107 | AE55: 0.5 | AF55: 3.2 | AG55: 1.2 | AH55: 5.8 | AI55: 0.4 | AJ55: 29 | AK55: 0.06 | AL55: 3.2 | AM55: 40 | AN55: 30 | AO55: 45
A56: wheat bran, fine | B56: 54 | C56: Vetefodermjöl | D56: 88 | E56: 8.7 | F56: 9.2 | G56: 13.9 | H56: 176 | I56: 40 | J56: 80 | K56: 356 | L56: 104 | M56: 314 | N56: 70 | O56: 49 | P56: 7 | Q56: 5.6 | R56: 2.7 | S56: 3.5 | T56: 6.2 | U56: 2.3 | V56: 7.9 | W56: 5.3 | X56: 4 | Y56: 2.2 | Z56: 2.7 | AA56: 4.9 | AB56: 1.8 | AC56: 6.2 | AD56: 133 | AE56: 0.9 | AF56: 11.9 | AG56: 4.2 | AH56: 13 | AI56: 0.3 | AJ56: 145 | AK56: 0.07 | AL56: 13 | AM56: 106 | AN56: 25 | AO56: 50
A57: wheat bran | B57: 55 | C57: Vetekli | D57: 87 | E57: 7.2 | F57: 7.8 | G57: 11.1 | H57: 170 | I57: 40 | J57: 105 | K57: 455 | L57: 136 | M57: 227 | N57: 76 | O57: 58 | P57: 6.7 | Q57: 5.3 | R57: 2.6 | S57: 3.6 | T57: 6.2 | U57: 2.2 | V57: 7.6 | W57: 4.6 | X57: 3.4 | Y57: 2 | Z57: 2.6 | AA57: 4.6 | AB57: 1.7 | AC57: 5.5 | AD57: 115 | AE57: 1.1 | AF57: 11.9 | AG57: 4.5 | AH57: 15 | AI57: 0.1 | AJ57: 111 | AK57: 0.05 | AL57: 12 | AM57: 89 | AN57: 25 | AO57: 50
A58: peas | B58: 56 | C58: Ärter | D58: 87 | E58: 11.2 | F58: 11.5 | G58: 14.7 | H58: 239 | I58: 12 | J58: 60 | K58: 139 | L58: 69 | M58: 516 | N58: 45 | O58: 35 | P58: 17.3 | Q58: 9.1 | R58: 2.3 | S58: 3.2 | T58: 5.5 | U58: 2.1 | V58: 11.3 | W58: 14.4 | X58: 6.9 | Y58: 1.8 | Z58: 2.3 | AA58: 4.1 | AB58: 1.5 | AC58: 8.7 | AD58: 191 | AE58: 0.9 | AF58: 4.6 | AG58: 1.3 | AH58: 12 | AI58: 0.2 | AJ58: 16 | AL58: 6.7 | AM58: 39 | AN58: 47 | AO58: 47
A59: broad beans | B59: 57 | C59: Åkerböna, vitblommig | D59: 87 | E59: 10.7 | F59: 10.9 | G59: 13.8 | H59: 311 | I59: 13 | J59: 87 | K59: 160 | L59: 106 | M59: 433 | N59: 43 | O59: 41 | P59: 20 | Q59: 11.1 | R59: 2.2 | S59: 4 | T59: 6.2 | U59: 2.6 | V59: 14.1 | W59: 17.6 | X59: 9.2 | Y59: 1.8 | Z59: 3 | AA59: 4.9 | AB59: 2.1 | AC59: 11.6 | AD59: 261 | AE59: 1.7 | AF59: 6.8 | AG59: 1.8 | AH59: 16 | AI59: 0.3 | AJ59: 22 | AK59: 0.02 | AL59: 15 | AM59: 53 | AN59: 37 | AO59: 37
B60: 58 | C60: Öljäst | D60: 12 | E60: 9.5 | F60: 9.9 | G60: 14.8 | H60: 369 | I60: 18 | J60: 24 | O60: 60 | P60: 22.6 | Q60: 15.9 | R60: 5.6 | S60: 2.3 | T60: 7.8 | U60: 3.8 | V60: 17.5 | W60: 16.7 | X60: 10.5 | Y60: 3.8 | Z60: 1.1 | AA60: 4.9 | AB60: 2.1 | AC60: 11.5 | AD60: 255 | AE60: 2.6 | AF60: 11.6 | AG60: 1.8 | AH60: 18.1 | AJ60: 12 | AK60: 0.1 | AL60: 22 | AM60: 54 | AN60: 20 | AO60: 20

Sheet ruminants
D1: 1 | E1: 2 | F1: 3 | G1: 4 | H1: 5 | I1: 6 | J1: 7 | K1: 8 | L1: 9 | M1: 10 | N1: 11 | O1: 12 | P1: 13 | Q1: 14 | R1: 15 | S1: 16 | T1: 17 | U1: 18 | V1: 19 | W1: 20 | X1: 21 | Y1: 22 | Z1: 23 | AA1: 24 | AB1: 25 | AC1: 26 | AD1: 27 | AE1: 28 | AF1: 29 | AG1: 30 | AH1: 31
A2: feed | B2: Nr | C2: Fodermedel | D2: Ts, % | E2: Oms energi, MJ | F2: AAT, g | G2: PBV, g | H2: Smb råprot, g | I2: Smb energi, MJ | J2: Råprot, g | K2: Råfett, g | L2: Växttråd, g | M2: Aska, g | N2: NFE, g | O2: Råprotein smb.koeff | P2: Råfett smb.koeff | Q2: Växttråd smb.koeff | R2: NFE smb.koeff | S2: Org subst smb.koeff | T2: EFD smb.koeff | U2: EPD smb.koeff | V2: Protein i tarm smb.koeff | W2: Socker, g | X2: Pektin, g | Y2: Stärkelse, g | Z2: NDF, g | AA2: Lignin, g | AB2: Ca, g | AC2: P, g | AD2: Mg, g | AE2: K, g | AF2: Na, g | AG2: CAB, meq | AH2: Na, g
B3: 1 | C3: Asp, bark | D3: 50 | E3: 7.9 | H3: 18 | I3: 8.9 | J3: 60 | K3: 110 | L3: 330 | M3: 40 | N3: 460 | O3: 30 | P3: 75 | Q3: 15 | R3: 60 | S3: 44 | AB3: 12 | AC3: 0.6
B4: 2 | C4: Asp, löv | D4: 85 | E4: 7.9 | H4: 90 | I4: 9.6 | J4: 150 | K4: 70 | L4: 230 | M4: 70 | N4: 480 | O4: 60 | P4: 35 | Q4: 50 | R4: 55 | S4: 53 | AB4: 14.1 | AC4: 1.2
B5: 3 | C5: Babassu, kaka | D5: 90 | E5: 12.8 | H5: 213 | I5: 14.6 | J5: 250 | K5: 80 | L5: 170 | M5: 60 | N5: 440 | O5: 85 | P5: 90 | Q5: 30 | R5: 80 | S5: 73 | AB5: 1.8 | AC5: 7.7 | AD5: 4.4 | AE5: 10 | AF5: 0.3 | AH5: 0.3
B6: 4 | C6: Babassu, mjöl | D6: 90 | E6: 11.2 | H6: 221 | I6: 13.4 | J6: 260 | K6: 10 | L6: 180 | M6: 60 | N6: 490 | O6: 85 | P6: 90 | Q6: 30 | R6: 80 | S6: 72 | AB6: 2.2 | AC6: 12.2
B7: 5 | C7: Blandsäd, kärna havre/korn | D7: 84 | E7: 12.4 | F7: 78 | G7: -16 | H7: 90 | I7: 14.1 | J7: 116 | K7: 43 | L7: 100 | M7: 28 | N7: 713 | O7: 78 | P7: 82 | Q7: 30 | R7: 83 | S7: 81 | U7: 82 | V7: 71 | W7: 18 | Y7: 434 | Z7: 277 | AA7: 20 | AB7: 0.6 | AC7: 4 | AD7: 1.3 | AE7: 5.6 | AF7: 0.3 | AH7: 0.3
B8: 6 | C8: Blaster, diverse blaster, ensilerade | D8: 14 | E8: 10.2 | F8: 74 | G8: 46 | H8: 138 | I8: 12.3 | J8: 180 | K8: 30 | L8: 130 | M8: 180 | N8: 480 | P8: 50 | Q8: 80 | R8: 80 | S8: 78 | U8: 74 | V8: 73 | W8: 120 | Y8: 0 | AB8: 15 | AC8: 2.8 | AD8: 3 | AE8: 37 | AF8: 10 | AH8: 10
B9: 7 | C9: Bok, ollon | D9: 85 | E9: 15.6 | H9: 113 | I9: 16 | J9: 150 | K9: 300 | L9: 210 | M9: 50 | N9: 290 | O9: 75 | P9: 90 | Q9: 30 | R9: 60 | S9: 65 | AB9: 5.9 | AC9: 3.5
B10: 8 | C10: Bomull, expeller, ej välskalade | D10: 92 | E10: 10.9 | H10: 221 | I10: 12.5 | J10: 270 | K10: 70 | L10: 200 | M10: 70 | N10: 390 | O10: 82 | P10: 95 | Q10: 25 | R10: 60 | S10: 60 | U10: 58 | V10: 86 | W10: 54 | Y10: 15 | AB10: 2.2 | AC10: 11.9 | AD10: 6.4 | AE10: 18 | AF10: 0.2 | AH10: 0.2
B11: 9 | C11: Bomull, expeller, välskalade | D11: 92 | E11: 13.2 | F11: 162 | G11: 210 | H11: 374 | I11: 15.6 | J11: 440 | K11: 70 | L11: 100 | M11: 70 | N11: 320 | O11: 85 | P11: 90 | Q11: 30 | R11: 70 | S11: 74 | T11: 44 | U11: 58 | V11: 86 | W11: 54 | Y11: 15 | Z11: 257 | AA11: 60 | AB11: 2.2 | AC11: 11.9 | AD11: 6.4 | AE11: 18 | AF11: 0.2 | AG11: 71 | AH11: 0.2
B12: 10 | C12: Bomull, frö | D12: 92 | E12: 15.3 | H12: 168 | I12: 16.5 | J12: 240 | K12: 250 | L12: 250 | M12: 50 | N12: 210 | O12: 70 | P12: 90 | Q12: 60 | R12: 60 | S12: 70 | Z12: 400 | AA12: 150 | AB12: 1.6 | AC12: 9.8 | AD12: 4.1 | AE12: 11.8 | AF12: 0.1 | AH12: 0.1
B13: 11 | C13: Bomull, mjöl, oskalat frö | D13: 92 | E13: 8.8 | H13: 230 | I13: 10.8 | J13: 280 | K13: 10 | L13: 300 | M13: 60 | N13: 350 | O13: 82 | P13: 90 | Q13: 25 | R13: 60 | S13: 59 | W13: 15 | Y13: 54 | AB13: 2.1 | AC13: 12.6 | AD13: 6.9 | AE13: 19 | AF13: 0.2 | AH13: 0.2
B14: 12 | C14: Bomull, mjöl, skalat frö | D14: 90 | E14: 12 | F14: 167 | G14: 244 | H14: 417 | I14: 14.7 | J14: 490 | K14: 10 | L14: 110 | M14: 80 | N14: 310 | O14: 85 | P14: 90 | Q14: 30 | R14: 70 | S14: 73 | U14: 59 | V14: 82 | W14: 15 | Y14: 54 | Z14: 260 | AA14: 60 | AB14: 2.1 | AC14: 12.6 | AD14: 6.5 | AE14: 19 | AF14: 0.2 | AH14: 0.2
B15: 13 | C15: Citruspulpa | D15: 90 | E15: 12.6 | F15: 94 | G15: -89 | H15: 30 | I15: 14.5 | J15: 70 | K15: 26 | L15: 132 | M15: 65 | N15: 707 | O15: 43 | P15: 81 | Q15: 79 | R15: 92 | T15: 75 | U15: 66 | V15: 79 | W15: 243 | X15: 238 | Y15: 60 | Z15: 195 | AB15: 15.5 | AC15: 1.3 | AD15: 1.8 | AE15: 10.7
B16: 14 | C16: Fett, vegetabiliskt | D16: 99 | E16: 31.5 | F16: 0 | G16: 0 | H16: 0 | J16: 0 | K16: 1000 | L16: 0 | M16: 0 | N16: 0 | W16: 0 | Y16: 0 | Z16: 0 | AA16: 0 | AB16: 0 | AC16: 0 | AD16: 0 | AE16: 0 | AF16: 0 | AH16: 0
B17: 15 | C17: Foderbeta, rotfrukt | D17: 12 | E17: 12.5 | F17: 87 | G17: -71 | H17: 48 | I17: 14.3 | J17: 80 | K17: 10 | L17: 70 | M17: 90 | N17: 750 | O17: 60 | P17: 0 | Q17: 70 | R17: 95 | S17: 89 | U17: 82 | V17: 61 | W17: 610 | Y17: 0 | AB17: 2.3 | AC17: 1.6 | AD17: 1.3 | AE17: 15 | AF17: 1.5 | AG17: 346 | AH17: 1.5
B18: 16 | C18: Fodercellulosa | D18: 90 | E18: 10.6 | F18: 89 | G18: -150 | H18: 0 | I18: 14.5 | J18: 3 | K18: 5 | L18: 815 | M18: 7 | N18: 170 | O18: 0 | P18: 40 | Q18: 90 | R18: 60 | S18: 90 | U18: 0 | V18: 0
B19: 17 | C19: Fodermärgkål, hela plantan, ensilerad | D19: 15 | E19: 10.6 | F19: 71 | G19: 12 | H19: 100 | I19: 12.6 | J19: 140 | K19: 30 | L19: 200 | M19: 130 | N19: 500 | P19: 58 | Q19: 58 | R19: 88 | S19: 72 | U19: 80 | V19: 63 | W19: 10 | Y19: 0 | AB19: 19.4 | AC19: 4.3 | AD19: 2.8 | AE19: 30 | AF19: 2.5 | AH19: 2.5
B20: 18 | C20: Fodersockerbeta | D20: 16 | E20: 12.7 | F20: 90 | G20: -93 | H20: 36 | I20: 14.5 | J20: 60 | K20: 10 | L20: 68 | M20: 78 | N20: 784 | O20: 60 | P20: 0 | Q20: 65 | R20: 95 | S20: 90 | U20: 80 | V20: 82 | W20: 680 | Y20: 0 | AB20: 1.8 | AC20: 1.7 | AD20: 1.4 | AE20: 21 | AF20: 2 | AH20: 1.5
B21: 19 | C21: Halm, baljväxt | D21: 90 | E21: 7.3 | F21: 43 | G21: -9 | H21: 47 | I21: 8.4 | J21: 105 | K21: 20 | L21: 450 | M21: 71 | N21: 354 | O21: 45 | P21: 40 | Q21: 50 | R21: 50 | S21: 49 | U21: 60 | V21: 0 | W21: 0 | Y21: 0 | AB21: 13 | AC21: 2.4 | AD21: 3.9 | AE21: 14 | AF21: 0.1 | AH21: 0.1
B22: 20 | C22: Halm, gräs | D22: 89 | E22: 6.9 | F22: 47 | G22: -35 | H22: 29 | I22: 8.6 | J22: 73 | K22: 20 | L22: 400 | M22: 64 | N22: 443 | O22: 40 | P22: 40 | Q22: 55 | R22: 50 | S22: 51 | U22: 60 | V22: 0 | W22: 0 | Y22: 0 | AB22: 3.3 | AC22: 1.4 | AD22: 1.4 | AE22: 25 | AF22: 1 | AH22: 1
B23: 21 | C23: Halm, stråsäd, NH3-behandlad | D23: 80 | E23: 8.3 | F23: 54 | G23: 4 | H23: 50 | I23: 10.3 | J23: 119 | K23: 20 | L23: 400 | M23: 60 | N23: 401 | O23: 42 | P23: 40 | Q23: 65 | R23: 62 | S23: 61 | U23: 80 | V23: 0 | W23: 0 | Y23: 0 | AB23: 3.3 | AC23: 1.1 | AD23: 1.3 | AE23: 19 | AF23: 3 | AH23: 3
A24: straw | B24: 22 | C24: Halm, stråsäd, ej behandlad | D24: 85 | E24: 6.6 | F24: 45 | G24: -60 | H24: 0 | I24: 7.6 | J24: 69 | K24: 20 | L24: 436 | M24: 66 | N24: 409 | O24: 0 | P24: 40 | Q24: 55 | R24: 45 | S24: 47 | T24: 25 | U24: 23 | V24: 0 | W24: 0 | Y24: 0 | Z24: 748 | AA24: 120 | AB24: 7.5 | AC24: 2.6 | AD24: 2.8 | AE24: 16.8 | AF24: 3 | AG24: 162 | AH24: 3
B25: 23 | C25: Halm, stråsäd, torrlutad | D25: 59 | E25: 7.9 | F25: 63 | G25: -74 | H25: 0 | I25: 10.4 | J25: 40 | K25: 15 | L25: 408 | M25: 100 | N25: 437 | O25: 0 | P25: 35 | Q25: 75 | R25: 65 | S25: 65 | T25: 34 | U25: 80 | V25: 0 | W25: 0 | Y25: 0 | AB25: 3.3 | AC25: 1.1 | AD25: 1.3 | AE25: 19 | AF25: 28.1 | AH25: 28
B26: 24 | C26: Halm, stråsäd, våtlutad | D26: 74 | E26: 8.2 | F26: 59 | G26: -67 | H26: 0 | I26: 9.8 | J26: 40 | K26: 15 | L26: 421 | M26: 73 | N26: 451 | O26: 0 | P26: 35 | Q26: 65 | R26: 62 | S26: 73 | U26: 80 | V26: 0 | W26: 0 | Y26: 0 | AB26: 3.2 | AC26: 1.8
B27: 25 | C27: Hamp, frö | D27: 93 | E27: 17.7 | H27: 140 | I27: 18.2 | J27: 200 | K27: 350 | L27: 170 | M27: 50 | N27: 230 | O27: 70 | P27: 90 | Q27: 30 | R27: 80 | S27: 73 | AB27: 1.7 | AC27: 6
B28: 26 | C28: Havre, hela plantan, ensilerad | D28: 37 | E28: 9.1 | F28: 58 | G28: -8 | H28: 69 | I28: 11.2 | J28: 107 | K28: 25 | L28: 313 | M28: 72 | N28: 483 | P28: 54 | Q28: 62 | R28: 68 | S28: 63 | U28: 80 | V28: 19 | Z28: 536 | AA28: 90 | AB28: 4.5 | AC28: 2.9 | AD28: 1.4 | AE28: 20.1 | AF28: 1.5 | AH28: 0.5
A29: oat bran | B29: 27 | C29: Havre, kli | D29: 87 | E29: 7.2 | F29: 56 | G29: -28 | H29: 35 | I29: 8.4 | J29: 63 | K29: 32 | L29: 290 | M29: 55 | N29: 560 | O29: 56 | P29: 65 | Q29: 30 | R29: 55 | S29: 48 | U29: 67 | V29: 77 | AB29: 2 | AC29: 7.7
A30: oats | B30: 28 | C30: Havre, kärna | D30: 85 | E30: 11.7 | F30: 67 | G30: -2 | H30: 88 | I30: 13.3 | J30: 110 | K30: 61 | L30: 141 | M30: 34 | N30: 654 | O30: 80 | P30: 88 | Q30: 30 | R30: 76 | S30: 75 | T30: 37 | U30: 86 | V30: 73 | W30: 10 | X30: 21 | Y30: 338 | Z30: 358 | AA30: 30 | AB30: 0.7 | AC30: 3.7 | AD30: 1.2 | AE30: 5.3 | AF30: 0.1 | AG30: -32 | AH30: 0.1
A31: oat hulls | B31: 29 | C31: Havre, skal | D31: 87 | E31: 5.2 | H31: 9 | I31: 6.2 | J31: 30 | K31: 20 | L31: 340 | M31: 50 | N31: 560 | O31: 30 | P31: 80 | Q31: 35 | R31: 35 | S31: 36 | W31: 11 | Y31: 130 | Z31: 780 | AA31: 80 | AB31: 1.2 | AC31: 4.4 | AD31: 1 | AE31: 6 | AF31: 0.3 | AH31: 0.3
B32: 30 | C32: Havre, skalad | D32: 87 | E32: 13.1 | F32: 75 | G32: 37 | H32: 118 | I32: 14.8 | J32: 160 | K32: 67 | L32: 33 | M32: 23 | N32: 717 | O32: 74 | P32: 80 | Q32: 25 | R32: 80 | S32: 77 | T32: 87 | U32: 88 | V32: 77 | W32: 13 | Y32: 637 | Z32: 94 | AB32: 0.8 | AC32: 4.6 | AD32: 1.3 | AE32: 4
B33: 31 | C33: Hästkastanj, kastanjer | D33: 50 | E33: 13.5 | H33: 48 | I33: 15.1 | J33: 80 | K33: 50 | L33: 50 | M33: 30 | N33: 790 | O33: 60 | P33: 80 | Q33: 30 | R33: 90 | S33: 84 | AB33: 1 | AC33: 4
B34: 32 | C34: Johannesbröd | D34: 82 | E34: 10.7 | F34: 91 | G34: -107 | H34: 0 | I34: 12 | J34: 43 | K34: 0 | L34: 79 | M34: 30 | N34: 848 | O34: 0 | P34: 0 | Q34: 47 | R34: 80 | S34: 74 | T34: 36 | U34: 49 | V34: 82 | W34: 457 | Y34: 0 | Z34: 288 | AB34: 4.5 | AC34: 1
B35: 33 | C35: Jäst, bryggerijäst | D35: 90 | E35: 14.6 | F35: 110 | G35: 332 | H35: 450 | I35: 17.7 | J35: 500 | K35: 10 | L35: 20 | M35: 70 | N35: 400 | O35: 90 | P35: 75 | Q35: 90 | R35: 90 | S35: 90 | U35: 80 | V35: 82 | AB35: 2.2 | AC35: 15.6 | AD35: 2.6 | AE35: 24 | AF35: 2.4 | AH35: 2.4
B36: 34 | C36: Kasein | D36: 88 | E36: 15.3 | F36: 3 | G36: 865 | H36: 783 | I36: 19.5 | J36: 870 | K36: 0 | L36: 0 | M36: 100 | N36: 30 | O36: 90 | P36: 0 | Q36: 0 | R36: 100 | S36: 91 | U36: 100 | V36: 82 | W36: 0 | Y36: 0 | AB36: 34 | AC36: 19 | AD36: 0.1 | AE36: 0 | AF36: 0.2 | AH36: 0.2
B37: 35 | C37: Kokos, expeller | D37: 94 | E37: 14.7 | F37: 125 | G37: 32 | H37: 178 | I37: 16.5 | J37: 223 | K37: 113 | L37: 115 | M37: 57 | N37: 492 | O37: 80 | P37: 95 | Q37: 65 | R37: 85 | S37: 82 | T37: 56 | U37: 54 | V37: 83 | W37: 110 | Y37: 6 | Z37: 388 | AB37: 1 | AC37: 5.4 | AD37: 3.3 | AE37: 21 | AF37: 1 | AG37: 202 | AH37: 1
B38: 36 | C38: Kokos, mjöl | D38: 92 | E38: 12 | F38: 153 | G38: 26 | H38: 208 | I38: 14.3 | J38: 260 | K38: 10 | L38: 160 | M38: 70 | N38: 500 | O38: 80 | P38: 80 | Q38: 60 | R38: 85 | S38: 79 | U38: 46 | V38: 82 | W38: 112 | Y38: 19 | Z38: 580 | AB38: 1.4 | AC38: 6.4 | AD38: 3.6 | AE38: 23 | AF38: 0.6 | AH38: 0.6
B39: 37 | C39: Korn, drank | D39: 7 | E39: 12.5 | F39: 72 | G39: 184 | H39: 210 | I39: 14.4 | J39: 300 | K39: 120 | L39: 90 | M39: 40 | N39: 450 | O39: 70 | P39: 80 | Q39: 60 | R39: 65 | S39: 68 | U39: 82 | V39: 77 | AB39: 2.5 | AC39: 7.5 | AD39: 2 | AE39: 1 | AF39: 0.3 | AH39: 0.3
A40: barley brewers grain | B40: 38 | C40: Korn, drav, 24 % rp | D40: 90 | E40: 11.6 | F40: 141 | G40: 20 | H40: 180 | I40: 13.6 | J40: 240 | K40: 80 | L40: 170 | M40: 40 | N40: 470 | O40: 75 | P40: 85 | Q40: 55 | R40: 65 | S40: 67 | U40: 38 | V40: 78 | W40: 20 | X40: 29 | Y40: 100 | Z40: 460 | AA40: 60 | AB40: 2 | AC40: 5.5 | AD40: 2 | AE40: 1 | AF40: 0.3 | AH40: 0.3
B41: 39 | C41: Korn, drav, 28 % rp | D41: 90 | E41: 11.8 | F41: 155 | G41: 40 | H41: 210 | I41: 13.9 | J41: 280 | K41: 80 | L41: 170 | M41: 40 | N41: 430 | O41: 75 | P41: 85 | Q41: 55 | R41: 65 | S41: 67 | T41: 36 | U41: 38 | V41: 78 | Z41: 483 | AB41: 2 | AC41: 5.5 | AD41: 1.5 | AE41: 1 | AF41: 0.6 | AH41: 0.6
B42: 40 | C42: Korn, hela plantan, ensilerad | D42: 37 | E42: 9.8 | F42: 61 | G42: -9 | H42: 75 | I42: 11.8 | J42: 113 | K42: 23 | L42: 295 | M42: 68 | N42: 501 | P42: 60 | Q42: 60 | R42: 75 | S42: 72 | T42: 45 | U42: 80 | V42: 17 | W42: 18 | X42: 31 | Y42: 204 | Z42: 559 | AB42: 4.7 | AC42: 2.7 | AD42: 1.4 | AE42: 18.2 | AF42: 0.7 | AG42: 239 | AH42: 1.6
B43: 41 | C43: Korn, kli | D43: 87 | E43: 10.3 | F43: 70 | G43: 28 | H43: 105 | I43: 11.8 | J43: 140 | K43: 50 | L43: 160 | M43: 60 | N43: 590 | O43: 75 | P43: 75 | Q43: 30 | R43: 70 | S43: 64 | U43: 79 | V43: 82 | AB43: 1.1 | AC43: 8
A44: barley | B44: 42 | C44: Korn, kärna | D44: 87 | E44: 13.2 | F44: 90 | G44: -29 | H44: 93 | I44: 15 | J44: 122 | K44: 27 | L44: 62 | M44: 28 | N44: 761 | O44: 76 | P44: 75 | Q44: 30 | R44: 89 | S44: 86 | T44: 53 | U44: 78 | V44: 69 | W44: 24 | X44: 22 | Y44: 518 | Z44: 229 | AA44: 20 | AB44: 0.4 | AC44: 4 | AD44: 1.3 | AE44: 5.9 | AF44: 0.3 | AG44: 15 | AH44: 0.3
B45: 43 | C45: Korn, maltgroddar | D45: 86 | E45: 12.2 | F45: 84 | G45: 174 | H45: 281 | I45: 14.7 | J45: 351 | K45: 36 | L45: 137 | M45: 70 | N45: 406 | O45: 80 | P45: 75 | Q45: 70 | R45: 75 | S45: 76 | U45: 70 | V45: 47 | W45: 150 | X45: 23 | Y45: 50 | Z45: 422 | AA45: 30 | AB45: 2.6 | AC45: 8.8 | AD45: 2 | AE45: 22 | AF45: 0.8 | AH45: 0.8
B46: 44 | C46: Kålrot, rotfrukt | D46: 12 | E46: 12.4 | F46: 90 | G46: -53 | H46: 63 | I46: 14.4 | J46: 105 | K46: 10 | L46: 100 | M46: 60 | N46: 725 | O46: 60 | P46: 0 | Q46: 75 | R46: 95 | S46: 87 | U46: 80 | V46: 61 | W46: 400 | Y46: 0 | Z46: 440 | AA46: 100 | AB46: 4.2 | AC46: 2.8 | AD46: 1 | AE46: 18 | AF46: 1.1 | AH46: 1.7
A47: linseed | B47: 45 | C47: Lin, frö | D47: 93 | E47: 20.1 | F47: 51 | G47: 154 | H47: 206 | I47: 20.8 | J47: 240 | K47: 380 | L47: 70 | M47: 40 | N47: 270 | O47: 86 | P47: 90 | Q47: 30 | R47: 80 | S47: 82 | U47: 82 | V47: 70 | W47: 26 | Y47: 54 | Z47: 140 | AB47: 2.8 | AC47: 5.7 | AD47: 3.9 | AE47: 9 | AF47: 0.4 | AH47: 0.4
B48: 46 | C48: Lin, fröexpeller | D48: 90 | E48: 16.2 | F48: 78 | G48: 178 | H48: 255 | I48: 17.8 | J48: 297 | K48: 198 | L48: 93 | M48: 50 | N48: 362 | O48: 86 | P48: 90 | Q48: 30 | R48: 80 | S48: 82 | T48: 50 | U48: 79 | V48: 83 | W48: 54 | Y48: 26 | Z48: 465 | AB48: 3.7 | AC48: 8.6 | AD48: 5.2 | AE48: 11 | AF48: 0.8 | AH48: 0.8
B49: 47 | C49: Lin, frömjöl | D49: 90 | E49: 12.5 | F49: 151 | G49: 175 | H49: 344 | I49: 15.1 | J49: 400 | K49: 20 | L49: 110 | M49: 60 | N49: 410 | O49: 86 | P49: 70 | Q49: 30 | R49: 80 | S49: 76 | U49: 60 | V49: 83 | W49: 54 | Y49: 26 | AB49: 3.9 | AC49: 8.8 | AD49: 5.2 | AE49: 11 | AF49: 0.8 | AG49: 34 | AH49: 0.8
B50: 48 | C50: Lupin (gul), frö | D50: 87 | E50: 13.6 | F50: 139 | G50: 265 | H50: 390 | I50: 16.6 | J50: 453 | K50: 49 | L50: 163 | M50: 48 | N50: 287 | O50: 86 | P50: 75 | Q50: 70 | R50: 80 | S50: 81 | U50: 72 | V50: 95 | W50: 50 | Y50: 220 | Z50: 263 | AB50: 3.6 | AC50: 7.5 | AD50: 3.1 | AE50: 14 | AF50: 0.2 | AH50: 0.2
B51: 49 | C51: Lupin (gul), hela plantan, blomning, ensilerad | D51: 13 | E51: 10.1 | F51: 66 | G51: 57 | H51: 138 | I51: 12.3 | J51: 180 | K51: 30 | L51: 220 | M51: 130 | N51: 440 | P51: 58 | Q51: 62 | R51: 79 | S51: 74 | U51: 80 | V51: 61 | W51: 10 | Y51: 60 | AB51: 10.2 | AC51: 2.6 | AD51: 2.3 | AE51: 32 | AF51: 0.5 | AH51: 0.5
A52: maize gluten meal | B52: 50 | C52: Majs, gluten | D52: 92 | E52: 16 | F52: 476 | G52: 82 | H52: 598 | I52: 19.6 | J52: 672 | K52: 24 | L52: 22 | M52: 18 | N52: 264 | O52: 89 | P52: 85 | Q52: 30 | R52: 95 | S52: 88 | T52: 71 | U52: 19 | V52: 97 | W52: 0 | X52: 12 | Y52: 150 | Z52: 140 | AA52: 10 | AB52: 0.4 | AC52: 3.3 | AD52: 1.2 | AE52: 1 | AF52: 0.6 | AH52: 0.6
A53: maize silage | B53: 51 | C53: Majs, hela plantan, ensilerad | D53: 22 | E53: 10.4 | F53: 76 | G53: -40 | H53: 62 | I53: 12.6 | J53: 99 | K53: 22 | L53: 299 | M53: 65 | N53: 515 | P53: 71 | Q53: 74 | R53: 76 | S53: 71 | T53: 35 | U53: 70 | V53: 57 | Z53: 617 | AB53: 6.5 | AC53: 2.5 | AD53: 1.3 | AE53: 16 | AF53: 0.4 | AG53: 299 | AH53: 0.2
B54: 52 | C54: Majs, kolvkross | D54: 32 | E54: 11 | F54: 82 | G54: -55 | H54: 54 | I54: 13 | J54: 91 | K54: 22 | L54: 231 | M54: 44 | N54: 612 | P54: 71 | Q54: 68 | R54: 80 | S54: 75 | T54: 31 | U54: 67 | V54: 67 | W54: 75 | X54: 28 | Y54: 223 | Z54: 496 | AB54: 2.4 | AC54: 2.3 | AD54: 1.2 | AE54: 11.1 | AF54: 0.4 | AG54: 174 | AH54: 0.2
A55: maize | B55: 53 | C55: Majs, kärna | D55: 48 | E55: 12.8 | H55: 73 | I55: 14.5 | J55: 111 | K55: 40 | L55: 63 | M55: 23 | N55: 763 | O55: 66 | P55: 60 | Q55: 63 | R55: 85 | S55: 80 | U55: 0 | V55: 0 | W55: 27 | Y55: 550 | Z55: 280 | AA55: 20 | AB55: 0.5 | AC55: 3.6 | AD55: 0.5 | AE55: 5.3 | AF55: 0.2 | AH55: 0.2
B56: 54 | C56: Mjölk, helmjölk | D56: 87 | E56: 14.6 | F56: 122 | G56: -89 | H56: 73 | I56: 16.4 | J56: 100 | K56: 50 | L56: 25 | M56: 15 | N56: 810 | O56: 73 | P56: 85 | Q56: 30 | R56: 93 | S56: 89 | T56: 54 | U56: 47 | V56: 90 | W56: 17 | Y56: 712 | Z56: 94 | AA56: 10 | AB56: 0.1 | AC56: 3 | AD56: 1.2 | AE56: 3.8 | AF56: 0.1 | AH56: 0.1
B57: 55 | C57: Mjölk, kärnmjölk, färsk | D57: 13 | E57: 21.7 | F57: 39 | G57: 200 | H57: 252 | I57: 22.7 | J57: 265 | K57: 310 | L57: 0 | M57: 60 | N57: 365 | O57: 95 | P57: 100 | Q57: 0 | R57: 100 | S57: 99 | U57: 100 | V57: 100 | W57: 365 | Y57: 0 | Z57: 0 | AA57: 0 | AB57: 10 | AC57: 7.4 | AD57: 0.9 | AE57: 11 | AF57: 3.2 | AG57: 64 | AH57: 3.2
B58: 56 | C58: Mjölk, skummjölk, färsk | D58: 8 | E58: 14.9 | F58: 52 | G58: 252 | H58: 289 | I58: 17 | J58: 340 | K58: 55 | L58: 0 | M58: 115 | N58: 490 | O58: 85 | P58: 100 | Q58: 0 | R58: 100 | S58: 94 | U58: 100 | V58: 100 | W58: 490 | Y58: 0 | Z58: 0 | AA58: 0 | AB58: 16 | AC58: 11 | AD58: 1.1 | AE58: 18
A59: whey | B59: 57 | C59: Mjölk, vassle, färsk | D59: 7 | E59: 13.6 | F59: 82 | G59: -18 | H59: 85 | I59: 15.1 | J59: 120 | K59: 10 | L59: 0 | M59: 100 | N59: 770 | O59: 71 | P59: 100 | Q59: 0 | R59: 100 | S59: 96 | U59: 100 | V59: 100 | W59: 770 | Y59: 0 | Z59: 0 | AA59: 0 | AB59: 7.2 | AC59: 7.9 | AD59: 1.4 | AE59: 24 | AF59: 10.6 | AH59: 10
B60: 58 | C60: Mjölk, vassle, permeat | D60: 6 | E60: 13.5 | F60: 91 | G60: -99 | H60: 20 | I60: 14.8 | J60: 54 | K60: 5 | L60: 0 | M60: 87 | N60: 854 | O60: 37 | P60: 100 | Q60: 0 | R60: 100 | S60: 96 | U60: 100 | V60: 100 | W60: 854 | Y60: 0 | Z60: 0 | AA60: 0 | AB60: 4.6 | AC60: 7.4 | AD60: 1.4 | AE60: 13 | AF60: 8.3 | AH60: 8.6
B61: 59 | C61: Morot, rotfrukt | D61: 12 | E61: 12.1 | F61: 88 | G61: -49 | H61: 63 | I61: 13.9 | J61: 105 | K61: 10 | L61: 110 | M61: 80 | N61: 695 | O61: 60 | P61: 0 | Q61: 75 | R61: 95 | S61: 87 | U61: 80 | V61: 65 | W61: 600 | Y61: 0 | Z61: 90 | AA61: 0 | AB61: 3.3 | AC61: 2.8 | AD61: 2 | AE61: 28 | AF61: 10.4 | AH61: 10.4
A62: palm kernel expeller | B62: 60 | C62: Oljepalm, kärnexpeller | D62: 91 | E62: 13.4 | F62: 115 | G62: -35 | H62: 126 | I62: 15 | J62: 154 | K62: 97 | L62: 228 | M62: 44 | N62: 477 | O62: 82 | P62: 90 | Q62: 40 | R62: 90 | S62: 80 | U62: 38 | V62: 73 | W62: 150 | X62: 19 | Y62: 0 | Z62: 620 | AB62: 2.1 | AC62: 6.5 | AD62: 3.1 | AE62: 8 | AF62: 0.1 | AH62: 0.1
B63: 61 | C63: Oljepalm, kärnmjöl | D63: 91 | E63: 12.5 | F63: 151 | G63: -30 | H63: 166 | I63: 14.7 | J63: 202 | K63: 13 | L63: 168 | M63: 46 | N63: 571 | O63: 82 | P63: 75 | Q63: 50 | R63: 90 | S63: 80 | U63: 38 | V63: 82 | W63: 150 | Y63: 50 | Z63: 620 | AB63: 2.1 | AC63: 6.5 | AD63: 3.1 | AE63: 8 | AF63: 0.1 | AH63: 0.1
B64: 62 | C64: Potatis, drank | D64: 6 | E64: 11.4 | F64: 94 | G64: 52 | H64: 160 | I64: 13.3 | J64: 200 | K64: 7 | L64: 59 | M64: 113 | N64: 621 | O64: 80 | P64: 65 | Q64: 60 | R64: 81 | S64: 80 | U64: 74 | V64: 82 | AB64: 2.8 | AC64: 7.3 | AD64: 0 | AE64: 55 | AF64: 0.6 | AH64: 0.6
A65: potatoe offals | B65: 63 | C65: Potatis, knöl | D65: 23 | E65: 13.1 | F65: 92 | G65: -70 | H65: 50 | I65: 14.9 | J65: 90 | K65: 10 | L65: 25 | M65: 55 | N65: 820 | O65: 55 | P65: 0 | Q65: 55 | R65: 95 | S65: 90 | U65: 80 | V65: 65 | W65: 0 | X65: 26 | Y65: 740 | Z65: 73 | AA65: 14 | AB65: 0.3 | AC65: 2.3 | AD65: 1.4 | AE65: 22 | AF65: 0.6 | AG65: 404 | AH65: 0.6
B66: 64 | C66: Potatis, pulpa | D66: 14 | E66: 10.8 | F66: 95 | G66: -7 | H66: 50 | I66: 12.7 | J66: 160 | K66: 5 | L66: 180 | M66: 80 | N66: 575 | O66: 31 | P66: 0 | Q66: 73 | R66: 93 | U66: 70 | V66: 77 | W66: 10 | Y66: 300 | AB66: 2 | AC66: 2.9 | AD66: 2.4 | AE66: 5 | AF66: 0.3 | AH66: 0.3
A67: potatoe protein | B67: 65 | C67: Potatisprotein | D67: 90 | E67: 15.5 | F67: 418 | G67: 323 | H67: 751 | I67: 19.7 | J67: 844 | K67: 33 | L67: 4 | M67: 28 | N67: 91 | O67: 89 | Q67: 55 | R67: 90 | T67: 49 | U67: 40 | V67: 95 | X67: 15 | Z67: 20 | AB67: 1.1 | AC67: 4.4 | AD67: 1.1 | AE67: 8.9 | AF67: 0.6 | AH67: 0.6
A68: rapeseed cake | B68: 66 | C68: Raps, expeller, enkellåg | D68: 94 | E68: 15.6 | F68: 80 | G68: 180 | H68: 268 | I68: 17.3 | J68: 315 | K68: 174 | L68: 117 | M68: 67 | N68: 327 | O68: 85 | P68: 95 | Q68: 30 | R68: 80 | S68: 77 | T68: 39 | U68: 74 | V68: 70 | W68: 20 | X68: 53 | Y68: 10 | AB68: 8 | AC68: 11 | AD68: 5 | AE68: 13 | AF68: 0.5 | AG68: -60 | AH68: 0.5
B69: 67 | C69: Raps, expeller, värmebehandlad, dubbellåg | D69: 94 | E69: 15.5 | F69: 171 | G69: 87 | H69: 288 | I69: 17.2 | J69: 339 | K69: 169 | L69: 137 | M69: 66 | N69: 289 | O69: 85 | P69: 95 | Q69: 30 | R69: 80 | S69: 77 | T69: 39 | U69: 40 | V69: 82 | W69: 20 | X69: 53 | Y69: 6 | Z69: 311 | AB69: 7.5 | AC69: 12.4 | AD69: 4.2 | AE69: 13.2 | AF69: 0.8 | AG69: -42 | AH69: 0.5
B70: 68 | C70: Raps, hela plantan | D70: 21 | E70: 11.1 | F70: 80 | G70: 5 | H70: 102 | I70: 13.5 | J70: 142 | K70: 30 | L70: 261 | M70: 100 | N70: 467 | P70: 50 | Q70: 79 | R70: 86 | S70: 81 | U70: 80 | V70: 82 | AB70: 10 | AC70: 2.8
B71: 69 | C71: Raps, mjöl, dubbellågt | D71: 90 | E71: 12.4 | F71: 112 | G71: 231 | H71: 340 | I71: 14.8 | J71: 400 | K71: 45 | L71: 123 | M71: 77 | N71: 355 | O71: 85 | P71: 67 | Q71: 30 | R71: 80 | S71: 77 | T71: 47 | U71: 72 | V71: 82 | W71: 20 | X71: 50 | Y71: 13 | Z71: 243 | AB71: 7.9 | AC71: 14.4 | AD71: 5.6 | AE71: 15.8 | AF71: 0.1 | AG71: -13 | AH71: 0.1
A72: rapeseed meal | B72: 70 | C72: Raps, mjöl, värmebehandlat, dubbellågt | D72: 90 | E72: 12.2 | F72: 221 | G72: 79 | H72: 331 | I72: 14.6 | J72: 389 | K72: 46 | L72: 140 | M72: 75 | N72: 350 | O72: 85 | P72: 67 | Q72: 30 | R72: 80 | S72: 77 | T72: 47 | U72: 35 | V72: 87 | W72: 20 | X72: 50 | Y72: 6 | Z72: 332 | AB72: 8 | AC72: 12 | AD72: 6 | AE72: 16 | AF72: 0.3 | AG72: 1 | AH72: 0.1
A73: rapeseed | B73: 71 | C73: Raps/rybs, frö | D73: 93 | E73: 22.1 | F73: 56 | G73: 111 | H73: 170 | I73: 22.1 | J73: 210 | K73: 460 | L73: 80 | M73: 50 | N73: 200 | O73: 81 | P73: 95 | Q73: 25 | R73: 80 | S73: 82 | T73: 45 | U73: 68 | V73: 64 | W73: 10 | X73: 26 | Y73: 10 | Z73: 120 | AA73: 30 | AB73: 4.3 | AC73: 8.6 | AD73: 2.4 | AE73: 8.2 | AF73: 0.1 | AH73: 0.1
B74: 72 | C74: Renlav | D74: 35 | E74: 7.6 | F74: 54 | G74: -90 | H74: 0 | I74: 9.2 | J74: 30 | K74: 20 | L74: 410 | M74: 10 | N74: 530 | O74: 0 | P74: 70 | Q74: 45 | R74: 60 | S74: 52 | T74: 3 | U74: 0 | V74: 0 | AB74: 0.9 | AC74: 0.3
B75: 73 | C75: Ris, kärna, rå | D75: 89 | E75: 12.7 | F75: 99 | G75: -77 | H75: 51 | I75: 14.5 | J75: 82 | K75: 19 | L75: 112 | M75: 51 | N75: 736 | O75: 62 | P75: 50 | Q75: 45 | R75: 95 | S75: 85 | U75: 70 | V75: 90 | W75: 0 | Y75: 691 | Z75: 160 | AB75: 0.7 | AC75: 2.9 | AD75: 1.5 | AE75: 3.6 | AF75: 0.6 | AH75: 0.6
B76: 74 | C76: Ris, kärna, skalad | D76: 87 | E76: 14.4 | F76: 110 | G76: -96 | H76: 50 | I76: 16.2 | J76: 81 | K76: 10 | L76: 8 | M76: 5 | N76: 896 | O76: 62 | P76: 50 | Q76: 45 | R76: 95 | S76: 91 | T76: 80 | U76: 70 | V76: 90 | W76: 0 | Y76: 850 | Z76: 13 | AB76: 0.3 | AC76: 1.1 | AD76: 1.2 | AE76: 1.5 | AF76: 0.8 | AH76: 0.8
B77: 75 | C77: Rova, rotfrukt | D77: 9 | E77: 10.9 | F77: 79 | G77: -21 | H77: 72 | I77: 12.7 | J77: 120 | K77: 10 | L77: 110 | M77: 110 | N77: 650 | O77: 60 | P77: 0 | Q77: 60 | R77: 90 | S77: 81 | U77: 80 | V77: 61 | W77: 400 | Y77: 0 | AB77: 4.2 | AC77: 2.8 | AD77: 1 | AE77: 18 | AF77: 1.1 | AH77: 1.1
A78: rye bran | B78: 76 | C78: Råg, kli | D78: 87 | E78: 11.6 | F78: 78 | G78: 34 | H78: 120 | I78: 13.2 | J78: 160 | K78: 40 | L78: 55 | M78: 45 | N78: 700 | O78: 75 | P78: 70 | Q78: 30 | R78: 75 | S78: 72 | U78: 82 | V78: 83 | W78: 153 | Y78: 167 | AB78: 1.1 | AC78: 11.1 | AD78: 3.5 | AE78: 16 | AF78: 0.1 | AH78: 0.1
A79: rye | B79: 77 | C79: Råg, kärna | D79: 87 | E79: 13.9 | F79: 95 | G79: -57 | H79: 80 | I79: 15.8 | J79: 100 | K79: 20 | L79: 25 | M79: 20 | N79: 835 | O79: 80 | P79: 60 | Q79: 30 | R79: 92 | S79: 89 | T79: 47 | U79: 82 | V79: 83 | W79: 70 | Y79: 640 | Z79: 136 | AB79: 0.4 | AC79: 3.4 | AD79: 1 | AE79: 5.5 | AF79: 0.1 | AH79: 0.1
A80: triticale | B80: 78 | C80: Rågvete, kärna | D80: 87 | E80: 14 | F80: 95 | G80: -31 | H80: 98 | I80: 15.8 | J80: 123 | K80: 26 | L80: 33 | M80: 19 | N80: 799 | O80: 80 | P80: 65 | Q80: 30 | R80: 92 | S80: 89 | T80: 56 | U80: 83 | V80: 90 | W80: 32 | X80: 20 | Y80: 609 | Z80: 148 | AB80: 0.4 | AC80: 4 | AD80: 1.4 | AE80: 5.4 | AF80: 0.1 | AH80: 0.1
B81: 79 | C81: Rörsocker, melass | D81: 78 | E81: 11.4 | F81: 78 | G81: -76 | H81: 21 | I81: 12.7 | J81: 55 | K81: 0 | L81: 0 | M81: 142 | N81: 803 | O81: 38 | R81: 91 | S81: 86 | U81: 100 | V81: 100 | W81: 618 | Y81: 0 | AB81: 8 | AC81: 0.8 | AD81: 4.4 | AE81: 50 | AF81: 2.4 | AH81: 11.6
B82: 80 | C82: Senap, frö | D82: 93 | E82: 22.1 | H82: 170 | I82: 22.1 | J82: 210 | K82: 460 | L82: 80 | M82: 50 | N82: 200 | O82: 81 | P82: 95 | Q82: 25 | R82: 80 | S82: 82 | AB82: 4.3 | AC82: 8.6
B83: 81 | C83: Sesam, expeller | D83: 90 | E83: 14.4 | H83: 405 | I83: 16.9 | J83: 450 | K83: 90 | L83: 80 | M83: 120 | N83: 260 | O83: 90 | P83: 95 | Q83: 60 | R83: 75 | S83: 83 | U83: 70 | V83: 83 | W83: 100 | Y83: 25 | AB83: 18.9 | AC83: 11.4 | AD83: 6.4 | AE83: 7 | AF83: 0.1 | AH83: 0.1
B84: 82 | C84: Sesam, frö | D84: 94 | E84: 23.2 | H84: 198 | I84: 23.2 | J84: 220 | K84: 500 | L84: 70 | M84: 60 | N84: 150 | O84: 90 | P84: 95 | Q84: 30 | R84: 70 | S84: 85 | AB84: 12.8 | AC84: 6.4
B85: 83 | C85: Sesam, mjöl | D85: 90 | E85: 12.5 | H85: 450 | I85: 15.5 | J85: 500 | K85: 15 | L85: 85 | M85: 135 | N85: 265 | O85: 90 | P85: 95 | Q85: 60 | R85: 70 | S85: 81 | U85: 70 | V85: 77 | W85: 100 | Y85: 25 | AB85: 18.9 | AC85: 11.4 | AD85: 6.4 | AE85: 7 | AF85: 0.1 | AH85: 0.1
B86: 84 | C86: Sheanöt, expeller | D86: 90 | E86: 9.5 | F86: 31 | G86: 9 | H86: 0 | I86: 9.7 | J86: 133 | K86: 152 | L86: 74 | M86: 51 | N86: 590 | O86: 0 | P86: 89 | Q86: 14 | R86: 48 | S86: 43 | T86: 44 | U86: 46 | V86: 0 | Z86: 293 | AB86: 2.4 | AC86: 2.6
B87: 85 | C87: Sockerbeta, beta | D87: 24 | E87: 12.8 | F87: 92 | G87: -99 | H87: 27 | I87: 14.4 | J87: 60 | K87: 10 | L87: 60 | M87: 50 | N87: 820 | O87: 45 | Q87: 70 | R87: 95 | S87: 90 | U87: 80 | V87: 61 | W87: 650 | Y87: 0 | AB87: 2.2 | AC87: 1.4 | AD87: 1.2 | AE87: 10 | AF87: 1 | AH87: 1
B88: 86 | C88: Sockerbeta, betmassa, ensilerad | D88: 14 | E88: 11.7 | F88: 87 | G88: -44 | H88: 74 | I88: 13.8 | J88: 107 | K88: 10 | L88: 197 | M88: 65 | N88: 621 | O88: 69 | Q88: 70 | R88: 90 | S88: 83 | U88: 75 | V88: 75 | AB88: 7 | AC88: 1 | AD88: 1.4 | AE88: 6 | AF88: 0.8 | AH88: 0.8
B89: 87 | C89: Sockerbeta, betmassa, ensilerad, hårdpressad | D89: 27 | E89: 12.8 | F89: 100 | G89: -69 | H89: 80 | I89: 15.3 | J89: 108 | K89: 8 | L89: 176 | M89: 73 | N89: 635 | O89: 74 | Q89: 96 | R89: 95 | T89: 74 | U89: 61 | V89: 70 | W89: 38 | Y89: 5 | Z89: 445 | AA89: 28 | AB89: 8.8 | AC89: 0.8 | AD89: 1.7 | AE89: 13.7 | AF89: 1.4 | AH89: 0.8
A90: sugar beet molasses | B90: 88 | C90: Sockerbeta, betmelass | D90: 75 | E90: 12.4 | F90: 76 | G90: 3 | H90: 92 | I90: 14.1 | J90: 131 | M90: 109 | N90: 760 | O90: 70 | R90: 94 | S90: 90 | U90: 100 | V90: 100 | W90: 590 | Z90: 0 | AB90: 2 | AC90: 0.2 | AD90: 0.1 | AE90: 45 | AF90: 12 | AG90: 1200 | AH90: 12
B91: 89 | C91: Sockerbeta, blast | D91: 19 | E91: 10.1 | F91: 69 | G91: 24 | H91: 106 | I91: 12.1 | J91: 146 | K91: 30 | L91: 150 | M91: 173 | N91: 501 | P91: 50 | Q91: 80 | R91: 80 | U91: 80 | V91: 73 | W91: 120 | AB91: 13 | AC91: 2.7 | AD91: 4.1 | AE91: 30 | AF91: 9.7 | AH91: 9.7
B92: 90 | C92: Sockerbeta, melasserad betfiber | D92: 91 | E92: 12.5 | F92: 97 | G92: -56 | H92: 77 | I92: 14.5 | J92: 111 | K92: 23 | L92: 120 | M92: 86 | N92: 660 | O92: 69 | Q92: 95 | R92: 95 | T92: 72 | U92: 69 | V92: 82 | W92: 242 | X92: 164 | Y92: 0 | Z92: 334 | AA92: 14 | AB92: 9.5 | AC92: 0.7 | AD92: 1.3 | AE92: 21 | AF92: 5.5 | AG92: 495 | AH92: 5.5
A93: sugar beet pulp | B93: 91 | C93: Sockerbeta, omelasserad betfiber | D93: 90 | E93: 12.3 | F93: 107 | G93: -96 | H93: 59 | I93: 14.7 | J93: 90 | K93: 32 | L93: 187 | M93: 66 | N93: 625 | O93: 65 | Q93: 95 | R93: 94 | S93: 89 | T93: 69 | U93: 46 | V93: 80 | W93: 100 | X93: 239 | Z93: 454 | AB93: 7 | AC93: 1 | AD93: 1.4 | AE93: 6 | AF93: 0.8 | AH93: 0.8
A94: soybeans | B94: 92 | C94: Soja, böna | D94: 87 | E94: 16.4 | F94: 69 | G94: 273 | H94: 360 | I94: 18.4 | J94: 400 | K94: 180 | L94: 60 | M94: 50 | N94: 310 | O94: 90 | P94: 90 | Q94: 40 | R94: 70 | S94: 80 | U94: 79 | V94: 60 | W94: 50 | Y94: 150 | Z94: 101 | AB94: 2.6 | AC94: 6.3 | AD94: 2.8 | AE94: 19 | AF94: 0.3 | AH94: 0.1
A95: soybean meal | B95: 93 | C95: Soja, mjöl | D95: 87 | E95: 14.6 | F95: 182 | G95: 261 | H95: 469 | I95: 17.8 | J95: 510 | K95: 10 | L95: 60 | M95: 70 | N95: 350 | O95: 92 | P95: 50 | Q95: 70 | R95: 92 | S95: 90 | T95: 72 | U95: 64 | V95: 92 | W95: 121 | X95: 51 | Y95: 62 | Z95: 95 | AB95: 3.2 | AC95: 7.2 | AD95: 2.7 | AE95: 23 | AF95: 0.3 | AH95: 0.3
B96: 94 | C96: Soja, mjöl, behandlat | D96: 87 | E96: 13.8 | F96: 292 | G96: 79 | H96: 437 | I96: 16.9 | J96: 475 | K96: 8 | L96: 60 | M96: 70 | N96: 387 | O96: 92 | P96: 50 | Q96: 70 | R96: 81 | T96: 50 | U96: 30 | V96: 90 | X96: 53 | AB96: 4.9 | AC96: 6.6 | AD96: 3.5 | AE96: 22 | AF96: 0.2
B97: 95 | C97: Solros, expeller, ej välskalad | D97: 92 | E97: 11.7 | F97: 89 | G97: 194 | H97: 275 | I97: 13.6 | J97: 320 | K97: 90 | L97: 235 | M97: 70 | N97: 285 | O97: 86 | P97: 90 | Q97: 30 | R97: 60 | S97: 64 | U97: 74 | V97: 89 | W97: 69 | Y97: 42 | Z97: 380 | AB97: 4.3 | AC97: 13 | AD97: 6.5 | AE97: 17.4 | AF97: 0.2 | AH97: 0.2
B98: 96 | C98: Solros, expeller, välskalad | D98: 92 | E98: 12.8 | F98: 100 | G98: 265 | H98: 369 | I98: 15.1 | J98: 410 | K98: 80 | L98: 160 | M98: 70 | N98: 280 | O98: 90 | P98: 90 | Q98: 30 | R98: 60 | S98: 71 | U98: 74 | V98: 85 | W98: 69 | X98: 66 | Y98: 42 | Z98: 280 | AB98: 3.7 | AC98: 11.1 | AD98: 6 | AE98: 17.2 | AF98: 0.2 | AH98: 0.2
B99: 97 | C99: Solros, frö | D99: 93 | E99: 15.2 | F99: 29 | G99: 118 | H99: 145 | I99: 15.8 | J99: 170 | K99: 300 | L99: 300 | M99: 40 | N99: 190 | O99: 85 | P99: 95 | Q99: 30 | R99: 30 | S99: 60 | U99: 85 | V99: 60 | W99: 230 | Y99: 150 | AB99: 2.2 | AC99: 6.1 | AD99: 3.8 | AE99: 9 | AF99: 0.7 | AH99: 0.7
B100: 98 | C100: Solros, mjöl, oskalade frön | D100: 92 | E100: 8 | F100: 78 | G100: 175 | H100: 247 | I100: 10.1 | J100: 290 | K100: 10 | L100: 370 | M100: 60 | N100: 270 | O100: 85 | P100: 90 | Q100: 30 | R100: 40 | S100: 50 | U100: 74 | V100: 85 | W100: 69 | Y100: 42 | Z100: 410 | AB100: 3.7 | AC100: 10.4 | AD100: 5.6 | AE100: 15 | AF100: 0.2 | AH100: 0.2
...

Sheet ruminants, roughage
