Workbook

Sheet references
A1: Statistics Netherlands (2012). Standardised calculation methods for animal manure and nutrients - Standard data 1990–2008. The Hague, Netherlands. https://www.cbs.nl/-/media/imported/documents/2012/26/2012-c173-pub.pdf
A2: Nilsson & Bernesson (2009). Straw as fuel - Part 1: Available resources and harvest times. SLU

Sheet default
A1: f_species | B1: f_prod_system | C1: f_breed | D1: f_animal | E1: f_animal_prod | F1: f_MMS | G1: f_element | H1: f_compound | I1: f_feed | J1: parameter | K1: value | L1: unit | M1: description | N1: source
A2: Manure management systems shares
A3: cattle | C3: dairy | D3: cows | F3: liquid | J3: mms_share | K3: =INDEX(MMS!$S$9:$AF$13,MATCH(F3,MMS!$R$9:$R$13,0),MATCH(A3&C3&D3,MMS!$S$8:$AF$8,0)) -> 83.800623 | L3: % | N3: Swedish IIR 2023 Table 5-5
A4: cattle | C4: dairy | D4: cows | F4: solid | J4: mms_share | K4: =INDEX(MMS!$S$9:$AF$13,MATCH(F4,MMS!$R$9:$R$13,0),MATCH(A4&C4&D4,MMS!$S$8:$AF$8,0)) -> 9.3457944 | L4: % | N4: Swedish IIR 2023 Table 5-6
A5: cattle | C5: dairy | D5: cows | F5: deep litter | J5: mms_share | K5: =INDEX(MMS!$S$9:$AF$13,MATCH(F5,MMS!$R$9:$R$13,0),MATCH(A5&C5&D5,MMS!$S$8:$AF$8,0)) -> 1.2906097 | L5: % | N5: Swedish IIR 2023 Table 5-7
A6: cattle | C6: dairy | D6: cows | F6: anaerobic digestion | J6: mms_share | K6: =INDEX(MMS!$S$9:$AF$13,MATCH(F6,MMS!$R$9:$R$13,0),MATCH(A6&C6&D6,MMS!$S$8:$AF$8,0)) -> 5.5629729 | L6: % | N6: Swedish IIR 2023 Table 5-8 and 5-9
A7: cattle | C7: dairy | D7: cows | F7: composting | J7: mms_share | K7: =INDEX(MMS!$S$9:$AF$13,MATCH(F7,MMS!$R$9:$R$13,0),MATCH(A7&C7&D7,MMS!$S$8:$AF$8,0)) -> 0 | L7: % | N7: Swedish IIR 2023 Table 5-8
A8: cattle | C8: beef | D8: cows | F8: liquid | J8: mms_share | K8: =INDEX(MMS!$S$9:$AF$13,MATCH(F8,MMS!$R$9:$R$13,0),MATCH(A8&C8&D8,MMS!$S$8:$AF$8,0)) -> 22.222222 | L8: % | N8: Swedish IIR 2023 Table 5-5
A9: cattle | C9: beef | D9: cows | F9: solid | J9: mms_share | K9: =INDEX(MMS!$S$9:$AF$13,MATCH(F9,MMS!$R$9:$R$13,0),MATCH(A9&C9&D9,MMS!$S$8:$AF$8,0)) -> 30.405405 | L9: % | N9: Swedish IIR 2023 Table 5-6
A10: cattle | C10: beef | D10: cows | F10: deep litter | J10: mms_share | K10: =INDEX(MMS!$S$9:$AF$13,MATCH(F10,MMS!$R$9:$R$13,0),MATCH(A10&C10&D10,MMS!$S$8:$AF$8,0)) -> 44.81982 | L10: % | N10: Swedish IIR 2023 Table 5-7
A11: cattle | C11: beef | D11: cows | F11: anaerobic digestion | J11: mms_share | K11: =INDEX(MMS!$S$9:$AF$13,MATCH(F11,MMS!$R$9:$R$13,0),MATCH(A11&C11&D11,MMS!$S$8:$AF$8,0)) -> 2.5525526 | L11: % | N11: Swedish IIR 2023 Table 5-8 and 5-9
A12: cattle | C12: beef | D12: cows | F12: composting | J12: mms_share | K12: =INDEX(MMS!$S$9:$AF$13,MATCH(F12,MMS!$R$9:$R$13,0),MATCH(A12&C12&D12,MMS!$S$8:$AF$8,0)) -> 0 | L12: % | N12: Swedish IIR 2023 Table 5-8
A13: cattle | D13: heifers | F13: liquid | J13: mms_share | K13: =INDEX(MMS!$S$9:$AF$13,MATCH(F13,MMS!$R$9:$R$13,0),MATCH(A13&C13&D13,MMS!$S$8:$AF$8,0)) -> 50.379049 | L13: % | N13: Swedish IIR 2023 Table 5-5
A14: cattle | D14: heifers | F14: solid | J14: mms_share | K14: =INDEX(MMS!$S$9:$AF$13,MATCH(F14,MMS!$R$9:$R$13,0),MATCH(A14&C14&D14,MMS!$S$8:$AF$8,0)) -> 19.090283 | L14: % | N14: Swedish IIR 2023 Table 5-6
A15: cattle | D15: heifers | F15: deep litter | J15: mms_share | K15: =INDEX(MMS!$S$9:$AF$13,MATCH(F15,MMS!$R$9:$R$13,0),MATCH(A15&C15&D15,MMS!$S$8:$AF$8,0)) -> 26.533425 | L15: % | N15: Swedish IIR 2023 Table 5-7
A16: cattle | D16: heifers | F16: anaerobic digestion | J16: mms_share | K16: =INDEX(MMS!$S$9:$AF$13,MATCH(F16,MMS!$R$9:$R$13,0),MATCH(A16&C16&D16,MMS!$S$8:$AF$8,0)) -> 3.9972433 | L16: % | N16: Swedish IIR 2023 Table 5-8 and 5-9
A17: cattle | D17: heifers | F17: composting | J17: mms_share | K17: =INDEX(MMS!$S$9:$AF$13,MATCH(F17,MMS!$R$9:$R$13,0),MATCH(A17&C17&D17,MMS!$S$8:$AF$8,0)) -> 0 | L17: % | N17: Swedish IIR 2023 Table 5-8
A18: cattle | D18: steers | F18: liquid | J18: mms_share | K18: =INDEX(MMS!$S$9:$AF$13,MATCH(F18,MMS!$R$9:$R$13,0),MATCH(A18&C18&D18,MMS!$S$8:$AF$8,0)) -> 50.379049 | L18: % | N18: Swedish IIR 2023 Table 5-5
A19: cattle | D19: steers | F19: solid | J19: mms_share | K19: =INDEX(MMS!$S$9:$AF$13,MATCH(F19,MMS!$R$9:$R$13,0),MATCH(A19&C19&D19,MMS!$S$8:$AF$8,0)) -> 19.090283 | L19: % | N19: Swedish IIR 2023 Table 5-6
A20: cattle | D20: steers | F20: deep litter | J20: mms_share | K20: =INDEX(MMS!$S$9:$AF$13,MATCH(F20,MMS!$R$9:$R$13,0),MATCH(A20&C20&D20,MMS!$S$8:$AF$8,0)) -> 26.533425 | L20: % | N20: Swedish IIR 2023 Table 5-7
A21: cattle | D21: steers | F21: anaerobic digestion | J21: mms_share | K21: =INDEX(MMS!$S$9:$AF$13,MATCH(F21,MMS!$R$9:$R$13,0),MATCH(A21&C21&D21,MMS!$S$8:$AF$8,0)) -> 3.9972433 | L21: % | N21: Swedish IIR 2023 Table 5-8 and 5-9
A22: cattle | D22: steers | F22: composting | J22: mms_share | K22: =INDEX(MMS!$S$9:$AF$13,MATCH(F22,MMS!$R$9:$R$13,0),MATCH(A22&C22&D22,MMS!$S$8:$AF$8,0)) -> 0 | L22: % | N22: Swedish IIR 2023 Table 5-8
A23: cattle | D23: bulls | F23: liquid | J23: mms_share | K23: =INDEX(MMS!$S$9:$AF$13,MATCH(F23,MMS!$R$9:$R$13,0),MATCH(A23&C23&D23,MMS!$S$8:$AF$8,0)) -> 44.8394 | L23: % | N23: Swedish IIR 2023 Table 5-5
A24: cattle | D24: bulls | F24: solid | J24: mms_share | K24: =INDEX(MMS!$S$9:$AF$13,MATCH(F24,MMS!$R$9:$R$13,0),MATCH(A24&C24&D24,MMS!$S$8:$AF$8,0)) -> 19.914347 | L24: % | N24: Swedish IIR 2023 Table 5-6
... A37: cattle | D37: breeding bulls | F37: composting | J37: mms_share | K37: =INDEX(MMS!$S$9:$AF$13,MATCH(F37,MMS!$R$9:$R$13,0),MATCH(A37&C37&D37,MMS!$S$8:$AF$8,0)) -> 0 | L37: % | N37: Swedish IIR 2023 Table 5-8
A38: horses | F38: liquid | J38: mms_share | K38: =INDEX(MMS!$S$9:$AF$13,MATCH(F38,MMS!$R$9:$R$13,0),MATCH(A38&C38&D38,MMS!$S$8:$AF$8,0)) -> 0 | L38: % | N38: Swedish IIR 2023 Table 5-5
A39: horses | F39: solid | J39: mms_share | K39: =INDEX(MMS!$S$9:$AF$13,MATCH(F39,MMS!$R$9:$R$13,0),MATCH(A39&C39&D39,MMS!$S$8:$AF$8,0)) -> 66 | L39: % | N39: Swedish IIR 2023 Table 5-6
A40: horses | F40: deep litter | J40: mms_share | K40: =INDEX(MMS!$S$9:$AF$13,MATCH(F40,MMS!$R$9:$R$13,0),MATCH(A40&C40&D40,MMS!$S$8:$AF$8,0)) -> 4 | L40: % | N40: Swedish IIR 2023 Table 5-7
A41: horses | F41: anaerobic digestion | J41: mms_share | K41: =INDEX(MMS!$S$9:$AF$13,MATCH(F41,MMS!$R$9:$R$13,0),MATCH(A41&C41&D41,MMS!$S$8:$AF$8,0)) -> 0 | L41: % | N41: Swedish IIR 2023 Table 5-8 and 5-9
A42: horses | F42: composting | J42: mms_share | K42: =INDEX(MMS!$S$9:$AF$13,MATCH(F42,MMS!$R$9:$R$13,0),MATCH(A42&C42&D42,MMS!$S$8:$AF$8,0)) -> 30 | L42: % | N42: Swedish IIR 2023 Table 5-8
A43: sheep | F43: liquid | J43: mms_share | K43: =INDEX(MMS!$S$9:$AF$13,MATCH(F43,MMS!$R$9:$R$13,0),MATCH(A43&C43&D43,MMS!$S$8:$AF$8,0)) -> 0 | L43: % | N43: Swedish IIR 2023 Table 5-5
A44: sheep | F44: solid | J44: mms_share | K44: =INDEX(MMS!$S$9:$AF$13,MATCH(F44,MMS!$R$9:$R$13,0),MATCH(A44&C44&D44,MMS!$S$8:$AF$8,0)) -> 100 | L44: % | N44: Swedish IIR 2023 Table 5-6
A45: sheep | F45: deep litter | J45: mms_share | K45: =INDEX(MMS!$S$9:$AF$13,MATCH(F45,MMS!$R$9:$R$13,0),MATCH(A45&C45&D45,MMS!$S$8:$AF$8,0)) -> 0 | L45: % | N45: Swedish IIR 2023 Table 5-7
A46: sheep | F46: anaerobic digestion | J46: mms_share | K46: =INDEX(MMS!$S$9:$AF$13,MATCH(F46,MMS!$R$9:$R$13,0),MATCH(A46&C46&D46,MMS!$S$8:$AF$8,0)) -> 0 | L46: % | N46: Swedish IIR 2023 Table 5-8 and 5-9
A47: sheep | F47: composting | J47: mms_share | K47: =INDEX(MMS!$S$9:$AF$13,MATCH(F47,MMS!$R$9:$R$13,0),MATCH(A47&C47&D47,MMS!$S$8:$AF$8,0)) -> 0 | L47: % | N47: Swedish IIR 2023 Table 5-8
A48: pigs | F48: liquid | J48: mms_share | K48: =INDEX(MMS!$S$9:$AF$13,MATCH(F48,MMS!$R$9:$R$13,0),MATCH(A48&C48&D48,MMS!$S$8:$AF$8,0)) -> 47.115705 | L48: % | N48: Swedish IIR 2023 Table 5-5
A49: pigs | F49: solid | J49: mms_share | K49: =INDEX(MMS!$S$9:$AF$13,MATCH(F49,MMS!$R$9:$R$13,0),MATCH(A49&C49&D49,MMS!$S$8:$AF$8,0)) -> 27.875959 | L49: % | N49: Swedish IIR 2023 Table 5-6
... A52: pigs | F52: composting | J52: mms_share | K52: =INDEX(MMS!$S$9:$AF$13,MATCH(F52,MMS!$R$9:$R$13,0),MATCH(A52&C52&D52,MMS!$S$8:$AF$8,0)) -> 0 | L52: % | N52: Swedish IIR 2023 Table 5-8
A53: pigs | D53: growing pigs | F53: liquid | J53: mms_share | K53: =INDEX(MMS!$S$9:$AF$13,MATCH(F53,MMS!$R$9:$R$13,0),MATCH(A53&C53&D53,MMS!$S$8:$AF$8,0)) -> 79.533333 | L53: % | N53: Swedish IIR 2023 Table 5-5
A54: pigs | D54: growing pigs | F54: solid | J54: mms_share | K54: =INDEX(MMS!$S$9:$AF$13,MATCH(F54,MMS!$R$9:$R$13,0),MATCH(A54&C54&D54,MMS!$S$8:$AF$8,0)) -> 2.6666667 | L54: % | N54: Swedish IIR 2023 Table 5-6
A55: pigs | D55: growing pigs | F55: deep litter | J55: mms_share | K55: =INDEX(MMS!$S$9:$AF$13,MATCH(F55,MMS!$R$9:$R$13,0),MATCH(A55&C55&D55,MMS!$S$8:$AF$8,0)) -> 1.1666667 | L55: % | N55: Swedish IIR 2023 Table 5-7
A56: pigs | D56: growing pigs | F56: anaerobic digestion | J56: mms_share | K56: =INDEX(MMS!$S$9:$AF$13,MATCH(F56,MMS!$R$9:$R$13,0),MATCH(A56&C56&D56,MMS!$S$8:$AF$8,0)) -> 16.633333 | L56: % | N56: Swedish IIR 2023 Table 5-8 and 5-9
A57: pigs | D57: growing pigs | F57: composting | J57: mms_share | K57: =INDEX(MMS!$S$9:$AF$13,MATCH(F57,MMS!$R$9:$R$13,0),MATCH(A57&C57&D57,MMS!$S$8:$AF$8,0)) -> 0 | L57: % | N57: Swedish IIR 2023 Table 5-8
A58: pigs | D58: finishing pigs | F58: liquid | J58: mms_share | K58: =INDEX(MMS!$S$9:$AF$13,MATCH(F58,MMS!$R$9:$R$13,0),MATCH(A58&C58&D58,MMS!$S$8:$AF$8,0)) -> 79.533333 | L58: % | N58: Swedish IIR 2023 Table 5-5
A59: pigs | D59: finishing pigs | F59: solid | J59: mms_share | K59: =INDEX(MMS!$S$9:$AF$13,MATCH(F59,MMS!$R$9:$R$13,0),MATCH(A59&C59&D59,MMS!$S$8:$AF$8,0)) -> 2.6666667 | L59: % | N59: Swedish IIR 2023 Table 5-6
A60: pigs | D60: finishing pigs | F60: deep litter | J60: mms_share | K60: =INDEX(MMS!$S$9:$AF$13,MATCH(F60,MMS!$R$9:$R$13,0),MATCH(A60&C60&D60,MMS!$S$8:$AF$8,0)) -> 1.1666667 | L60: % | N60: Swedish IIR 2023 Table 5-7
A61: pigs | D61: finishing pigs | F61: anaerobic digestion | J61: mms_share | K61: =INDEX(MMS!$S$9:$AF$13,MATCH(F61,MMS!$R$9:$R$13,0),MATCH(A61&C61&D61,MMS!$S$8:$AF$8,0)) -> 16.633333 | L61: % | N61: Swedish IIR 2023 Table 5-8 and 5-9
A62: pigs | D62: finishing pigs | F62: composting | J62: mms_share | K62: =INDEX(MMS!$S$9:$AF$13,MATCH(F62,MMS!$R$9:$R$13,0),MATCH(A62&C62&D62,MMS!$S$8:$AF$8,0)) -> 0 | L62: % | N62: Swedish IIR 2023 Table 5-8
A63: poultry | F63: liquid | J63: mms_share | K63: =INDEX(MMS!$S$9:$AF$13,MATCH(F63,MMS!$R$9:$R$13,0),MATCH(A63&C63&D63,MMS!$S$8:$AF$8,0)) -> 7.7 | L63: % | N63: Swedish IIR 2023 Table 5-5
A64: poultry | F64: solid | J64: mms_share | K64: =INDEX(MMS!$S$9:$AF$13,MATCH(F64,MMS!$R$9:$R$13,0),MATCH(A64&C64&D64,MMS!$S$8:$AF$8,0)) -> 85.966667 | L64: % | N64: Swedish IIR 2023 Table 5-6
A65: poultry | F65: deep litter | J65: mms_share | K65: =INDEX(MMS!$S$9:$AF$13,MATCH(F65,MMS!$R$9:$R$13,0),MATCH(A65&C65&D65,MMS!$S$8:$AF$8,0)) -> 6.3333333 | L65: % | N65: Swedish IIR 2023 Table 5-7
A66: poultry | F66: anaerobic digestion | J66: mms_share | K66: =INDEX(MMS!$S$9:$AF$13,MATCH(F66,MMS!$R$9:$R$13,0),MATCH(A66&C66&D66,MMS!$S$8:$AF$8,0)) -> 0 | L66: % | N66: Swedish IIR 2023 Table 5-8 and 5-9
A67: poultry | F67: composting | J67: mms_share | K67: =INDEX(MMS!$S$9:$AF$13,MATCH(F67,MMS!$R$9:$R$13,0),MATCH(A67&C67&D67,MMS!$S$8:$AF$8,0)) -> 0 | L67: % | N67: Swedish IIR 2023 Table 5-8
A68: poultry | C68: broiler | D68: broilers | F68: liquid | J68: mms_share | K68: =INDEX(MMS!$S$9:$AF$13,MATCH(F68,MMS!$R$9:$R$13,0),MATCH(A68&C68&D68,MMS!$S$8:$AF$8,0)) -> 0 | L68: % | N68: Swedish IIR 2023 Table 5-5
A69: poultry | C69: broiler | D69: broilers | F69: solid | J69: mms_share | K69: =INDEX(MMS!$S$9:$AF$13,MATCH(F69,MMS!$R$9:$R$13,0),MATCH(A69&C69&D69,MMS!$S$8:$AF$8,0)) -> 0 | L69: % | N69: Swedish IIR 2023 Table 5-6
A70: poultry | C70: broiler | D70: broilers | F70: deep litter | J70: mms_share | K70: =INDEX(MMS!$S$9:$AF$13,MATCH(F70,MMS!$R$9:$R$13,0),MATCH(A70&C70&D70,MMS!$S$8:$AF$8,0)) -> 100 | L70: % | N70: Swedish IIR 2023 Table 5-7
A71: poultry | C71: broiler | D71: broilers | F71: anaerobic digestion | J71: mms_share | K71: =INDEX(MMS!$S$9:$AF$13,MATCH(F71,MMS!$R$9:$R$13,0),MATCH(A71&C71&D71,MMS!$S$8:$AF$8,0)) -> 0 | L71: % | N71: Swedish IIR 2023 Table 5-8 and 5-9
A72: poultry | C72: broiler | D72: broilers | F72: composting | J72: mms_share | K72: =INDEX(MMS!$S$9:$AF$13,MATCH(F72,MMS!$R$9:$R$13,0),MATCH(A72&C72&D72,MMS!$S$8:$AF$8,0)) -> 0 | L72: % | N72: Swedish IIR 2023 Table 5-8
J74: share_feed_on_pasture | K74: 0 | L74: % | M74: Share of feed (excl. grazing) fed to the animals while on pasture
A76: Bedding material use | L76: kg DM/head/stable day
J78: bedding_material_use | K78: 0 | M78: fallback
A80: cattle | C80: dairy | D80: cows | I80: straw | J80: bedding_material_use | K80: =1.5*0.85 -> 1.275 | N80: Nilsson & Bernesson (2009) Tabell 34
A81: cattle | C81: beef | D81: cows | I81: straw | J81: bedding_material_use | K81: =5.5*0.85 -> 4.675 | N81: Nilsson & Bernesson (2009) Tabell 34
A82: cattle | D82: calves | I82: straw | J82: bedding_material_use | K82: =5*0.85 -> 4.25 | N82: Nilsson & Bernesson (2009) Tabell 34
A83: cattle | D83: heifers | I83: straw | J83: bedding_material_use | K83: =3.5*0.85 -> 2.975 | N83: Nilsson & Bernesson (2009) Tabell 34
A84: cattle | D84: steers | I84: straw | J84: bedding_material_use | K84: =K83 -> 2.975 | N84: Nilsson & Bernesson (2009) Tabell 34
A85: cattle | D85: bulls | I85: straw | J85: bedding_material_use | K85: =K83 -> 2.975 | N85: Nilsson & Bernesson (2009) Tabell 34
A86: cattle | D86: breeding bulls | I86: straw | J86: bedding_material_use | K86: =K83 -> 2.975 | N86: Nilsson & Bernesson (2009) Tabell 34
A88: horses | I88: straw | J88: bedding_material_use | K88: =6*0.85 -> 5.1 | N88: Nilsson & Bernesson (2009) Tabell 34
A90: sheep | D90: ewes | I90: straw | J90: bedding_material_use | K90: =100/(365.25/2)*0.85 -> 0.46543463 | M90: includes lambs | N90: Nilsson & Bernesson (2009) Tabell 34
A92: pigs | D92: sows | I92: straw | J92: bedding_material_use | K92: =1.5*0.85 -> 1.275 | N92: Nilsson & Bernesson (2009) Tabell 34
A93: pigs | D93: boars | I93: straw | J93: bedding_material_use | K93: 0
A94: pigs | D94: gilts | I94: straw | J94: bedding_material_use | K94: =K96 -> 0.0595 | M94: assume same as pigs
A95: pigs | D95: piglets | I95: straw | J95: bedding_material_use | K95: 0 | M95: assumed included in sows | N95: Nilsson & Bernesson (2009) Tabell 34
A96: pigs | D96: growing pigs | I96: straw | J96: bedding_material_use | K96: =0.07*0.85 -> 0.0595 | N96: Nilsson & Bernesson (2009) Tabell 34
A97: pigs | D97: finishing pigs | I97: straw | J97: bedding_material_use | K97: =K96 -> 0.0595
A99: poultry | C99: layer
A101: poultry | C101: broiler
A103: Volatile solids (VS)
A104: Excretion
J105: UE_of_GE | K105: 0.04 | L105: MJ UE/MJ GE | M105: Urinary energy expressed as fraction of GE | N105: IPCC 2006 Vol. 4 Eq. 10.24
A106: pigs | J106: UE_of_GE | K106: 0.02 | L106: MJ UE/MJ GE | N106: IPCC 2006 Vol. 4 Eq. 10.24
A108: Losses
J109: methane_B0 | K109: 0 | L109: m3 CH4/kg VS | M109: Fallback
A110: cattle | C110: dairy | D110: cows | J110: methane_B0 | K110: 0.24 | L110: m3 CH4/kg VS | N110: NIR 2022 Table 5.18
A111: cattle | J111: methane_B0 | K111: 0.18 | L111: m3 CH4/kg VS | N111: NIR 2022 Table 5.18
A112: sheep | J112: methane_B0 | K112: 0.19 | L112: m3 CH4/kg VS | N112: IPCC 2006 Vol.4 Table 10A-9
A113: horses | J113: methane_B0 | K113: 0.3 | L113: m3 CH4/kg VS | N113: IPCC 2006 Vol.4 Table 10A-9
A114: pigs | J114: methane_B0 | K114: 0.45 | L114: m3 CH4/kg VS | N114: NIR 2022 Table 5.18
A115: poultry | C115: broiler | J115: methane_B0 | K115: 0.36 | L115: m3 CH4/kg VS | N115: IPCC 2006 Vol.4 Table 10A-9
A116: poultry | C116: layer | J116: methane_B0 | K116: 0.39 | L116: m3 CH4/kg VS | N116: IPCC 2006 Vol.4 Table 10A-9
F118: grazing | J118: methane_MCF | K118: 1 | L118: % of B0 | N118: NIR 2022 Table 5.18
F119: liquid | J119: methane_MCF | K119: 3.5 | L119: % of B0 | N119: NIR 2022 Table 5.18
F120: solid | J120: methane_MCF | K120: 2 | L120: % of B0 | N120: NIR 2022 Table 5.18
F121: deep litter | J121: methane_MCF | K121: 17 | L121: % of B0 | N121: NIR 2022 Table 5.18
F122: composting | J122: methane_MCF | K122: 0.5 | L122: % of B0 | N122: NIR 2022 Table 5.18
F123: anaerobic digestion | J123: methane_MCF | K123: 10.7 | L123: % of B0 | N123: NIR 2022 Table 5.18
J125: manure_VS_C | K125: 55 | L125: % | M125: Fraction of carbon in excreted manure volatile solids | N125: Rundgren 2021
J126: C_loss | K126: 10 | L126: % | M126: Fraction of carbon in excreted manure lost before application to soil | N126: Rundgren 2021
F127: grazing | J127: C_loss | K127: 0 | L127: %
...

Sheet MMS
B2: Source: Informative Inventory Report Sweden 2023. Submitted under the Convention on Long-Range Transboundary Air Pollution
R4: Excluding grazing
B5: species | C5: cattle | D5: cattle | E5: cattle | F5: cattle | G5: cattle | H5: cattle | I5: cattle | J5: horses | K5: sheep | L5: pigs | M5: pigs | N5: pigs | O5: poultry | P5: poultry | R5: species | S5: cattle | T5: cattle | U5: cattle | V5: cattle | W5: cattle | X5: cattle | Y5: cattle | Z5: horses | AA5: sheep | AB5: pigs | AC5: pigs | AD5: pigs | AE5: poultry | AF5: poultry
B6: breed | C6: dairy | D6: beef | P6: broiler | R6: breed | S6: dairy | T6: beef | AF6: broiler
B7: animal | C7: cows | D7: cows | E7: heifers | F7: steers | G7: bulls | H7: calves | I7: breeding bulls | M7: growing pigs | N7: finishing pigs | P7: broilers | R7: animal | S7: cows | T7: cows | U7: heifers | V7: steers | W7: bulls | X7: calves | Y7: breeding bulls | AC7: growing pigs | AD7: finishing pigs | AF7: broilers
B8: grazing | C8: =C27 -> 25.033333 | D8: =D27 -> 55.633333 | E8: =E27 -> 51.7 | F8: =E8 -> 51.7 | G8: =F27 -> 22.133333 | H8: =G27 -> 34.366667 | I8: =G8 -> 22.133333 | J8: =K27 -> 50 | K8: =I27 -> 50 | L8: 0 | M8: 0 | N8: 0 | O8: 0 | P8: 0 | R8: id | S8: =S5&S6&S7 -> cattledairycows | T8: =T5&T6&T7 -> cattlebeefcows | U8: =U5&U6&U7 -> cattleheifers | V8: =V5&V6&V7 -> cattlesteers | W8: =W5&W6&W7 -> cattlebulls | X8: =X5&X6&X7 -> cattlecalves | Y8: =Y5&Y6&Y7 -> cattlebreeding bulls | Z8: =Z5&Z6&Z7 -> horses | ... AF8: =AF5&AF6&AF7 -> poultrybroilerbroilers
B9: liquid | C9: =C40 -> 62.766667 | D9: =D40 -> 9.8666667 | E9: =E40 -> 24.366667 | F9: =E9 -> 24.366667 | G9: =F40 -> 34.9 | H9: =G40 -> 16.633333 | I9: =G9 -> 34.9 | J9: =J40 -> 0 | K9: =J40 -> 0 | L9: =I40 -> 47.1 | M9: =H40 -> 79.533333 | N9: =M9 -> 79.533333 | O9: =K40 -> 7.7 | P9: =L40 -> 0 | R9: liquid | S9: =C9/SUM(C$9:C$13)*100 -> 83.800623 | T9: =D9/SUM(D$9:D$13)*100 -> 22.222222 | U9: =E9/SUM(E$9:E$13)*100 -> 50.379049 | V9: =F9/SUM(F$9:F$13)*100 -> 50.379049 | W9: =G9/SUM(G$9:G$13)*100 -> 44.8394 | X9: =H9/SUM(H$9:H$13)*100 -> 25.355691 | Y9: =I9/SUM(I$9:I$13)*100 -> 44.8394 | Z9: =J9/SUM(J$9:J$13)*100 -> 0 | ... AF9: =P9/SUM(P$9:P$13)*100 -> 0
B10: solid | C10: =C53 -> 7 | D10: =D53 -> 13.5 | E10: =E53 -> 9.2333333 | F10: =E10 -> 9.2333333 | G10: =F53 -> 15.5 | H10: =G53 -> 13.333333 | I10: =G10 -> 15.5 | J10: =M53 -> 33 | K10: =J53 -> 50 | L10: =I53 -> 27.866667 | M10: =H53 -> 2.6666667 | N10: =M10 -> 2.6666667 | O10: =N53 -> 85.966667 | P10: =O53 -> 0 | R10: solid | S10: =C10/SUM(C$9:C$13)*100 -> 9.3457944 | T10: =D10/SUM(D$9:D$13)*100 -> 30.405405 | U10: =E10/SUM(E$9:E$13)*100 -> 19.090283 | V10: =F10/SUM(F$9:F$13)*100 -> 19.090283 | W10: =G10/SUM(G$9:G$13)*100 -> 19.914347 | X10: =H10/SUM(H$9:H$13)*100 -> 20.325203 | Y10: =I10/SUM(I$9:I$13)*100 -> 19.914347 | Z10: =J10/SUM(J$9:J$13)*100 -> 66 | ... AF10: =P10/SUM(P$9:P$13)*100 -> 0
B11: deep litter | C11: =C66 -> 0.96666667 | D11: =D66 -> 19.9 | E11: =E66 -> 12.833333 | F11: =E11 -> 12.833333 | G11: =F66 -> 24.533333 | H11: =G66 -> 33.833333 | I11: =G11 -> 24.533333 | J11: =K66 -> 2 | K11: =J66 -> 0 | L11: =I66 -> 15.2 | M11: =H66 -> 1.1666667 | N11: =M11 -> 1.1666667 | O11: =L66 -> 6.3333333 | P11: =M66 -> 100 | R11: deep litter | S11: =C11/SUM(C$9:C$13)*100 -> 1.2906097 | T11: =D11/SUM(D$9:D$13)*100 -> 44.81982 | U11: =E11/SUM(E$9:E$13)*100 -> 26.533425 | V11: =F11/SUM(F$9:F$13)*100 -> 26.533425 | W11: =G11/SUM(G$9:G$13)*100 -> 31.520343 | X11: =H11/SUM(H$9:H$13)*100 -> 51.575203 | Y11: =I11/SUM(I$9:I$13)*100 -> 31.520343 | Z11: =J11/SUM(J$9:J$13)*100 -> 4 | ... AF11: =P11/SUM(P$9:P$13)*100 -> 100
B12: anaerobic digestion | C12: =C80+C94 -> 4.1666667 | D12: =D80+D94 -> 1.1333333 | E12: =E80+E94 -> 1.9333333 | F12: =E12 -> 1.9333333 | G12: =F80+F94 -> 2.9 | H12: =G80+G94 -> 1.8 | I12: =G12 -> 2.9 | J12: 0 | K12: 0 | L12: =J80+J94 -> 9.8 | M12: =I80+I94 -> 16.633333 | N12: =M12 -> 16.633333 | O12: 0 | P12: 0 | R12: anaerobic digestion | S12: =C12/SUM(C$9:C$13)*100 -> 5.5629729 | T12: =D12/SUM(D$9:D$13)*100 -> 2.5525526 | U12: =E12/SUM(E$9:E$13)*100 -> 3.9972433 | V12: =F12/SUM(F$9:F$13)*100 -> 3.9972433 | W12: =G12/SUM(G$9:G$13)*100 -> 3.7259101 | X12: =H12/SUM(H$9:H$13)*100 -> 2.7439024 | Y12: =I12/SUM(I$9:I$13)*100 -> 3.7259101 | Z12: =J12/SUM(J$9:J$13)*100 -> 0 | ... AF12: =P12/SUM(P$9:P$13)*100 -> 0
B13: composting | C13: 0 | D13: 0 | E13: 0 | F13: =E13 -> 0 | G13: 0 | H13: 0 | I13: =G13 -> 0 | J13: =L80 -> 15 | K13: 0 | L13: 0 | M13: 0 | N13: 0 | O13: 0 | P13: 0 | R13: composting | S13: =C13/SUM(C$9:C$13)*100 -> 0 | T13: =D13/SUM(D$9:D$13)*100 -> 0 | U13: =E13/SUM(E$9:E$13)*100 -> 0 | V13: =F13/SUM(F$9:F$13)*100 -> 0 | W13: =G13/SUM(G$9:G$13)*100 -> 0 | X13: =H13/SUM(H$9:H$13)*100 -> 0 | Y13: =I13/SUM(I$9:I$13)*100 -> 0 | Z13: =J13/SUM(J$9:J$13)*100 -> 30 | ... AF13: =P13/SUM(P$9:P$13)*100 -> 0
B14: total | C14: =SUM(C8:C13) -> 99.933333 | D14: =SUM(D8:D13) -> 100.03333 | E14: =SUM(E8:E13) -> 100.06667 | F14: =SUM(F8:F13) -> 100.06667 | G14: =SUM(G8:G13) -> 99.966667 | H14: =SUM(H8:H13) -> 99.966667 | I14: =SUM(I8:I13) -> 99.966667 | J14: =SUM(J8:J13) -> 100 | ... P14: =SUM(P8:P13) -> 100 | R14: total | S14: =SUM(S9:S13) -> 100 | T14: =SUM(T9:T13) -> 100 | U14: =SUM(U9:U13) -> 100 | V14: =SUM(V9:V13) -> 100 | W14: =SUM(W9:W13) -> 100 | X14: =SUM(X9:X13) -> 100 | Y14: =SUM(Y9:Y13) -> 100 | Z14: =SUM(Z9:Z13) -> 100 | ... AF14: =SUM(AF9:AF13) -> 100
B16: Table 5-4. Livestock grazing periods (percent).
B17: Year | C17: Dairy cattle | D17: Suckler cows | E17: Heifers | F17: Bulls and steers | G17: Calves | H17: Swine | I17: Sheep, Goats | J17: Reindeer | K17: Horses | L17: Poultry
B18: 1990 | C18: 24.8 | D18: 48.3 | E18: 45.8 | F18: 36.7 | G18: 35 | H18: NO | I18: 50 | J18: 100 | K18: 50 | L18: NO
B19: 1995 | C19: 24.8 | D19: 48.3 | E19: 45.8 | F19: 36.7 | G19: 35 | H19: NO | I19: 50 | J19: 100 | K19: 50 | L19: NO
B20: 2000 | C20: 24.8 | D20: 51.7 | E20: 49.2 | F20: 36.7 | G20: 36.7 | H20: NO | I20: 50 | J20: 100 | K20: 50 | L20: NO
B21: 2005 | C21: 26.1 | D21: 58.9 | E21: 53.7 | F21: 30.2 | G21: 36.6 | H21: NO | I21: 50 | J21: 100 | K21: 50 | L21: NO
B22: 2010 | C22: 25 | D22: 54.1 | E22: 51.7 | F22: 26.4 | G22: 31.4 | H22: NO | I22: 50 | J22: 100 | K22: 50 | L22: NO
B23: 2015 | C23: 24.5 | D23: 52.1 | E23: 49.7 | F23: 18.6 | G23: 31.7 | H23: NO | I23: 50 | J23: 100 | K23: 50 | L23: NO
B24: 2019 | C24: 25.3 | D24: 57.4 | E24: 52.7 | F24: 23.9 | G24: 35.7 | H24: NO | I24: 50 | J24: 100 | K24: 50 | L24: NO
B25: 2020 | C25: 25.3 | D25: 57.4 | E25: 52.7 | F25: 23.9 | G25: 35.7 | H25: NO | I25: 50 | J25: 100 | K25: 50 | L25: NO
B26: 2021 | C26: 25.3 | D26: 57.4 | E26: 52.7 | F26: 23.9 | G26: 35.7 | H26: NO | I26: 50 | J26: 100 | K26: 50 | L26: NO
B27: Avg. | C27: =AVERAGE(C23:C25) -> 25.033333 | D27: =AVERAGE(D23:D25) -> 55.633333 | E27: =AVERAGE(E23:E25) -> 51.7 | F27: =AVERAGE(F23:F25) -> 22.133333 | G27: =AVERAGE(G23:G25) -> 34.366667 | I27: =AVERAGE(I23:I25) -> 50 | J27: =AVERAGE(J23:J25) -> 100 | K27: =AVERAGE(K23:K25) -> 50
B29: Table 5-5. Liquid waste management systems (percent).
B30: Year | C30: Dairy cattle | D30: Suckler cows | E30: Heifers | F30: Bulls and steers | G30: Calves | H30: Pigs for meat production | I30: Other swine | J30: Sheep, goats, horses, reindeer and fur-bearing | K30: Laying Hens, Chickens | L30: Slaughter Chickens, Tur- keys
B31: 1990 | C31: 22.6 | D31: 15.5 | E31: 16.3 | F31: 19 | G31: 19.5 | H31: 44 | I31: 44 | J31: 0 | K31: 25 | L31: 0
B32: 1995 | C32: 30.6 | D32: 21 | E32: 22 | F32: 25.8 | G32: 26.5 | H32: 63 | I32: 63 | J32: 0 | K32: 25 | L32: 0
B33: 2000 | C33: 39 | D33: 12.5 | E33: 13.2 | F33: 16.4 | G33: 16.4 | H33: 80.5 | I33: 25.8 | J33: 0 | K33: 25 | L33: 0
B34: 2005 | C34: 50.8 | D34: 5.9 | E34: 19.6 | F34: 22.5 | G34: 18.9 | H34: 91.3 | I34: 31.8 | J34: 0 | K34: 20.8 | L34: 0
B35: 2010 | C35: 57.1 | D35: 11.2 | E35: 22.3 | F35: 28.6 | G35: 16.8 | H35: 91.3 | I35: 60.4 | J35: 0 | K35: 12 | L35: 0
B36: 2015 | C36: 60.4 | D36: 10 | E36: 24.9 | F36: 31.4 | G36: 16.1 | H36: 81.4 | I36: 49.7 | J36: 0 | K36: 9.3 | L36: 0
B37: 2019 | C37: 64.1 | D37: 9.8 | E37: 24.2 | F37: 36.7 | G37: 16.9 | H37: 78.9 | I37: 46 | J37: 0 | K37: 6.9 | L37: 0
B38: 2020 | C38: 63.8 | D38: 9.8 | E38: 24 | F38: 36.6 | G38: 16.9 | H38: 78.3 | I38: 45.6 | J38: 0 | K38: 6.9 | L38: 0
B39: 2021 | C39: 63.7 | D39: 9.7 | E39: 24 | F39: 36.5 | G39: 16.8 | H39: 77.8 | I39: 45.4 | J39: 0 | K39: 6.9 | L39: 0
B40: Avg. | C40: =AVERAGE(C36:C38) -> 62.766667 | D40: =AVERAGE(D36:D38) -> 9.8666667 | E40: =AVERAGE(E36:E38) -> 24.366667 | F40: =AVERAGE(F36:F38) -> 34.9 | G40: =AVERAGE(G36:G38) -> 16.633333 | H40: =AVERAGE(H36:H38) -> 79.533333 | I40: =AVERAGE(I36:I38) -> 47.1 | J40: =AVERAGE(J36:J38) -> 0 | ... L40: =AVERAGE(L36:L38) -> 0
B42: Table 5-6. Solid waste management systems (percent).
B43: Year | C43: Dairy cattle | D43: Suckler cows | E43: Heifers | F43: Bulls and steers | G43: Calves | H43: Pigs for meat production | I43: Other swine | J43: Sheep, goats | K43: Reindeer | L43: Fur-bearing animals | M43: Horses | N43: Laying Hens, Chickens | O43: Slaughter Chickens, Turkeys
B44: 1990 | C44: 51.9 | D44: 28.9 | E44: 30.3 | F44: 35.5 | G44: 36.4 | H44: 54 | I44: 45 | J44: 50 | K44: 0 | L44: 100 | M44: 33 | N44: 55 | O44: 0
B45: 1995 | C45: 43.8 | D45: 23.4 | E45: 24.5 | F45: 28.7 | G45: 29.4 | H45: 35 | I45: 26 | J45: 50 | K45: 0 | L45: 100 | M45: 33 | N45: 55 | O45: 0
B46: 2000 | C46: 35.3 | D46: 28 | E46: 29.5 | F46: 36.7 | G46: 36.7 | H46: 18 | I46: 67 | J46: 50 | K46: 0 | L46: 100 | M46: 33 | N46: 55 | O46: 0
B47: 2005 | C47: 22.4 | D47: 19 | E47: 16.7 | F47: 27.2 | G47: 22.8 | H47: 6.2 | I47: 45.6 | J47: 50 | K47: 0 | L47: 100 | M47: 33 | N47: 72.6 | O47: 0
B48: 2010 | C48: 16.4 | D48: 20.1 | E48: 15.2 | F48: 25.8 | G48: 22 | H48: 5.2 | I48: 30.4 | J48: 50 | K48: 0 | L48: 100 | M48: 33 | N48: 88 | O48: 0
B49: 2015 | C49: 10.8 | D49: 19.9 | E49: 11.9 | F49: 25.3 | G49: 16.1 | H49: 3.4 | I49: 36 | J49: 50 | K49: 0 | L49: 100 | M49: 33 | N49: 78.1 | O49: 0
B50: 2019 | C50: 5.1 | D50: 10.3 | E50: 7.9 | F50: 10.6 | G50: 12 | H50: 2.3 | I50: 23.8 | J50: 50 | K50: 0 | L50: 100 | M50: 33 | N50: 89.9 | O50: 0
B51: 2020 | C51: 5.1 | D51: 10.3 | E51: 7.9 | F51: 10.6 | G51: 11.9 | H51: 2.3 | I51: 23.8 | J51: 50 | K51: 0 | L51: 100 | M51: 33 | N51: 89.9 | O51: 0
B52: 2021 | C52: 5.1 | D52: 10.3 | E52: 7.9 | F52: 10.6 | G52: 11.9 | H52: 2.3 | I52: 23.8 | J52: 50 | K52: 0 | L52: 100 | M52: 33 | N52: 89.9 | O52: 0
B53: Avg. | C53: =AVERAGE(C49:C51) -> 7 | D53: =AVERAGE(D49:D51) -> 13.5 | E53: =AVERAGE(E49:E51) -> 9.2333333 | F53: =AVERAGE(F49:F51) -> 15.5 | G53: =AVERAGE(G49:G51) -> 13.333333 | H53: =AVERAGE(H49:H51) -> 2.6666667 | I53: =AVERAGE(I49:I51) -> 27.866667 | J53: =AVERAGE(J49:J51) -> 50 | ... O53: =AVERAGE(O49:O51) -> 0
B55: Table 5-7. Deep litter waste management systems (percent).
B56: Year | C56: Dairy cattle | D56: Suckler cows | E56: Heifers | F56: Bulls and steers | G56: Calves | H56: Pigs for meat production | I56: Other swine | J56: Sheep, goats, reindeer, Fur- bearing animals | K56: Horses | L56: Laying Hens, Chickens | M56: Slaughter Chickens, Turkeys
B57: 1990 | C57: 0.8 | D57: 7.2 | E57: 7.6 | F57: 8.9 | G57: 9.1 | H57: 2 | I57: 11 | J57: 0 | K57: 2 | L57: 20 | M57: 100
B58: 1995 | C58: 0.8 | D58: 7.2 | E58: 7.6 | F58: 8.9 | G58: 9.1 | H58: 2 | I58: 11 | J58: 0 | K58: 2 | L58: 20 | M58: 100
B59: 2000 | C59: 0.8 | D59: 7.7 | E59: 8.1 | F59: 10.1 | G59: 10.1 | H59: 1 | I59: 7 | J59: 0 | K59: 2 | L59: 20 | M59: 100
B60: 2005 | C60: 0.4 | D60: 16 | E60: 9.8 | F60: 19.9 | G60: 21.6 | H60: 1.3 | I60: 22.1 | J60: 0 | K60: 2 | L60: 6.6 | M60: 100
B61: 2010 | C61: 0.8 | D61: 14.5 | E61: 10.5 | F61: 18.8 | G61: 29.5 | H61: 0.9 | I61: 7.4 | J61: 0 | K61: 2 | L61: 0 | M61: 100
B62: 2015 | C62: 0.9 | D62: 17.1 | E62: 11.9 | F62: 22.4 | G62: 34.5 | H62: 1.5 | I62: 6 | J62: 0 | K62: 2 | L62: 12.6 | M62: 100
B63: 2019 | C63: 1 | D63: 21.3 | E63: 13.3 | F63: 25.6 | G63: 33.5 | H63: 1 | I63: 19.8 | J63: 0 | K63: 2 | L63: 3.2 | M63: 100
B64: 2020 | C64: 1 | D64: 21.3 | E64: 13.3 | F64: 25.6 | G64: 33.5 | H64: 1 | I64: 19.8 | J64: 0 | K64: 2 | L64: 3.2 | M64: 100
B65: 2021 | C65: 1 | D65: 21.2 | E65: 13.3 | F65: 25.6 | G65: 33.5 | H65: 1 | I65: 19.8 | J65: 0 | K65: 2 | L65: 3.2 | M65: 100
B66: Avg. | C66: =AVERAGE(C62:C64) -> 0.96666667 | D66: =AVERAGE(D62:D64) -> 19.9 | E66: =AVERAGE(E62:E64) -> 12.833333 | F66: =AVERAGE(F62:F64) -> 24.533333 | G66: =AVERAGE(G62:G64) -> 33.833333 | H66: =AVERAGE(H62:H64) -> 1.1666667 | I66: =AVERAGE(I62:I64) -> 15.2 | J66: =AVERAGE(J62:J64) -> 0 | ... M66: =AVERAGE(M62:M64) -> 100
B68: Table 5-8. On-farm anaerobic digestion treatment and composting systems (percent). Affects only cattle, swine and horses.
B69: Year | C69: Anaerobic digestion in on-farm digesters | L69: Composting
C70: Dairy cattle | D70: Suckler cows | E70: Heifers | F70: Bulls and steers | G70: Calves | H70: Non-Dairy cattle | I70: Pigs for meat production | J70: Other swine | K70: Swine | L70: Horses
B71: 1990 | C71: 0 | D71: 0 | E71: 0 | F71: 0 | G71: 0 | H71: 0 | I71: 0 | J71: 0 | K71: 0 | L71: 15
B72: 1995 | C72: 0 | D72: 0 | E72: 0 | F72: 0 | G72: 0 | H72: 0 | I72: 0 | J72: 0 | K72: 0 | L72: 15
B73: 2000 | C73: 0 | D73: 0 | E73: 0 | F73: 0 | G73: 0 | H73: 0 | I73: 0.2 | J73: 0.1 | K73: 0.1 | L73: 15
B74: 2005 | C74: 0.1 | D74: 0 | E74: 0 | F74: 0.1 | G74: 0.1 | H74: 0 | I74: 0.4 | J74: 0.1 | K74: 0.3 | L74: 15
B75: 2010 | C75: 0.2 | D75: 0.1 | E75: 0.1 | F75: 0.1 | G75: 0.1 | H75: 0.1 | I75: 0.8 | J75: 0.6 | K75: 0.8 | L75: 15
B76: 2015 | C76: 1.2 | D76: 0.3 | E76: 0.6 | F76: 0.8 | G76: 0.5 | H76: 0.5 | I76: 4.7 | J76: 2.9 | K76: 4.2 | L76: 15
B77: 2019 | C77: 1.4 | D77: 0.4 | E77: 0.6 | F77: 1 | G77: 0.6 | H77: 0.6 | I77: 5.7 | J77: 3.3 | K77: 5.1 | L77: 15
B78: 2020 | C78: 1.7 | D78: 0.5 | E78: 0.8 | F78: 1.2 | G78: 0.7 | H78: 0.7 | I78: 6.6 | J78: 3.8 | K78: 5.9 | L78: 15
B79: 2021 | C79: 2 | D79: 0.5 | E79: 0.9 | F79: 1.4 | G79: 0.9 | H79: 0.9 | I79: 7.6 | J79: 4.5 | K79: 6.8 | L79: 15
B80: Avg. | C80: =AVERAGE(C76:C78) -> 1.4333333 | D80: =AVERAGE(D76:D78) -> 0.4 | E80: =AVERAGE(E76:E78) -> 0.66666667 | F80: =AVERAGE(F76:F78) -> 1 | G80: =AVERAGE(G76:G78) -> 0.6 | H80: =AVERAGE(H76:H78) -> 0.6 | I80: =AVERAGE(I76:I78) -> 5.6666667 | J80: =AVERAGE(J76:J78) -> 3.3333333 | ... L80: =AVERAGE(L76:L78) -> 15
B82: Table 5-9. Anaerobic digestion treatment in co-digesters (percent). These fractions of the manure are for storage accounted in the waste sector.
C83: Anaerobic digestion in co-digesters
C84: Dairy cattle | D84: Suckler cows | E84: Heifers | F84: Bulls and steers | G84: Calves | H84: Non-Dairy cattle | I84: Pigs for meat pro- duction | J84: Other swine | K84: Swine
B85: 1990 | C85: 0 | D85: 0 | E85: 0 | F85: 0 | G85: 0 | H85: 0 | I85: 0 | J85: 0 | K85: 0
B86: 1995 | C86: 0 | D86: 0 | E86: 0 | F86: 0 | G86: 0 | H86: 0 | I86: 0 | J86: 0 | K86: 0
B87: 2000 | C87: 0.1 | D87: 0 | E87: 0 | F87: 0.1 | G87: 0.1 | H87: 0 | I87: 0.4 | J87: 0.1 | K87: 0.3
B88: 2005 | C88: 0.2 | D88: 0.1 | E88: 0.1 | F88: 0.1 | G88: 0.1 | H88: 0.1 | I88: 0.9 | J88: 0.3 | K88: 0.7
B89: 2010 | C89: 0.5 | D89: 0.1 | E89: 0.2 | F89: 0.3 | G89: 0.2 | H89: 0.2 | I89: 1.8 | J89: 1.2 | K89: 1.6
B90: 2015 | C90: 2.2 | D90: 0.6 | E90: 1.1 | F90: 1.5 | G90: 1 | H90: 1 | I90: 8.9 | J90: 5.5 | K90: 8
B91: 2019 | C91: 3 | D91: 0.8 | E91: 1.3 | F91: 2.1 | G91: 1.3 | H91: 1.3 | I91: 12.1 | J91: 7 | K91: 10.8
B92: 2020 | C92: 3 | D92: 0.8 | E92: 1.4 | F92: 2.1 | G92: 1.3 | H92: 1.3 | I92: 11.9 | J92: 6.9 | K92: 10.6
B93: 2021 | C93: 2.9 | D93: 0.8 | E93: 1.3 | F93: 2 | G93: 1.3 | H93: 1.3 | I93: 11.3 | J93: 6.6 | K93: 10.1
B94: Avg. | C94: =AVERAGE(C90:C92) -> 2.7333333 | D94: =AVERAGE(D90:D92) -> 0.73333333 | E94: =AVERAGE(E90:E92) -> 1.2666667 | F94: =AVERAGE(F90:F92) -> 1.9 | G94: =AVERAGE(G90:G92) -> 1.2 | H94: =AVERAGE(H90:H92) -> 1.2 | I94: =AVERAGE(I90:I92) -> 10.966667 | J94: =AVERAGE(J90:J92) -> 6.4666667 | K94: =AVERAGE(K90:K92) -> 9.8
