Workbook

Sheet default
A1: f_input | B1: f_residue | C1: f_species | D1: f_MMS | E1: f_crop_group:crop | F1: f_po8:region | G1: f_region | H1: f_prod_system | I1: parameter | J1: value | K1: unit | L1: Description | M1: Source
I3: ky | J3: 0.26 | K3: year-1 | M3: Menichetti et al. (2024)
I4: ko | J4: 0.0097 | K4: year-1 | M4: Menichetti et al. (2024)
I6: re_crop | J6: 1 | K6: - | M6: Thomas Kätterer, pers. com.
E7: Ley | I7: re_crop | J7: 0.8 | K7: - | M7: Thomas Kätterer, pers. com.
F9: 1 Götalands södra slättbygder | I9: re_clim | J9: ='literature data'!Y90 -> 1.3301894 | K9: - | L9: Deduced from re and re_crop assumption | M9: Andrén et al. (2008)
F10: 2 Götalands mellanbygder | I10: re_clim | J10: ='literature data'!Y91 -> 1.125512 | K10: -
F11: 3 Götalands norra slättbygder | I11: re_clim | J11: ='literature data'!Y92 -> 1.0812095 | K11: -
F12: 4 Svealands slättbygder | I12: re_clim | J12: ='literature data'!Y93 -> 1.0925312 | K12: -
F13: 5 Götalands skogsbygder | I13: re_clim | J13: ='literature data'!Y94 -> 1.1204132 | K13: -
F14: 6 Mellersta Sveriges skogsbygder | I14: re_clim | J14: ='literature data'!Y95 -> 0.97003506 | K14: -
F15: 7 Nedre Norrland | I15: re_clim | J15: ='literature data'!Y96 -> 0.78943193 | K15: -
F16: 8 Övre Norrland | I16: re_clim | J16: ='literature data'!Y97 -> 0.7612582 | K16: -
A18: crop residues | B18: above ground | I18: h | J18: 0.09 | K18: - | M18: Menichetti et al. (2024)
A19: crop residues | B19: below ground | I19: h | J19: 0.36 | K19: - | M19: Menichetti et al. (2024)
A20: crop residues | B20: rhizodeposition | I20: h | J20: =J19 -> 0.36 | K20: -
A21: cover crop residues | B21: above ground | I21: h | J21: =J18 -> 0.09 | K21: -
A22: cover crop residues | B22: below ground | I22: h | J22: =J19 -> 0.36 | K22: -
A23: cover crop residues | B23: rhizodeposition | I23: h | J23: =J20 -> 0.36 | K23: -
A24: manure | I24: h | J24: 0.26 | K24: - | M24: Menichetti et al. (2024)
A25: manure | D25: anaerobic digestion | I25: h | J25: 0.26 | K25: - | L25: Same as manure? | M25: Menichetti et al. (2024)
A26: organic fertiliser | I26: h | J26: 0.26 | K26: - | L26: Same as manure? | M26: Menichetti et al. (2024)
I28: rhizodeposition | J28: 0.65 | L28: Fraction of below ground biomass C | M28: Menichetti et al. (2024)
A29: Crop residue calculation
I30: C_frac | J30: SoilC-crop_resid.xlsx
I31: yield_to_biomass | J31: SoilC-crop_resid.xlsx
I32: R_P | J32: SoilC-crop_resid.xlsx
I33: R_S | J33: SoilC-crop_resid.xlsx
I34: R_R | J34: SoilC-crop_resid.xlsx
I35: R_E | J35: SoilC-crop_resid.xlsx
I36: S_P | J36: SoilC-crop_resid.xlsx
I37: S_S | J37: SoilC-crop_resid.xlsx
I38: S_R | J38: SoilC-crop_resid.xlsx
I39: S_E | J39: SoilC-crop_resid.xlsx

Sheet check
D1: NIR-factors + rhizodeposition | Q1: Bolinder et al. (2007)
A2: Source: | B2: CIBUSmod nat. avg. | D2: NIR | E2: NIR | F2: CIBUSmod calc. | G2: NIR | I2: Menichetti et al. (2024) | Q2: R_P | R2: R_S | S2: R_R | T2: R_E | U2: S_P | V2: S_S | W2: S_R | X2: S_E | Y2: C_P | Z2: C_S | AA2: C_R | AB2: C_E | AC2: Ci_P | AD2: Ci_S | AE2: Ci_R | AF2: Ci_E | AG2: Ci
B3: Hervest | D3: ag_resid | E3: bg_resid | F3: frac_removed | G3: frac_renew | H3: C_frac | I3: rhizodep | K3: ag_C | L3: bg_C | M3: rhizodep_C | N3: total_C
B4: kg DM/ha | I4: of bg biomass | K4: kg C/ha | L4: kg C/ha | M4: kg C/ha | N4: kg C/ha
A5: Wheat, winter | B5: 6116.3864 | D5: 0.875 | E5: 0.23 | F5: 0.376643 | G5: 1 | H5: 0.45 | I5: 0.65 | K5: =B5*D5*G5*(1-F5)*H5 -> 1501.2476 | L5: =B5*(1+D5)*E5*G5*H5 -> 1186.9612 | M5: =B5*(1+D5)*E5*H5*I5 -> 771.52481 | N5: =SUM(K5:M5) -> 3459.7336 | Q5: 0.322 | R5: 0.482 | S5: 0.118 | T5: 0.078 | U5: 0 | V5: =1-F5 -> 0.623357 | W5: 1 | X5: 1 | Y5: =B5*H5*(1+U5) -> 2752.3739 | Z5: =(R5/Q5)*Y5 -> 4120.0131 | AA5: =(S5/Q5)*Y5 -> 1008.6339 | AB5: =(T5/Q5)*Y5 -> 666.72411 | AC5: =Y5*U5 -> 0 | AD5: =Z5*V5 -> 2568.239 | AE5: =AA5*W5 -> 1008.6339 | AF5: =AB5*X5 -> 666.72411 | AG5: =SUM(AC5:AF5) -> 4243.597
A6: Barley, spring | B6: 4173.7878 | D6: 0.825 | E6: 0.22 | F6: 0.296837 | G6: 1 | H6: 0.45 | I6: 0.65 | K6: =B6*D6*G6*(1-F6)*H6 -> 1089.5642 | L6: =B6*(1+D6)*E6*G6*H6 -> 754.09912 | M6: =B6*(1+D6)*E6*H6*I6 -> 490.16443 | N6: =SUM(K6:M6) -> 2333.8278 | O6: =N6/N$5 -> 0.67456863 | Q6: 0.451 | R6: 0.4 | S6: 0.09 | T6: 0.059 | U6: 0 | V6: =1-F6 -> 0.703163 | W6: 1 | X6: 1 | Y6: =B6*H6*(1+U6) -> 1878.2045 | Z6: =(R6/Q6)*Y6 -> 1665.8133 | AA6: =(S6/Q6)*Y6 -> 374.808 | AB6: =(T6/Q6)*Y6 -> 245.70747 | AC6: =Y6*U6 -> 0 | AD6: =Z6*V6 -> 1171.3383 | AE6: =AA6*W6 -> 374.808 | AF6: =AB6*X6 -> 245.70747 | AG6: =SUM(AC6:AF6) -> 1791.8538 | AH6: =AG6/AG$5 -> 0.4222488
A7: Ley for fodder | B7: 5378.7223 | D7: 0.25 | E7: 0.54 | F7: 0 | G7: 0.2 | H7: 0.45 | I7: 0.65 | K7: =B7*D7*G7*(1-F7)*H7 -> 121.02125 | L7: =B7*(1+D7)*E7*G7*H7 -> 326.75738 | M7: =B7*(1+D7)*E7*H7*I7 -> 1061.9615 | N7: =SUM(K7:M7) -> 1509.7401 | O7: =N7/N$5 -> 0.43637467 | Q7: 0.298 | R7: 0 | S7: 0.426 | T7: 0.277 | U7: 0.25 | V7: 0.2 | W7: 0.2 | X7: 1 | Y7: =B7*H7*(1+U7) -> 3025.5313 | Z7: =(R7/Q7)*Y7 -> 0 | AA7: =(S7/Q7)*Y7 -> 4325.0884 | AB7: =(T7/Q7)*Y7 -> 2812.3227 | AC7: =Y7*U7 -> 756.38283 | AD7: =Z7*V7 -> 0 | AE7: =AA7*W7 -> 865.01768 | AF7: =AB7*X7 -> 2812.3227 | AG7: =SUM(AC7:AF7) -> 4433.7232 | AH7: =AG7/AG$5 -> 1.0448031
A8: Ley for grazing | B8: 4336.678 | D8: 0.4 | E8: 0.54 | F8: 0 | G8: 0.2 | H8: 0.45 | I8: 0.65 | K8: =B8*D8*G8*(1-F8)*H8 -> 156.12041 | L8: =B8*(1+D8)*E8*G8*H8 -> 295.06757 | M8: =B8*(1+D8)*E8*H8*I8 -> 958.9696 | N8: =SUM(K8:M8) -> 1410.1576 | O8: =N8/N$5 -> 0.40759137 | Q8: 0.233 | R8: 0 | S8: 0.465 | T8: 0.302 | U8: 0.4 | V8: 0.2 | W8: 0.2 | X8: 1 | Y8: =B8*H8*(1+U8) -> 2732.1071 | Z8: =(R8/Q8)*Y8 -> 0 | AA8: =(S8/Q8)*Y8 -> 5452.4885 | AB8: =(T8/Q8)*Y8 -> 3541.1861 | AC8: =Y8*U8 -> 1092.8428 | AD8: =Z8*V8 -> 0 | AE8: =AA8*W8 -> 1090.4977 | AF8: =AB8*X8 -> 3541.1861 | AG8: =SUM(AC8:AF8) -> 5724.5266 | AH8: =AG8/AG$5 -> 1.3489798
B9: =2000*(1/0.45) -> 4444.4444 | H9: 0.45 | Q9: 0.492 | R9: 0 | S9: 0.308 | T9: 0.2 | U9: =(1-0.25)+0.25*(1/25) -> 0.76 | V9: 1 | W9: =1/25 -> 0.04 | X9: 1 | Y9: =B9*H9*(1+U9) -> 3520 | Z9: =(R9/Q9)*Y9 -> 0 | AA9: =(S9/Q9)*Y9 -> 2203.5772 | AB9: =(T9/Q9)*Y9 -> 1430.8943 | AC9: =Y9*U9 -> 2675.2 | AD9: =Z9*V9 -> 0 | AE9: =AA9*W9 -> 88.143089 | AF9: =AB9*X9 -> 1430.8943 | AG9: =SUM(AC9:AF9) -> 4194.2374
AG11: =AF5/AE5 -> 0.66101695
AG12: =AE5/AD5 -> 0.39273366

Sheet literature data
B2: Andrén et al. (2004)
B22: Andrén et al. (2008)
B59: Kätterer et al. (2011)
B86: Andrén et al. 2008
B87: Table 3 | N87: All texture classes | P87: High C soils excluded | R87: Area | V87: Jordbruksverket 2001
B88: Region | C88: ic | D88: ic+im | E88: h | F88: re | G88: Y | H88: O | I88: TotC | J88: Css | K88: Cm | L88: Cmu | N88: C conc | O88: Bulk dens | P88: C conc | Q88: Bulk dens | R88: 1990 | S88: High C | V88: Total åkermark | W88: Slåtter- och betesvall som utnyttjas
C89: ton C/ha | D89: ton C/ha | E89: - | F89: - | G89: ton C/ha | H89: ton C/ha | I89: ton C/ha | J89: ton C/ha | K89: ton C/ha | L89: ton C/ha | N89: % | O89: kg/dm3 | P89: % | Q89: kg/dm3 | R89: ha | S89: % | Y89: re_reg
B90: 1 | C90: 3 | D90: 3.29 | E90: 0.149 | F90: 1.3 | G90: 2.1 | H90: 67.7 | I90: 69.8 | J90: 70.3 | K90: 70.8 | L90: 72.1 | N90: 2.2 | O90: 1.41 | P90: 2 | Q90: 1.42 | R90: 350346 | S90: 1.8 | V90: 336286 | W90: 38161 | Y90: =F90/((W90*default!$J$7+(V90-W90)*1)/V90) -> 1.3301894
B91: 2 | C91: 2.58 | D91: 3.07 | E91: 0.164 | F91: 1.05 | G91: 2.4 | H91: 76.8 | I91: 79.3 | J91: 83.5 | K91: 79.1 | L91: 80.6 | N91: 3.4 | O91: 1.32 | P91: 2.3 | Q91: 1.38 | R91: 326990 | S91: 6 | V91: 321887 | W91: 107979 | Y91: =F91/((W91*default!$J$7+(V91-W91)*1)/V91) -> 1.125512
B92: 3 | C92: 2.81 | D92: 3.08 | E92: 0.147 | F92: 1.04 | G92: 2.4 | H92: 79.1 | I92: 81.5 | J92: 76.6 | K92: 81.8 | L92: 82.9 | N92: 3.4 | O92: 1.32 | P92: 2.4 | Q92: 1.36 | R92: 460741 | S92: 5.4 | V92: 450629 | W92: 85877 | Y92: =F92/((W92*default!$J$7+(V92-W92)*1)/V92) -> 1.0812095
B93: 4 | C93: 2.52 | D93: 2.68 | E93: 0.142 | F93: 1.04 | G93: 2.1 | H93: 77.9 | I93: 80 | J93: 64.2 | K93: 80.9 | L93: 81.6 | N93: 3.6 | O93: 1.3 | P93: 2.4 | Q93: 1.36 | R93: 656965 | S93: 8.2 | V93: 619332 | W93: 148894 | Y93: =F93/((W93*default!$J$7+(V93-W93)*1)/V93) -> 1.0925312
B94: 5 | C94: 2.44 | D94: 3.01 | E94: 0.17 | F94: 0.99 | G94: 2.6 | H94: 88.9 | I94: 91.5 | J94: 90.2 | K94: 91.4 | L94: 93.7 | N94: 5 | O94: 1.22 | P94: 2.8 | Q94: 1.3 | R94: 704538 | S94: 10.7 | V94: 495731 | W94: 288509 | Y94: =F94/((W94*default!$J$7+(V94-W94)*1)/V94) -> 1.1204132
B95: 6 | C95: 2.37 | D95: 2.63 | E95: 0.151 | F95: 0.88 | G95: 2.6 | H95: 80.6 | I95: 83.2 | J95: 79 | K95: 82.9 | L95: 83.6 | N95: 3.3 | O95: 1.27 | P95: 2.5 | Q95: 1.31 | R95: 208567 | S95: 5.5 | V95: 195832 | W95: 90882 | Y95: =F95/((W95*default!$J$7+(V95-W95)*1)/V95) -> 0.97003506
B96: 7 | C96: 2.17 | D96: 2.59 | E96: 0.164 | F96: 0.69 | G96: 3.4 | H96: 89 | I96: 92.4 | J96: 106.7 | K96: 90.3 | L96: 91.7 | N96: 3.3 | O96: 1.24 | P96: 2.8 | Q96: 1.27 | R96: 170995 | S96: 5.8 | V96: 157977 | W96: 99489 | Y96: =F96/((W96*default!$J$7+(V96-W96)*1)/V96) -> 0.78943193
B97: 8 | C97: 2.17 | D97: 2.57 | E97: 0.163 | F97: 0.67 | G97: 3.5 | H97: 89.9 | I97: 93.4 | J97: 109.1 | K97: 91.1 | L97: 92 | N97: 4.7 | O97: 1.18 | P97: 2.9 | Q97: 1.26 | R97: 131150 | S97: 11.2 | V97: 116510 | W97: 69835 | Y97: =F97/((W97*default!$J$7+(V97-W97)*1)/V97) -> 0.7612582
B99: Riket (beräknat) | C99: =SUMPRODUCT(C90:C97,$R90:$R97)/$R99 -> 2.5625213 | D99: =SUMPRODUCT(D90:D97,$R90:$R97)/$R99 -> 2.9184442 | E99: =SUMPRODUCT(E90:E97,$R90:$R97)/$R99 -> 0.15531104 | F99: =SUMPRODUCT(F90:F97,$R90:$R97)/$R99 -> 1.012557 | G99: =SUMPRODUCT(G90:G97,$R90:$R97)/$R99 -> 2.4650062 | H99: =SUMPRODUCT(H90:H97,$R90:$R97)/$R99 -> 80.691943 | I99: =SUMPRODUCT(I90:I97,$R90:$R97)/$R99 -> 83.167812 | J99: =SUMPRODUCT(J90:J97,$R90:$R97)/$R99 -> 80.38511 | ... L99: =SUMPRODUCT(L90:L97,$R90:$R97)/$R99 -> 84.582016 | N99: =SUMPRODUCT(N90:N97,$R90:$R97)/$R99 -> 3.7224861 | O99: =SUMPRODUCT(O90:O97,$R90:$R97)/$R99 -> 1.2885974 | P99: =SUMPRODUCT(P90:P97,$R90:$R97)/$R99 -> 2.4876352 | Q99: =SUMPRODUCT(Q90:Q97,$R90:$R97)/$R99 -> 1.3421796 | R99: =SUM(R90:R97) -> 3010292 | S99: =SUMPRODUCT(S90:S97,$R90:$R97)/$R99 -> 7.1800355
C101: ky | D101: 0.8
C102: ko | D102: 0.006
B104: Menichetti et al. (2024)

Sheet references
A1: Author (Year) | B1: Title | C1: doi
A2: Andrén et al. (2004) | B2: ICBM regional model for estimations of dynamics of agricultural soil carbon pools | C2: https://doi.org/10.1023/B:FRES.0000048471.59164.ff
A3: Andrén et al. (2008) | B3: Soil C balances in Swedish agricultural soils 1990–2004, with preliminary projections | C3: https://doi.org/10.1007/s10705-008-9177-z
A4: Kätterer et al. (2011) | B4: Roots contribute more to refractory soil organic matter than above-ground crop residues, as revealed by a long-term field experiment | C4: https://doi.org/10.1016/j.agee.2011.02.029
A5: Menichetti et al. (2024) | B5: Bayesian calibration of the ICBM/3 soil organic carbon model constrained by data from long-term experiments and uncertainties of C inputs | C5: https://doi.org/10.1080/17583004.2024.2304749
A6: Bolinder et al. (2007) | B6: An approach for estimating net primary productivity and annual carbon inputs to soil for common agricultural crops in Canada | C6: https://doi.org/10.1016/j.agee.2006.05.013
