Workbook

Sheet references
A1: Strid, Röös & Tidåker. (2014). Förluster av svenskt nötkött inom primärproduktion och slakt. SJV Rapport 2014:07
A2: Bertilsson (2016) Updating Swedish emission factors for cattle to be used for calculations of greenhouse gases. On commission of the Swedish Environmental Protection Agency 2016. https://publications.slu.se/?file=publ/show&id=76286
A3: Ahlgren, S., Behaderovic, D., Wirsenius, S., Carlsson, A., Hessle, A. Toräng, P., Seeman, A., den Braver, T. & et al. Kvarnbäck, O. (2022) Miljöpåverkan av svensk nöt- och lammköttsproduktion. RISE

Sheet default
A1: f_breed | B1: f_prod_system | C1: f_animal | D1: f_feed | E1: f_from_ps | F1: f_to_ps | G1: parameter | H1: value | I1: unit | J1: description | K1: source
A2: Milk production
A3: Dairy
A4: dairy | B4: conventional | G4: milk_prod | H4: =AVERAGE(9829,9903,9953,10112,10330) -> 10025.4 | I4: kg/cow/year | J4: Total incl. for calves | K4: Växa Husdjursstatistik Tab. 17 (2016-2020)
A5: dairy | B5: conventional | G5: milk_loss | H5: 8 | I5: % | J5: Mikaela?? 89% delivered to dairy?? | K5: Växa + Swedish Board of Agriculture
A6: dairy | B6: conventional | G6: milk_fat | H6: =AVERAGE(4.3,4.2,4.2,4.3,4.3) -> 4.26 | I6: % | K6: Växa Husdjursstatistik Tab. 17 (2016-2020)
A7: dairy | B7: conventional | G7: milk_protein | H7: =AVERAGE(3.5,3.6,3.5,3.6,3.6) -> 3.56 | I7: % | K7: Växa Husdjursstatistik Tab. 17 (2016-2020)
A8: dairy | B8: organic | G8: milk_prod | H8: =AVERAGE(9135,9246,9280,9499,9676) -> 9367.2 | I8: kg/cow/year | K8: Växa Husdjursstatistik Tab. 17 (2016-2020)
A9: dairy | B9: organic | G9: milk_loss | H9: 8 | I9: % | J9: Mikaela?? 89% delivered to dairy?? | K9: Växa + Swedish Board of Agriculture
A10: dairy | B10: organic | G10: milk_fat | H10: =AVERAGE(4.2,4.1,4.1,4.1,4.2) -> 4.14 | I10: % | K10: Växa Husdjursstatistik Tab. 17 (2016-2020)
A11: dairy | B11: organic | G11: milk_protein | H11: =AVERAGE(3.4,3.4,3.4,3.5,3.5) -> 3.44 | I11: % | K11: Växa Husdjursstatistik Tab. 17 (2016-2020)
A13: Fertility etc.
A14: Dairy
A15: dairy | B15: conventional | G15: calving_interval | H15: 13.2 | I15: months
A16: dairy | B16: organic | G16: calving_interval | H16: 12.9 | I16: months
A17: dairy | B17: conventional | G17: AFC | H17: 27 | I17: months | J17: age at first calving
A18: dairy | B18: organic | G18: AFC | H18: 27 | I18: months | J18: age at first calving
A19: dairy | B19: conventional | G19: recruitment_rate | H19: 37.1 | I19: % | J19: % of cows per year
A20: dairy | B20: organic | G20: recruitment_rate | H20: 36.1 | I20: % | J20: % of cows per year
A21: dairy | G21: ratio_male_calf | H21: 50.655978 | I21: % | J21: % of calves
A22: dairy | G22: twin_birth | H22: 3.2446264 | I22: % | J22: % of calvings
A23: dairy | B23: conventional | G23: stillborn_calf | H23: 5 | I23: % | J23: % of calvings
A24: dairy | B24: organic | G24: stillborn_calf | H24: 4.6 | I24: % | J24: % of calvings
A25: dairy | G25: weaning_age | H25: 100 | I25: days
A26: dairy | B26: conventional | G26: breeding_bulls_per_cow | H26: =1/300 -> 0.0033333333 | I26: nr | J26: Rough assumption, but small figure as artificial insemination is dominating
A27: dairy | B27: organic | G27: breeding_bulls_per_cow | H27: =1/300 -> 0.0033333333 | I27: nr
G30: live_weight | H30: 0 | J30: Fallback
A31: Dairy
A32: dairy | C32: cows | G32: live_weight | H32: =H59/(47/100) -> 651.52821 | I32: kg | J32: Calculated from slaughter weight and 47% slaughter yeild | K32: Strid, Roos & Tidaker (2014)
A33: dairy | C33: breeding bulls | G33: live_weight | H33: 910 | I33: kg | J33: Assumed same as for beef | K33: Ahlgren et al. (2022)
A34: dairy | C34: calves | G34: birth_weight | H34: 40 | I34: kg | J34: Mikaela???
A35: dairy | C35: calves | G35: live_weight_weaning | H35: =H34+(H61/0.5-H34)/(H55*30.4)*H25 -> 130.26609 | I35: kg | J35: Mikaela??? Calculated assuming linear growth
A36: dairy | C36: calves | G36: live_weight_slaughter | H36: =H61/(50/100) -> 339.02686 | I36: kg | J36: Calculated from slaughter weight and 50% slaughter yeild | K36: Strid, Roos & Tidaker (2014)
A37: dairy | C37: heifers | G37: live_weight_slaughter | H37: =H62/(50/100) -> 596.09654 | I37: kg | J37: Calculated from slaughter weight and 50% slaughter yeild | K37: Strid, Roos & Tidaker (2014)
A38: dairy | C38: steers | G38: live_weight_slaughter | H38: =H63/(50/100) -> 651.61429 | I38: kg | J38: Calculated from slaughter weight and 50% slaughter yeild | K38: Strid, Roos & Tidaker (2014)
A39: dairy | C39: bulls | G39: live_weight_slaughter | H39: =H64/(50/100) -> 657.75311 | I39: kg | J39: Calculated from slaughter weight and 50% slaughter yeild | K39: Strid, Roos & Tidaker (2014)
A40: Mortality
A41: Dairy
A42: dairy | C42: cows | G42: mortality | H42: 6.6 | I42: % | J42: % of cows per year | K42: Ahlgren et al. (2022)
A43: dairy | C43: calves | G43: mortality_male_0towean | H43: 4.2 | I43: % | J43: % of live born | K43: Ahlgren et al. (2022)
A44: dairy | C44: calves | G44: mortality_male_0towean_age | H44: 10 | I44: days | J44: avg age of deaths in span | K44: Ahlgren et al. (2022)
A45: dairy | C45: calves | G45: mortality_female_0towean | H45: 3.4 | I45: % | J45: % of live born | K45: Ahlgren et al. (2022)
A46: dairy | C46: calves | G46: mortality_female_0towean_age | H46: 10 | I46: days | J46: avg age of deaths in span | K46: Ahlgren et al. (2022)
A47: dairy | C47: calves | G47: mortality_male_weantoslaught | H47: 6.8 | I47: % | J47: % of weaned | K47: Ahlgren et al. (2022)
A48: dairy | C48: calves | G48: mortality_male_weantoslaught_age | H48: 59 | I48: days | J48: avg age of deaths in span | K48: Ahlgren et al. (2022)
A49: dairy | C49: calves | G49: mortality_female_weantoslaught | H49: 4 | I49: % | J49: % of weaned | K49: Ahlgren et al. (2022)
A50: dairy | C50: calves | G50: mortality_female_weantoslaught_age | H50: 59 | I50: days | J50: avg age of deaths in span | K50: Ahlgren et al. (2022)
A52: Slaughter
A53: Dairy
A54: dairy | C54: breeding bulls | G54: slaughter_age | I54: months
A55: dairy | C55: calves | G55: slaughter_age | H55: 10.897126 | I55: months
A56: dairy | C56: heifers | G56: slaughter_age | H56: 32.261825 | I56: months
A57: dairy | C57: steers | G57: slaughter_age | H57: 29.693542 | I57: months
A58: dairy | C58: bulls | G58: slaughter_age | H58: 22.579883 | I58: months
A59: dairy | C59: cows | G59: slaughter_weight | H59: 306.21826 | I59: kg CW
A60: dairy | C60: breeding bulls | G60: slaughter_weight | H60: 550 | I60: kg CW | J60: Assumed same as for beef | K60: Ahlgren et al. (2022)
A61: dairy | C61: calves | G61: slaughter_weight | H61: 169.51343 | I61: kg CW
A62: dairy | C62: heifers | G62: slaughter_weight | H62: 298.04827 | I62: kg CW
A63: dairy | C63: steers | G63: slaughter_weight | H63: 325.80714 | I63: kg CW
A64: dairy | C64: bulls | G64: slaughter_weight | H64: 328.87656 | I64: kg CW
A65: dairy | B65: conventional | G65: slaughter_share_as_calf | H65: 7.7083823 | I65: % | J65: share of young animals slaughtered as calves (<1 yr) | K65: (estimated from animal and slaughter statistics)
A66: dairy | B66: conventional | G66: slaughter_share_male_as_steers | H66: 14.798146 | I66: % | J66: share of males slaughtered as steers | K66: (estimated from animal and slaughter statistics)
A67: dairy | B67: organic | G67: slaughter_share_as_calf | H67: 7.7083823 | I67: % | J67: share of young animals slaughtered as calves (<1 yr) | K67: (estimated from animal and slaughter statistics)
A68: dairy | B68: organic | G68: slaughter_share_male_as_steers | H68: 65.534646 | I68: % | J68: share of males slaughtered as steers | K68: (estimated from animal and slaughter statistics)
A70: Grazing
G71: grazing_period | H71: 0 | I71: months
G72: indoors_during_grazing | H72: 0 | I72: %
A74: Feed requirements
A75: Dry matter intake
A76: dairy | C76: cows | G76: max_DMI | H76: =H32*0.035 -> 22.803487 | I76: kg DM/head/day | K76: https://pir.sa.gov.au/__data/assets/pdf_file/0007/272869/Calculating_dry_matter_intakes.pdf
C77: breeding bulls | G77: max_DMI | H77: =H33*0.03 -> 27.3
C78: calves | G78: max_DMI | H78: =AVERAGE(H34,H36)*0.03 -> 5.6854028 | J78: handle pre weaing
C79: heifers | G79: max_DMI | H79: =AVERAGE(H36,H37)*0.03 -> 14.026851
C80: steers | G80: max_DMI | H80: =AVERAGE(H36,H38)*0.03 -> 14.859617
C81: bulls | G81: max_DMI | H81: =AVERAGE(H36,H39)*0.03 -> 14.9517
A83: Energy
C84: cows | G84: maintanance_energy_factor | H84: 0.507 | I84: MJ ME/kg LW^0.75 | K84: Spörndly (2003). Tabell 1&7
G85: maintanance_energy_factor | H85: 0.475 | I85: MJ ME/kg LW^0.75 | K85: Spörndly (2003). Tabell 4a
C86: cows | G86: lactation_energy_factor | H86: 5 | I86: MJ ME/kg ECM | K86: Spörndly (2003). Tabell 1&7
A87: dairy | C87: cows | G87: gestation_energy_factor | H87: =(0.013+0.021+0.038) * 30.4 -> 2.1888 | I87: MJ ME/kg LW | J87: 7th (LW*0.013 MJ/day), 8th (LW*0.021 MJ/day) and 9th (LW*0.038 MJ/day) month deduced from (Tabell 1) | K87: Spörndly (2003). Tabell 1
G88: energy_adjustment_factor | H88: 1 | I88: -
A89: dairy | C89: cows | G89: energy_adjustment_factor | H89: 1.11 | I89: - | K89: Spörndly (2003). Tabell 1
C90: heifers | G90: energy_adjustment_factor | H90: 1.05 | I90: - | K90: Spörndly (2003). Tabell 4b
A91: dairy | C91: steers | G91: energy_adjustment_factor | H91: 1.05 | I91: - | K91: Spörndly (2003). Tabell 4b
G92: energy_adjustment_addend | H92: 0 | I92: -
A93: dairy | C93: cows | G93: energy_adjustment_addend | H93: -13.6 | I93: - | K93: Spörndly (2003). Tabell 1
A94: dairy | G94: energy_share_before_weaning_from_milk | H94: 81 | I94: % of ME | J94: Set to give ~7 kg/calf/day | K94: https://www.gardochdjurhalsan.se/mer-mjolk-till-smakalvar/
G95: energy_in_milk_to_calves | H95: =18.8*0.13 -> 2.444 | I95: MJ ME/kg | J95: 18.8 MJ ME/kg DM (whole milk powder) * 0.13 kg DM/kg milk
A96: Protein (AAT)
A97: dairy | C97: cows | G97: AAT_factor | H97: 7.6 | I97: g AAT/MJ ME | K97: Spörndly (2003). Tabell 1
C98: calves | G98: AAT_factor | H98: 7 | I98: g AAT/MJ ME | J98: Rough for now… 7.5 @ 40-75 kg LW … 6.5 @ >275 kg LW | K98: Spörndly (2003). Tabell 5
G99: AAT_factor | H99: 6.5 | I99: g AAT/MJ ME
A101: Protein (PBV)
G102: max_PBV | H102: 0 | I102: g PBV/head/day | J102: Fallback
G103: min_PBV | H103: 0 | I103: g PBV/head/day | J103: Fallback
G104: max_PBV_per_ME | H104: 0 | I104: g PBV/MJ ME | J104: Fallback
G105: min_PBV_per_ME | H105: 0 | I105: g PBV/MJ ME | J105: Fallback
C107: cows | G107: max_PBV | H107: 300 | I107: g PBV/head/day | K107: Spörndly (2003). Tabell 1
C108: cows | G108: min_PBV | H108: 0 | I108: g PBV/head/day
C110: breeding bulls | G110: max_PBV_per_ME | H110: 4 | I110: g PBV/MJ ME | J110: Same as growing animals?
...

Sheet Antal djur
B2: Mjölk besättningar | Y2: Diko besättningar
D3: Number | F3: Slaughtered | H3: Slaughtered (1000 tonnes) | J3: Dead/culled | AA3: Number | AC3: Slaughtered | AE3: Slaughtered (1000 tonnes) | AG3: Dead/culled
D4: Conv | E4: Org | F4: Conv | G4: Org | H4: Conv | I4: Org | J4: Conv | K4: Org | M4: Parameter | P4: Konv | Q4: Eko | R4: Enhet | T4: Källa | AA4: Conv | AB4: Org | AC4: Conv | AD4: Org | AE4: Conv | AF4: Org | AG4: Conv | AH4: Org | AJ4: Parameter | AM4: Konv | AN4: Eko | AO4: Enhet | AQ4: Källa
B5: Cows | D5: =D80*(1-E58/100) -> 261212.59 | E5: =D80*(E58/100) -> 55025.412 | F5: =D5*P7/100-J5 -> 79669.839 | G5: =E5*Q7/100-K5 -> 16232.497 | H5: =F5*P30/1000000 -> 24.39636 | I5: =G5*Q30/1000000 -> 4.9706869 | J5: =D5*P14/100 -> 17240.031 | K5: =E5*Q14/100 -> 3631.6772 | M5: Kalvningsintervall | P5: 13.2 | Q5: 12.9 | R5: mån | T5: (Växa tab 29) | Y5: Cows | AA5: =D81*(1-E59/100) -> 133821.07 | AB5: =D81*(E59/100) -> 72692.928 | AC5: =AA5*AM7/100-AG5 -> 30913.743 | AD5: =AB5*AN7/100-AH5 -> 16792.65 | AE5: =AC5*AM30/1000000 -> 10.529212 | AF5: =AD5*AN30/1000000 -> 5.7195719 | AG5: =AA5*AM14/100 -> 2676.4214 | AH5: =AB5*AN14/100 -> 1453.8586 | AJ5: Kalvningsintervall | AM5: =(12.7+12.7+12.7+12.7)/4 -> 12.7 | AN5: 12.7 | AO5: mån | AQ5: (Växa Husdjursstatistik 2020, tab 31)
B6: Heifers | D6: =D23*((P6-12)/12)+D27*((P25-12)/12) -> #REF! | E6: =E23*((Q6-12)/12)+E27*((Q25-12)/12) -> #REF! | F6: =D27 -> #REF! | G6: =E27 -> #REF! | H6: =F6*P31/1000000 -> #REF! | I6: =G6*Q31/1000000 -> #REF! | M6: Inkalvningsålder | P6: 27 | Q6: 27 | R6: mån | T6: (Växa tab 29) | Y6: Heifers | AA6: =AA23*((AM6-12)/12)+AA27*((AM25-12)/12) -> #REF! | AB6: =AB23*((AN6-12)/12)+AB27*((AN25-12)/12) -> #REF! | AC6: =AA27 -> #REF! | AD6: =AB27 -> #REF! | AE6: =AC6*AM31/1000000 -> #REF! | AF6: =AD6*AN31/1000000 -> #REF! | AJ6: Inkalvningsålder | AM6: =(27.5+28.4+27.6+29.9+30)/5 -> 28.68 | AN6: =AM6 -> 28.68 | AO6: mån | AQ6: (Växa Husdjursstatistik 2020, tab 32)
B7: Steers | D7: =D28*((P27-12)/12) -> #REF! | E7: =E28*((Q27-12)/12) -> #REF! | F7: =D28 -> #REF! | G7: =E28 -> #REF! | H7: =F7*P33/1000000 -> #REF! | I7: =G7*Q33/1000000 -> #REF! | M7: Rekrytering | P7: 37.1 | Q7: 36.1 | R7: % | T7: (Växa tab 28) | Y7: Steers | AA7: =AA28*((AM27-12)/12) -> #REF! | AB7: =AB28*((AN27-12)/12) -> #REF! | AC7: =AA28 -> #REF! | AD7: =AB28 -> #REF! | AE7: =AC7*AM33/1000000 -> #REF! | AF7: =AD7*AN33/1000000 -> #REF! | AJ7: Rekrytering | AM7: =1/(AM24/12-AM6/12)*100 -> 25.100803 | AN7: =1/(AN24/12-AN6/12)*100 -> 25.100803 | AO7: % | AQ7: (ber.)
B8: Bulls | D8: =D29*((P28-12)/12) -> #REF! | E8: =E29*((Q28-12)/12) -> #REF! | F8: =D29 -> #REF! | G8: =E29 -> #REF! | H8: =F8*P34/1000000 -> #REF! | I8: =G8*Q34/1000000 -> #REF! | M8: Könskvot, tjurkalvar | P8: =(48.7*77196+51.7*144627)/221823 -> 50.655978 | Q8: =P8 -> 50.655978 | R8: % | T8: (Växa Husdjursstatistik 2020, tab 20) | Y8: Bulls | AA8: =AA29*((AM28-12)/12) -> #REF! | AB8: =AB29*((AN28-12)/12) -> #REF! | AC8: =AA29 -> #REF! | AD8: =AB29 -> #REF! | AE8: =AC8*AM34/1000000 -> #REF! | AF8: =AD8*AN34/1000000 -> #REF! | AJ8: Könskvot, tjurkalvar | AM8: 51.7 | AN8: =AM8 -> 51.7 | AO8: % | AQ8: (Växa KAP, tab 34)
B9: Calves | D9: =((D13-D17)*P16+(D14-D18)*P18+(D17-D19)*P20+(D18-D20)*P22+(D23+D27+D28+D29)*365.25+D24*P26*30.44)/365.25 -> #REF! | E9: =((E13-E17)*Q16+(E14-E18)*Q18+(E17-E19)*Q20+(E18-E20)*Q22+(E23+E27+E28+E29)*365.25+E24*Q26*30.44)/365.25 -> #REF! | F9: =D24 -> #REF! | G9: =E24 -> #REF! | H9: =F9*P32/1000000 -> #REF! | I9: =G9*Q32/1000000 -> #REF! | J9: =SUM(D21:D22) -> 23373.094 | K9: =SUM(E21:E22) -> 3061.7383 | M9: Tvilingfödslar | P9: =(79242*1.07+141785*4.46)/(79242+141785) -> 3.2446264 | Q9: =P9 -> 3.2446264 | R9: % | Y9: Calves | AA9: =((AA13-AA17)*AM16+(AA14-AA18)*AM18+(AA17-AA19)*AM20+(AA18-AA20)*AM22+(AA23+AA27+AA28+AA29)*365.25+AA24*AM26*30.44)/365.25 -> #REF! | AB9: =((AB13-AB17)*AN16+(AB14-AB18)*AN18+(AB17-AB19)*AN20+(AB18-AB20)*AN22+(AB23+AB27+AB28+AB29)*365.25+AB24*AN26*30.44)/365.25 -> #REF! | AC9: =AA24 -> #REF! | AD9: =AB24 -> #REF! | AE9: =AC9*AM32/1000000 -> #REF! | AF9: =AD9*AN32/1000000 -> #REF! | AG9: =SUM(AA21:AA22) -> 7304.4279 | AH9: =SUM(AB21:AB22) -> 3729.9363 | AJ9: Tvilingfödslar | AM9: 4.5730449 | AN9: =AM9 -> 4.5730449 | AO9: % | AQ9: (Växa Husdjursstatistik 2020, tab 34a)
M10: Dödfödda kalvar | P10: 5 | Q10: 4.6 | R10: % | T10: (Växa tab 28) | AJ10: Dödfödda kalvar | AM10: =(2.4*10433+1.6*1935)/(10433+1935) -> 2.2748383 | AN10: =AM10 -> 2.2748383 | AO10: % | AQ10: (Växa Husdjursstatistik 2020, tab 31)
B11: Intermediates | D11: Conv | E11: Org | G11: Andel | H11: =SUM(H5:H9)/SUM($H5:$I9,$AE5:$AF9) -> #REF! | I11: =SUM(I5:I9)/SUM($H5:$I9,$AE5:$AF9) -> #REF! | M11: Lev. kalvar per år | P11: =(12/P5*(1-P7/100)+(P7/100))*(1*(1-P9/100)+2*(P9/100))*(1-P10/100) -> 0.92473865 | Q11: =(12/Q5*(1-Q7/100)+(Q7/100))*(1*(1-Q9/100)+2*(Q9/100))*(1-Q10/100) -> 0.94104312 | R11: antal/ko/år | T11: (ber.) | Y11: Intermediates | AA11: Conv | AB11: Org | AD11: Andel | AE11: =SUM(AE5:AE9)/SUM($H5:$I9,$AE5:$AF9) -> #REF! | AF11: =SUM(AF5:AF9)/SUM($H5:$I9,$AE5:$AF9) -> #REF! | AJ11: Lev. kalvar per år | AM11: =(12/AM5*(1-AM7/100)+(AM7/100))*(1*(1-AM9/100)+2*(AM9/100))*(1-AM10/100) -> 0.97975293 | AN11: =(12/AN5*(1-AN7/100)+(AN7/100))*(1*(1-AN9/100)+2*(AN9/100))*(1-AN10/100) -> 0.97975293 | AO11: antal/ko/år | AQ11: (ber.)
B12: Calves born | D12: =D5*P11 -> 241553.38 | E12: =E5*Q11 -> 51781.286 | H12: =H11/SUM(H11:I11) -> #REF! | I12: =I11/SUM(H11:I11) -> #REF! | M12: Avvänjningsålder | P12: 100 | Q12: =P12 -> 100 | R12: dagar | T12: RISE | Y12: Calves born | AA12: =AA5*AM11 -> 131111.59 | AB12: =AB5*AN11 -> 71221.109 | AE12: =AE11/SUM(AE11:AF11) -> #REF! | AF12: =AF11/SUM(AE11:AF11) -> #REF! | AJ12: Avvänjningsålder | AM12: =7*30.4 -> 212.8 | AN12: =AM12 -> 212.8 | AO12: dagar
B13: Male calves born | D13: =D12*P8/100 -> 122361.23 | E13: =E12*Q8/100 -> 26230.317 | M13: Dödlighet | Y13: Male calves born | AA13: =AA12*AM8/100 -> 67784.691 | AB13: =AB12*AN8/100 -> 36821.313 | AJ13: Dödlighet
B14: Female calves born | D14: =D12-D13 -> 119192.15 | E14: =E12-E13 -> 25550.969 | M14: kor | P14: 6.6 | Q14: =P14 -> 6.6 | R14: % av djur | T14: RISE | Y14: Female calves born | AA14: =AA12-AA13 -> 63326.897 | AB14: =AB12-AB13 -> 34399.796 | AJ14: kor | AM14: 2 | AN14: =AM14 -> 2 | AO14: % av djur | AQ14: RISE
B15: Male calves 2 weaned before redist | D15: =D13*(1-P15/100) -> 117222.06 | E15: =E13*(1-Q15/100) -> 25128.644 | M15: tjurkalv (föds.-avv.) | P15: 4.2 | Q15: =P15 -> 4.2 | R15: % av levande födda | T15: RISE | AA15: =AA13*(1-AM15/100) -> 65073.303 | AB15: =AB13*(1-AN15/100) -> 35348.461 | AJ15: tjurkalv (föds.-avv.) | AM15: 4 | AN15: =AM15 -> 4 | AO15: % av levande födda | AQ15: RISE
B16: Female calves 2 weaned before redist | D16: =D14*(1-P17/100) -> 115139.62 | E16: =E14*(1-Q17/100) -> 24682.236 | M16: snittålder | P16: 10 | Q16: =P16 -> 10 | R16: dagar | T16: RISE | AA16: =AA14*(1-AM17/100) -> 61300.436 | AB16: =AB14*(1-AN17/100) -> 33299.002 | AJ16: snittålder | AM16: 3 | AN16: =AM16 -> 3 | AO16: dagar | AQ16: RISE
B17: Male calves 2 weaned | D17: =D15+E15*P39/100 -> 139586.55 | E17: =E15-E15*P39/100 -> 2764.1508 | M17: kvigkalv (föds.-avv.) | P17: 3.4 | Q17: =P17 -> 3.4 | R17: % av levande födda | T17: RISE | Y17: Male calves 2 weaned | AA17: =AA15+AB15*AM39/100 -> 70022.087 | AB17: =AB15-AB15*AM39/100 -> 30399.676 | AJ17: kvigkalv (föds.-avv.) | AM17: 3.2 | AN17: =AM17 -> 3.2 | AO17: % av levande födda | AQ17: RISE
B18: Female calves 2 weaned | D18: =D16+E16*P40/100 -> 117237.61 | E18: =E16-E16*P40/100 -> 22584.246 | M18: snittålder | P18: 10 | Q18: =P18 -> 10 | R18: dagar | T18: RISE | Y18: Female calves 2 weaned | AA18: =AA16+AB16*AM40/100 -> 64130.851 | AB18: =AB16-AB16*AM40/100 -> 30468.587 | AJ18: snittålder | AM18: 10 | AN18: =AM18 -> 10 | AO18: dagar | AQ18: RISE
B19: Male calves 2 end | D19: =D17*(1-P19/100) -> 130094.66 | E19: =E17*(1-Q19/100) -> 2576.1885 | M19: tjurar/stutar (avv.-slakt) | P19: 6.8 | Q19: =P19 -> 6.8 | R19: % av avvanda | T19: RISE | Y19: Male calves 2 end | AA19: =AA17*(1-AM19/100) -> 68481.602 | AB19: =AB17*(1-AN19/100) -> 29730.883 | AJ19: tjurar/stutar (avv.-slakt) | AM19: 2.2 | AN19: =AM19 -> 2.2 | AO19: % av avvanda | AQ19: RISE
B20: Female calves 2 end | D20: =D18*(1-P21/100) -> 112548.1 | E20: =E18*(1-Q21/100) -> 21680.876 | M20: snittålder | P20: 59 | Q20: =P20 -> 59 | R20: dagar | T20: RISE | Y20: Female calves 2 end | AA20: =AA18*(1-AM21/100) -> 63104.757 | AB20: =AB18*(1-AN21/100) -> 29981.09 | AJ20: snittålder | AM20: 234 | AN20: =AM20 -> 234 | AO20: dagar | AQ20: RISE
B21: Male calves 2 dead | D21: =D13-D15+D17-D19 -> 14631.057 | E21: =E13-E15+E17-E19 -> 1289.6356 | M21: kvigor (avv.-slakt) | P21: 4 | Q21: =P21 -> 4 | R21: % av avvanda | T21: RISE | Y21: Male calves 2 dead | AA21: =AA13-AA15+AA17-AA19 -> 4251.8735 | AB21: =AB13-AB15+AB17-AB19 -> 2141.6454 | AJ21: kvigor (avv.-slakt) | AM21: 1.6 | AN21: =AM21 -> 1.6 | AO21: % av avvanda | AQ21: RISE
B22: Female calves 2 dead | D22: =D14-D16+D18-D20 -> 8742.0374 | E22: =E14-E16+E18-E20 -> 1772.1028 | M22: snittålder | P22: 59 | Q22: =P22 -> 59 | R22: dagar | T22: RISE | Y22: Female calves 2 dead | AA22: =AA14-AA16+AA18-AA20 -> 3052.5543 | AB22: =AB14-AB16+AB18-AB20 -> 1588.2909 | AJ22: snittålder | AM22: 241 | AN22: =AM22 -> 241 | AO22: dagar | AQ22: RISE
B23: Calves 2 recruitment | D23: =D5*P7/100 -> 96909.87 | E23: =E5*Q7/100 -> 19864.174 | M23: Slaktålder | Y23: Calves 2 recruitment | AA23: =AA5*AM7/100 -> 33590.164 | AB23: =AB5*AN7/100 -> 18246.509 | AJ23: Slaktålder
B24: Calves 2 slaughter | D24: =(SUM(D19:D20)-D23)*P36/100 -> #REF! | E24: =(SUM(E19:E20)-E23)*Q36/100 -> #REF! | M24: kor | P24: 60.9 | Q24: 61.5 | R24: mån | T24: (Växa tab 28) | Y24: Calves 2 slaughter | AA24: =(SUM(AA19:AA20)-AA23)*AM36/100 -> #REF! | AB24: =(SUM(AB19:AB20)-AB23)*AN36/100 -> #REF! | AJ24: kor | AM24: ='G&D sammanställning'!K5 -> 76.487235 | AN24: =AM24 -> 76.487235 | AO24: mån
B25: Male calves 2 slaughter | D25: =D24*(D19)/(D19+D20-D23) -> #REF! | E25: =E24*(E19)/(E19+E20-E23) -> #REF! | M25: kvigor | P25: ='G&D sammanställning'!H8 -> #REF! | Q25: =P25 -> #REF! | R25: mån | Y25: Male calves 2 slaughter | AA25: =AA24*(AA19)/(AA19+AA20-AA23) -> #REF! | AB25: =AB24*(AB19)/(AB19+AB20-AB23) -> #REF! | AJ25: kvigor | AM25: ='G&D sammanställning'!K8 -> #REF! | AN25: =AM25 -> #REF! | AO25: mån
B26: Female calves 2 slaughter | D26: =D24-D25 -> #REF! | E26: =E24-E25 -> #REF! | M26: mellankalv | P26: ='G&D sammanställning'!H13 -> #REF! | Q26: =P26 -> #REF! | R26: mån | Y26: Female calves 2 slaughter | AA26: =AA24-AA25 -> #REF! | AB26: =AB24-AB25 -> #REF! | AJ26: mellankalv | AM26: ='G&D sammanställning'!K13 -> #REF! | AN26: =AM26 -> #REF! | AO26: mån
B27: Calves 2 heifers | D27: =D20-D23-D26 -> #REF! | E27: =E20-E23-E26 -> #REF! | M27: stutar | P27: ='G&D sammanställning'!H9 -> #REF! | Q27: =P27 -> #REF! | R27: mån | Y27: Calves 2 heifers | AA27: =AA20-AA23-AA26 -> #REF! | AB27: =AB20-AB23-AB26 -> #REF! | AJ27: stutar | AM27: ='G&D sammanställning'!K9 -> #REF! | AN27: =AM27 -> #REF! | AO27: mån
B28: Calves 2 steers | D28: =(D19-D25)*(P37/100) -> #REF! | E28: =(E19-E25)*(Q37/100) -> #REF! | M28: tjurar | P28: ='G&D sammanställning'!H10 -> 22.579883 | Q28: =P28 -> 22.579883 | R28: mån | Y28: Calves 2 steers | AA28: =(AA19-AA25)*(AM37/100) -> #REF! | AB28: =(AB19-AB25)*(AN37/100) -> #REF! | AD28: 6180.1797 | AE28: 10387.902 | AJ28: tjurar | AM28: ='G&D sammanställning'!K10 -> 20.108223 | AN28: =AM28 -> 20.108223 | AO28: mån
B29: Calves 2 bulls | D29: =D19-D25-D28 -> #REF! | E29: =E19-E25-E28 -> #REF! | M29: Slaktvikt | Y29: Calves 2 bulls | AA29: =AA19-AA25-AA28 -> #REF! | AB29: =AB19-AB25-AB28 -> #REF! | AD29: 60706.757 | AE29: 18612.205 | AJ29: Slaktvikt
M30: kor | P30: ='G&D sammanställning'!B5 -> 306.21826 | Q30: =P30 -> 306.21826 | R30: kg | AJ30: kor | AM30: ='G&D sammanställning'!E5 -> 340.59971 | AN30: =AM30 -> 340.59971 | AO30: kg
M31: kvigor | P31: ='G&D sammanställning'!B8 -> #REF! | Q31: =P31 -> #REF! | R31: kg | AJ31: kvigor | AM31: ='G&D sammanställning'!E8 -> #REF! | AN31: =AM31 -> #REF! | AO31: kg
M32: mellankalv | P32: ='G&D sammanställning'!B13 -> #REF! | Q32: =P32 -> #REF! | R32: kg | AJ32: mellankalv | AM32: ='G&D sammanställning'!E13 -> #REF! | AN32: =AM32 -> #REF! | AO32: kg
M33: stutar | P33: ='G&D sammanställning'!B9 -> #REF! | Q33: =P33 -> #REF! | R33: kg | AJ33: stutar | AM33: ='G&D sammanställning'!E9 -> #REF! | AN33: =AM33 -> #REF! | AO33: kg
M34: tjurar | P34: ='G&D sammanställning'!B10 -> 328.87656 | Q34: =P34 -> 328.87656 | R34: kg | AJ34: tjurar | AM34: ='G&D sammanställning'!E10 -> 358.43398 | AN34: =AM34 -> 358.43398 | AO34: kg
M35: Andel av slaktade ungdjur | S35: adj | AJ35: Andel av slaktade ungdjur | AP35: adj
M36: som kalv | P36: ='G&D sammanställning'!$T$13*S36 -> #REF! | Q36: ='G&D sammanställning'!$T$13*T36 -> #REF! | R36: % | S36: 0.95 | T36: 0.95 | AJ36: mellankalv | AM36: ='G&D sammanställning'!$W$13*AP36 -> #REF! | AN36: ='G&D sammanställning'!$W$13*AQ36 -> #REF! | AO36: % | AP36: 0.95 | AQ36: 0.95
M37: som stut (av handjur) | P37: ='G&D sammanställning'!$T$9/SUM('G&D sammanställning'!T9:T10)*100*S37 -> #REF! | Q37: ='G&D sammanställning'!$T$9/SUM('G&D sammanställning'!T9:T10)*100*T37 -> #REF! | R37: % | S37: 0.7 | T37: 3.1 | AJ37: stutar | AM37: ='G&D sammanställning'!$W$9/SUM('G&D sammanställning'!W9:W10)*100*AP37 -> #REF! | AN37: ='G&D sammanställning'!$W$9/SUM('G&D sammanställning'!W9:W10)*100*AQ37 -> #REF! | AO37: % | AP37: 0.8 | AQ37: 3.1
M38: Överföring djur eko -> konv | AJ38: Överföring djur eko -> konv
M39: tjurkalvar | P39: 89 | R39: % | T39: (uppskattat baserat på stat.) | AJ39: tjurkalvar | AM39: 14 | AO39: %
M40: kvigkalvar | P40: 8.5 | R40: % | T40: (uppskattat baserat på stat.) | AJ40: kvigkalvar | AM40: 8.5 | AO40: %
D42: Från modell | F42: Kontroll
B43: Kontroll (riks) | D43: tot | E43: eko | F43: jmf. SJV | G43: jmf. G&D | H43: jmf. SJV eko | J43: Kontroll djurantal (region)
B44: mjölkkor | D44: =SUM(D5:E5) -> 316238 | E44: =E5 -> 55025.412 | H44: =(E44-D80*AD80/100)/(D80*AD80/100) -> 0
B45: dikor | D45: =SUM(AA5:AB5) -> 206514 | E45: =AB5 -> 72692.928 | H45: =(E45-D81*AD81/100)/(D81*AD81/100) -> 0
B46: Kalvar, under 1 år | D46: =SUM(D9:E9,AA9:AB9) -> #REF! | E46: =SUM(E9,AB9) -> #REF! | F46: =(D46-D82)/D82 -> #REF! | H46: =(E46-D82*AD82/100)/(D82*AD82/100) -> #REF!
B47: Kvigor, tjurar och stutar | D47: =SUM(D6:E8,AA6:AB8) -> #REF! | E47: =SUM(E6:E8,AB6:AB8) -> #REF! | F47: =(D47-D83)/D83 -> #REF! | H47: =(E47-D83*AD83/100)/(D83*AD83/100) -> #REF! | J47: Djur i juni | L47: 00 Riket | M47: 01 Stockholms län | N47: 03 Uppsala län | O47: 04 Södermanlands län | P47: 05 Östergötlands län | Q47: 06 Jönköpings län | R47: 07 Kronobergs län | S47: 08 Kalmar län | T47: 09 Gotlands län | U47: 10 Blekinge län | V47: 12 Skåne län | W47: 13 Hallands län | X47: 14 Västra Götalands län | Y47: 17 Värmlands län | Z47: 18 Örebro län | AA47: 19 Västmanlands län | AB47: 20 Dalarnas län | AC47: 21 Gävleborgs län | AD47: 22 Västernorrlands län | AE47: 23 Jämtlands län | AF47: 24 Västerbottens län | AG47: 25 Norrbottens län
B48: Slakt, kor | D48: =SUM(F5:G5,AC5:AD5) -> 143608.73 | E48: =SUM(G5,AD5) -> 33025.147 | F48: =(D48/1000-SUM(D65:D66))/SUM(D65:D66) -> 0.024946918 | G48: =(D48-'G&D sammanställning'!R5)/'G&D sammanställning'!R5 -> 0.086065695 | H48: =(E48/1000-D67*AD67/100)/(D67*AD67/100) -> 0.15897857 | J48: Kalvar, under 1 år | L48: =(($D$9/$D$5*D80+$AA$9/$AA$5*D81)-D82)/D82 -> #REF! | M48: =(($D$9/$D$5*E80+$AA$9/$AA$5*E81)-E82)/E82 -> #REF! | N48: =(($D$9/$D$5*F80+$AA$9/$AA$5*F81)-F82)/F82 -> #REF! | O48: =(($D$9/$D$5*G80+$AA$9/$AA$5*G81)-G82)/G82 -> #REF! | P48: =(($D$9/$D$5*H80+$AA$9/$AA$5*H81)-H82)/H82 -> #REF! | Q48: =(($D$9/$D$5*I80+$AA$9/$AA$5*I81)-I82)/I82 -> #REF! | R48: =(($D$9/$D$5*J80+$AA$9/$AA$5*J81)-J82)/J82 -> #REF! | S48: =(($D$9/$D$5*K80+$AA$9/$AA$5*K81)-K82)/K82 -> #REF! | ... AG48: =(($D$9/$D$5*Y80+$AA$9/$AA$5*Y81)-Y82)/Y82 -> #REF!
B49: slakt, kvigor | D49: =SUM(F6:G6,AC6:AD6) -> #REF! | E49: =SUM(G6,AD6) -> #REF! | F49: =(D49/1000-D68)/D68 -> #REF! | G49: =(D49-'G&D sammanställning'!R8)/'G&D sammanställning'!R8 -> #REF! | H49: =(E49/1000-D68*AD68/100)/(D68*AD68/100) -> #REF! | J49: Kvigor, tjurar och stutar | L49: =((SUM($D$6:$D$8)/$D$5*D80+SUM($AA$6:$AA$8)/$AA$5*D81)-D83)/D83 -> #REF! | M49: =((SUM($D$6:$D$8)/$D$5*E80+SUM($AA$6:$AA$8)/$AA$5*E81)-E83)/E83 -> #REF! | N49: =((SUM($D$6:$D$8)/$D$5*F80+SUM($AA$6:$AA$8)/$AA$5*F81)-F83)/F83 -> #REF! | O49: =((SUM($D$6:$D$8)/$D$5*G80+SUM($AA$6:$AA$8)/$AA$5*G81)-G83)/G83 -> #REF! | P49: =((SUM($D$6:$D$8)/$D$5*H80+SUM($AA$6:$AA$8)/$AA$5*H81)-H83)/H83 -> #REF! | Q49: =((SUM($D$6:$D$8)/$D$5*I80+SUM($AA$6:$AA$8)/$AA$5*I81)-I83)/I83 -> #REF! | R49: =((SUM($D$6:$D$8)/$D$5*J80+SUM($AA$6:$AA$8)/$AA$5*J81)-J83)/J83 -> #REF! | S49: =((SUM($D$6:$D$8)/$D$5*K80+SUM($AA$6:$AA$8)/$AA$5*K81)-K83)/K83 -> #REF! | ... AG49: =((SUM($D$6:$D$8)/$D$5*Y80+SUM($AA$6:$AA$8)/$AA$5*Y81)-Y83)/Y83 -> #REF!
B50: slakt, stutar | D50: =SUM(F7:G7,AC7:AD7) -> #REF! | E50: =SUM(G7,AD7) -> #REF! | F50: =(D50/1000-D70)/D70 -> #REF! | G50: =(D50-'G&D sammanställning'!R9)/'G&D sammanställning'!R9 -> #REF! | H50: =(E50/1000-D70*AD70/100)/(D70*AD70/100) -> #REF!
B51: slakt, tjurar | D51: =SUM(F8:G8,AC8:AD8) -> #REF! | E51: =SUM(G8,AD8) -> #REF! | F51: =(D51/1000-SUM(D71:D73))/SUM(D71:D73) -> #REF! | G51: =(D51-'G&D sammanställning'!R10)/'G&D sammanställning'!R10 -> #REF! | H51: =(E51/1000-D74*AD74/100)/(D74*AD74/100) -> #REF! | J51: Djur i december | L51: Hela riket | M51: Götalands södra slättbygder | N51: Götalands mellanbygder | O51: Götalands skogsbygder | P51: Götalands norra slättbygder | Q51: Svealands slättbygder | R51: Mellersta Sveriges skogsbygder | S51: Nedre Norrland | T51: Övre Norrland
B52: slakt, kalvar | D52: =SUM(F9:G9,AC9:AD9) -> #REF! | E52: =SUM(G9,AD9) -> #REF! | F52: =(D52/1000-D69)/D69 -> #REF! | G52: =(D52-'G&D sammanställning'!R13)/'G&D sammanställning'!R13 -> #REF! | H52: =(E52/1000-D69*AD69/100)/(D69*AD69/100) -> #REF! | J52: Kalvar, under 1 år | L52: =(($D$9/$D$5*D89+$AA$9/$AA$5*D90)-D87)/D87 -> #REF! | M52: =(($D$9/$D$5*E89+$AA$9/$AA$5*E90)-E87)/E87 -> #REF! | N52: =(($D$9/$D$5*F89+$AA$9/$AA$5*F90)-F87)/F87 -> #REF! | O52: =(($D$9/$D$5*G89+$AA$9/$AA$5*G90)-G87)/G87 -> #REF! | P52: =(($D$9/$D$5*H89+$AA$9/$AA$5*H90)-H87)/H87 -> #REF! | Q52: =(($D$9/$D$5*I89+$AA$9/$AA$5*I90)-I87)/I87 -> #REF! | R52: =(($D$9/$D$5*J89+$AA$9/$AA$5*J90)-J87)/J87 -> #REF! | S52: =(($D$9/$D$5*K89+$AA$9/$AA$5*K90)-K87)/K87 -> #REF! | T52: =(($D$9/$D$5*L89+$AA$9/$AA$5*L90)-L87)/L87 -> #REF! | AA52: Ungdjur flyttas från norra Sverige till södra
B53: slakt, total (exkl. kor) | D53: =SUM(D49:D52) -> #REF! | E53: =SUM(G6:G9,AD6:AD9) -> #REF! | F53: =(D53/1000-SUM(D68:D73))/SUM(D68:D73) -> #REF! | G53: =(D53-SUM('G&D sammanställning'!R8:R10,'G&D sammanställning'!R13))/SUM('G&D sammanställning'!R8:R10,'G&D sammanställning'!R13) -> #REF! | H53: =(E53/1000-D75*AD75/100)/(D75*AD75/100) -> #REF! | J53: Kvigor, tjurar och stutar | L53: =((SUM($D$6:$D$8)/$D$5*D89+SUM($AA$6:$AA$8)/$AA$5*D90)-D91)/D91 -> #REF! | M53: =((SUM($D$6:$D$8)/$D$5*E89+SUM($AA$6:$AA$8)/$AA$5*E90)-E91)/E91 -> #REF! | N53: =((SUM($D$6:$D$8)/$D$5*F89+SUM($AA$6:$AA$8)/$AA$5*F90)-F91)/F91 -> #REF! | O53: =((SUM($D$6:$D$8)/$D$5*G89+SUM($AA$6:$AA$8)/$AA$5*G90)-G91)/G91 -> #REF! | P53: =((SUM($D$6:$D$8)/$D$5*H89+SUM($AA$6:$AA$8)/$AA$5*H90)-H91)/H91 -> #REF! | Q53: =((SUM($D$6:$D$8)/$D$5*I89+SUM($AA$6:$AA$8)/$AA$5*I90)-I91)/I91 -> #REF! | R53: =((SUM($D$6:$D$8)/$D$5*J89+SUM($AA$6:$AA$8)/$AA$5*J90)-J91)/J91 -> #REF! | S53: =((SUM($D$6:$D$8)/$D$5*K89+SUM($AA$6:$AA$8)/$AA$5*K90)-K91)/K91 -> #REF! | T53: =((SUM($D$6:$D$8)/$D$5*L89+SUM($AA$6:$AA$8)/$AA$5*L90)-L91)/L91 -> #REF!
B54: slakt, total | D54: =SUM(D48:D52) -> #REF! | E54: =SUM(G5:G9,AD5:AD9) -> #REF! | F54: =(D54/1000-D76)/D76 -> #REF! | G54: =(D54-SUM('G&D sammanställning'!R5,'G&D sammanställning'!R8:R10,'G&D sammanställning'!R13))/SUM('G&D sammanställning'!R5,'G&D sammanställning'!R8:R10,'G&D sammanställning'!R13) -> #REF! | H54: =(E54/1000-D76*AD76/100)/(D76*AD76/100) -> #REF!
B56: Andel eko, medel 2016-2020
D57: mod. | E57: 00 Riket | F57: 01 Stockholms län | G57: 03 Uppsala län | H57: 04 Södermanlands län | I57: 05 Östergötlands län | J57: 06 Jönköpings län | K57: 07 Kronobergs län | L57: 08 Kalmar län | M57: 09 Gotlands län | N57: 10 Blekinge län | O57: 12 Skåne län | P57: 13 Hallands län | Q57: 14 Västra Götalands län | R57: 17 Värmlands län | S57: 18 Örebro län | T57: 19 Västmanlands län | U57: 20 Dalarnas län | V57: 21 Gävleborgs län | W57: 22 Västernorrlands län | X57: 23 Jämtlands län | Y57: 24 Västerbottens län | Z57: 25 Norrbottens län
B58: Kor för mjölkproduktion | D58: =E5/SUM(D5:E5)*100 -> 17.4 | E58: 17.4 | F58: 23.6 | G58: 34.8 | H58: 27.4 | I58: 23.8 | J58: 18.8 | K58: 9.4 | L58: 4.6 | M58: 6.6 | N58: 11 | O58: 12.6 | P58: 8.4 | Q58: 25 | R58: 32 | S58: 37.8 | T58: 34.6 | U58: 31.6 | V58: 24.8 | W58: 11 | X58: 18.8 | Y58: 12.2 | Z58: 9.4 | AF58: Victora Thullier LRF
B59: Kor för uppfödning av kalvar | D59: =AB5/SUM(AA5:AB5)*100 -> 35.2 | E59: 35.2 | F59: 38.6 | G59: 35 | H59: 54 | I59: 49 | J59: 26.4 | K59: 22.2 | L59: 22.6 | M59: 32.4 | N59: 8.2 | O59: 13.8 | P59: 20.8 | Q59: 48.8 | R59: 57 | S59: 45.8 | T59: 50.2 | U59: 50 | V59: 49.4 | W59: 50.2 | X59: 61.4 | Y59: 36 | Z59: 40.4 | AF59: Ekologiska lantbrukarna
B60: Kvigor, tjurar och stutar | D60: =SUM(E6:E8,AB6:AB8)/SUM(D6:E8,AA6:AB8)*100 -> #REF! | E60: 19.6 | F60: 31.4 | G60: 30.2 | H60: 28.4 | I60: 26.4 | J60: 16.2 | K60: 11.8 | L60: 7.4 | M60: 10 | N60: 6.6 | O60: 10.6 | P60: 10.2 | Q60: 26.8 | R60: 43.6 | S60: 34 | T60: 35.8 | U60: 30.2 | V60: 30.6 | W60: 23.8 | X60: 30.6 | Y60: 13.2 | Z60: 13.2
B61: Kalvar, under 1 år | D61: =SUM(E9,AB9)/SUM(D9:E9,AA9:AB9)*100 -> #REF! | E61: 20.8 | F61: 31.6 | G61: 27.4 | H61: 32 | I61: 28.6 | J61: 19.2 | K61: 14.2 | L61: 8.4 | M61: 11.4 | N61: 7.8 | O61: 10.8 | P61: 9.6 | Q61: 28.2 | R61: 43.4 | S61: 30.8 | T61: 29.2 | U61: 30.8 | V61: 30.8 | W61: 25.6 | X61: 35.2 | Y61: 13.4 | Z61: 12
B63: Slaktstatistik, 1000-tal slaktade djur, medel 2016-2020
D64: 00 Riket | E64: 01 Stockholms län | F64: 03 Uppsala län | G64: 04 Södermanlands län | H64: 05 Östergötlands län | I64: 06 Jönköpings län | J64: 07 Kronobergs län | K64: 08 Kalmar län | L64: 09 Gotlands län | M64: 10 Blekinge län | N64: 12 Skåne län | O64: 13 Hallands län | P64: 14 Västra Götalands län | Q64: 17 Värmlands län | R64: 18 Örebro län | S64: 19 Västmanlands län | T64: 20 Dalarnas län | U64: 21 Gävleborgs län | V64: 22 Västernorrlands län | W64: 23 Jämtlands län | X64: 24 Västerbottens län | Y64: 25 Norrbottens län | Z64: Okänd | AC64: PROCENT EKOLOGISK
B65: Ungko | D65: 35.743333 | E65: 0.28 | F65: 0.89666667 | G65: 1.0833333 | H65: 2.87 | I65: 3.2833333 | J65: 1.73 | K65: 4.2733333 | L65: 1.07 | M65: 0.54666667 | N65: 5.2333333 | O65: 2.6466667 | P65: 6.7366667 | Q65: 1.0266667 | R65: 0.72333333 | S65: 0.43 | T65: 0.51 | U65: 0.81666667 | V65: 0.50333333 | W65: 0.47333333 | X65: 0.37666667 | Y65: 0.10333333 | Z65: 0.14 | AC65: Ungko | AD65: 18.46 | AE65: =D65*AD65/100 -> 6.5982193
B66: Ko | D66: 104.37 | E66: 1.1766667 | F66: 3.2466667 | G66: 2.9333333 | H66: 7.6633333 | I66: 8.9266667 | J66: 4.0333333 | K66: 10.626667 | L66: 4.4166667 | M66: 1.6266667 | N66: 13.51 | O66: 6.5766667 | P66: 17.593333 | Q66: 3.0033333 | R66: 2.1933333 | S66: 1.3266667 | T66: 2.3966667 | U66: 3.1666667 | V66: 2.3166667 | W66: 2.3033333 | X66: 3.3966667 | Y66: 1.4166667 | Z66: 0.52333333 | AC66: Ko | AD66: 20.98 | AE66: =D66*AD66/100 -> 21.896826
B67: Kor, tot | D67: =SUM(D65:D66) -> 140.11333 | E67: =SUM(E65:E66) -> 1.4566667 | F67: =SUM(F65:F66) -> 4.1433333 | G67: =SUM(G65:G66) -> 4.0166667 | H67: =SUM(H65:H66) -> 10.533333 | I67: =SUM(I65:I66) -> 12.21 | J67: =SUM(J65:J66) -> 5.7633333 | K67: =SUM(K65:K66) -> 14.9 | ... Z67: =SUM(Z65:Z66) -> 0.66333333 | AC67: Kor, tot | AD67: =SUMPRODUCT(D65:D66,AD65:AD66)/D67 -> 20.33714 | AE67: =D67*AD67/100 -> 28.495045
B68: Kviga | D68: 59.748 | E68: 0.814 | F68: 1.514 | G68: 2.012 | H68: 3.774 | I68: 4.664 | J68: 2.392 | K68: 6.052 | L68: 3.076 | M68: 1.288 | N68: 10.8 | O68: 3.674 | P68: 10.156 | Q68: 1.974 | R68: 1.388 | S68: 0.686 | T68: 1.002 | U68: 1.22 | V68: 0.684 | W68: 0.77 | X68: 1.024 | Y68: 0.446 | Z68: 0.346 | AC68: Kviga | AD68: 19.28 | AE68: =D68*AD68/100 -> 11.519414
B69: Mellankalv | D69: 14.523333 | E69: 0.12666667 | F69: 1.68 | G69: 0.22333333 | H69: 0.20666667 | I69: 0.38666667 | J69: 0.083333333 | K69: 0.08 | L69: 0.01 | M69: 0.083333333 | N69: 3.22 | O69: 0.87333333 | P69: 4.0333333 | Q69: 0.086666667 | R69: 0.3 | S69: 2 | T69: 0.23666667 | U69: 0.27333333 | V69: 0.10666667 | W69: 0.3 | X69: 0.063333333 | Y69: 0.073333333 | Z69: 0.09 | AC69: Mellankalv | AD69: 7.72 | AE69: =D69*AD69/100 -> 1.1212013
B70: Stut | D70: 34.85 | E70: 0.694 | F70: 1.754 | G70: 1.006 | H70: 2.608 | I70: 3.6 | J70: 2.064 | K70: 4.218 | L70: 1.024 | M70: 0.352 | N70: 3.106 | O70: 1.348 | P70: 6.946 | Q70: 1.098 | R70: 0.77 | S70: 0.406 | T70: 0.426 | U70: 1.088 | V70: 0.298 | W70: 0.748 | X70: 0.826 | Y70: 0.288 | Z70: 0.178 | AC70: Stut | AD70: 27.14 | AE70: =D70*AD70/100 -> 9.45829
B71: Ungtjur | D71: 154.28667 | E71: 1.0466667 | F71: 2.91 | G71: 5.7266667 | H71: 11.753333 | I71: 11 | J71: 5.5966667 | K71: 15.916667 | L71: 9.7233333 | M71: 3.67 | N71: 25.656667 | O71: 9.6866667 | P71: 24.626667 | Q71: 4.91 | R71: 4.4866667 | S71: 2.0633333 | T71: 3.9133333 | U71: 4.3433333 | V71: 1.6266667 | W71: 1.5533333 | X71: 2.38 | Y71: 1.3333333 | Z71: 0.36333333 | AC71: Ungtjur | AD71: 7.72 | AE71: =D71*AD71/100 -> 11.910931
B72: Yngre tjur | D72: 21.216667 | E72: 0.07 | F72: 0.13333333 | G72: 0.44 | H72: 1.0733333 | I72: 1.8833333 | J72: 1.04 | K72: 1.97 | L72: 1.08 | M72: 0.38666667 | N72: 3.16 | O72: 0.67333333 | P72: 5.05 | Q72: 1.1 | R72: 0.52333333 | S72: 0.24333333 | T72: 0.35 | U72: 0.49333333 | V72: 0.33333333 | W72: 0.36333333 | X72: 0.63666667 | Y72: 0.15666667 | Z72: 0.07 | AC72: Yngre tjur | AD72: 12.48 | AE72: =D72*AD72/100 -> 2.64784
B73: Äldre tjur | D73: 3.1333333 | E73: 0.043333333 | F73: 0.066666667 | G73: 0.086666667 | H73: 0.19333333 | I73: 0.27666667 | J73: 0.14 | K73: 0.22666667 | L73: 0.096666667 | M73: 0.076666667 | N73: 0.60333333 | O73: 0.11666667 | P73: 0.56666667 | Q73: 0.11333333 | R73: 0.07 | S73: 0.04 | T73: 0.08 | U73: 0.096666667 | V73: 0.056666667 | W73: 0.066666667 | X73: 0.073333333 | Y73: 0.016666667 | Z73: 0.04 | AC73: Äldre tjur | AD73: 27.5 | AE73: =D73*AD73/100 -> 0.86166667
B74: Tjur, tot | D74: =SUM(D71:D73) -> 178.63667 | E74: =SUM(E71:E73) -> 1.16 | F74: =SUM(F71:F73) -> 3.11 | G74: =SUM(G71:G73) -> 6.2533333 | H74: =SUM(H71:H73) -> 13.02 | I74: =SUM(I71:I73) -> 13.16 | J74: =SUM(J71:J73) -> 6.7766667 | K74: =SUM(K71:K73) -> 18.113333 | ... Z74: =SUM(Z71:Z73) -> 0.47333333 | AC74: Tjur, tot | AD74: =SUMPRODUCT(D71:D73,AD71:AD73)/D74 -> 8.6322912 | AE74: =D74*AD74/100 -> 15.420437
B75: Total, exkl kor | D75: =SUM(D68:D73) -> 287.758 | E75: =SUM(E68:E73) -> 2.7946667 | F75: =SUM(F68:F73) -> 8.058 | G75: =SUM(G68:G73) -> 9.4946667 | H75: =SUM(H68:H73) -> 19.608667 | I75: =SUM(I68:I73) -> 21.810667 | J75: =SUM(J68:J73) -> 11.316 | K75: =SUM(K68:K73) -> 28.463333 | ... Z75: =SUM(Z68:Z73) -> 1.0873333 | AC75: Total, exkl kor | AD75: =SUMPRODUCT(D68:D73,AD68:AD73)/D75 -> 13.038506 | AE75: =D75*AD75/100 -> 37.519343
B76: Total | D76: =SUM(D65:D66,D68:D73) -> 427.87133 | E76: =SUM(E65:E66,E68:E73) -> 4.2513333 | F76: =SUM(F65:F66,F68:F73) -> 12.201333 | G76: =SUM(G65:G66,G68:G73) -> 13.511333 | H76: =SUM(H65:H66,H68:H73) -> 30.142 | I76: =SUM(I65:I66,I68:I73) -> 34.020667 | J76: =SUM(J65:J66,J68:J73) -> 17.079333 | K76: =SUM(K65:K66,K68:K73) -> 43.363333 | ... Z76: =SUM(Z65:Z66,Z68:Z73) -> 1.7506667 | AC76: Total | AD76: =(SUMPRODUCT(D65:D66,AD65:AD66)+SUMPRODUCT(D68:D73,AD68:AD73))/D76 -> 15.428561 | AE76: =D76*AD76/100 -> 66.014388
B78: Antal djur i juni, medel 2016-2020
D79: 00 Riket | E79: 01 Stockholms län | F79: 03 Uppsala län | G79: 04 Södermanlands län | H79: 05 Östergötlands län | I79: 06 Jönköpings län | J79: 07 Kronobergs län | K79: 08 Kalmar län | L79: 09 Gotlands län | M79: 10 Blekinge län | N79: 12 Skåne län | O79: 13 Hallands län | P79: 14 Västra Götalands län | Q79: 17 Värmlands län | R79: 18 Örebro län | S79: 19 Västmanlands län | T79: 20 Dalarnas län | U79: 21 Gävleborgs län | V79: 22 Västernorrlands län | W79: 23 Jämtlands län | X79: 24 Västerbottens län | Y79: 25 Norrbottens län | AC79: PROCENT EKOLOGISK
B80: Kor för mjölkproduktion | D80: 316238 | E80: 2717.2 | F80: 9318 | G80: 8206.4 | H80: 22933.8 | I80: 27619.8 | J80: 11545.6 | K80: 37903.2 | L80: 14629.4 | M80: 3597.4 | N80: 36976.8 | O80: 24239.8 | P80: 55299 | Q80: 6701.8 | R80: 5795.4 | S80: 3987.8 | T80: 5756 | U80: 8167.8 | V80: 6641.6 | W80: 6628.8 | X80: 12408.8 | Y80: 5163.6 | AC80: Kor för mjölkproduktion | AD80: 17.4
B81: Kor för uppfödning av kalvar | D81: 206514 | E81: 3219.4 | F81: 5281 | G81: 6811.2 | H81: 15615.8 | I81: 17393.2 | J81: 10283.8 | K81: 14520 | L81: 5263 | M81: 5621.8 | N81: 37247 | O81: 8272.4 | P81: 34587.6 | Q81: 10191.8 | R81: 5383.4 | S81: 2824.8 | T81: 5603.4 | U81: 6685 | V81: 4109 | W81: 4754.6 | X81: 1753.4 | Y81: 1092.4 | AC81: Kor för uppfödning av kalvar | AD81: 35.2
B82: Kalvar, under 1 år | D82: 467134.4 | E82: 4924.2 | F82: 13111.4 | G82: 14340 | H82: 35147.6 | I82: 39485.2 | J82: 20024.2 | K82: 45730.2 | L82: 18895.2 | M82: 8384.4 | N82: 68011.6 | O82: 28257.6 | P82: 82445.2 | Q82: 14936.4 | R82: 11077.8 | S82: 7205.6 | T82: 9989.6 | U82: 12869.4 | V82: 7652 | W82: 8723.4 | X82: 10820.2 | Y82: 4959.2 | AC82: Kalvar, under 1 år | AD82: 20.8
B83: Kvigor, tjurar och stutar | D83: 493490.2 | E83: 5801.2 | F83: 13280.4 | G83: 14549.8 | H83: 35558.2 | I83: 42702.2 | J83: 21332.4 | K83: 51429 | L83: 21370.4 | M83: 9197.4 | N83: 69973.4 | O83: 27131.6 | P83: 88191.8 | Q83: 17959.4 | R83: 11313.8 | S83: 5906.4 | T83: 9578.2 | U83: 13567 | V83: 8331.2 | W83: 9192.8 | X83: 11901.6 | Y83: 5222 | AC83: Kvigor, tjurar och stutar | AD83: 19.6
B85: Antal djur i december, medel 2016-2020
D86: Hela riket | E86: Götalands södra slättbygder | F86: Götalands mellanbygder | G86: Götalands skogsbygder | H86: Götalands norra slättbygder | I86: Svealands slättbygder | J86: Mellersta Sveriges skogsbygder | K86: Nedre Norrland | L86: Övre Norrland
B87: Kalvar, under 1 år | D87: 465343.6 | E87: 32163.8 | F87: 87137 | G87: 160665.2 | H87: 59280.4 | I87: 52508.6 | J87: 27806.6 | K87: 28476.2 | L87: 17305.8
B88: Kor - totalt | D88: 509619 | E88: 35341.2 | F88: 88843.4 | G88: 180449.6 | H88: 60213.6 | I88: 53861.4 | J88: 32377.4 | K88: 35998.6 | L88: 22533.8
B89: Kor för mjölkproduktion | D89: 313676.8 | E89: 25430.6 | F89: 61340.4 | G89: 101882 | H89: 39782.8 | I89: 29534.4 | J89: 15866.6 | K89: 21667 | L89: 18173
B90: Kor för uppfödning av kalvar | D90: 195942.2 | E90: 9910.6 | F90: 27503 | G90: 78567.6 | H90: 20430.8 | I90: 24327 | J90: 16510.8 | K90: 14331.6 | L90: 4360.8
B91: Kvigor, tjurar och stutar | D91: 448180.4 | E91: 27090.6 | F91: 82824.2 | G91: 158753.2 | H91: 54943.4 | I91: 49616.6 | J91: 27569 | K91: 28922.2 | L91: 18461.2
B92: Nötkreatur - totalt | D92: 1423143 | E92: 94595.6 | F92: 258804.6 | G92: 499868 | H92: 174437.4 | I92: 155986.6 | J92: 87753 | K92: 93397 | L92: 58300.8
B94: Number of suckler cows per farm. Used to assume number of breeding bulls (i.e. one per farm)
C96: Total | F96: Organic | I96: Conventional
C97: cows | D97: farms | E97: cows/farm | F97: cows | G97: farms | H97: cows/farm | I97: cows | J97: farms | K97: cows/farm
B98: 2016 | C98: 193657 | D98: 10379 | E98: =C98/D98 -> 18.658541 | F98: 67398 | G98: 2191 | H98: =F98/G98 -> 30.761296 | I98: =C98-F98 -> 126259 | J98: =D98-G98 -> 8188 | K98: =I98/J98 -> 15.420005
B99: 2017 | C99: 207620 | D99: 10471 | E99: =C99/D99 -> 19.828097 | F99: 70054 | G99: 2210 | H99: =F99/G99 -> 31.698643 | I99: =C99-F99 -> 137566 | J99: =D99-G99 -> 8261 | K99: =I99/J99 -> 16.652463
B100: 2018 | C100: 214257 | D100: 10418 | E100: =C100/D100 -> 20.56604 | F100: 75021 | G100: 2330 | H100: =F100/G100 -> 32.197854 | I100: =C100-F100 -> 139236 | J100: =D100-G100 -> 8088 | K100: =I100/J100 -> 17.215134
B101: 2019 | C101: 210086 | D101: 10266 | E101: =C101/D101 -> 20.464251 | F101: 74796 | G101: 2386 | H101: =F101/G101 -> 31.347863 | I101: =C101-F101 -> 135290 | J101: =D101-G101 -> 7880 | K101: =I101/J101 -> 17.168782
B102: 2020 | C102: 206950 | D102: 10063 | E102: =C102/D102 -> 20.565438 | F102: 74103 | G102: 2291 | H102: =F102/G102 -> 32.345264 | I102: =C102-F102 -> 132847 | J102: =D102-G102 -> 7772 | K102: =I102/J102 -> 17.093026
B103: Avg | C103: =AVERAGE(C98:C102) -> 206514 | D103: =AVERAGE(D98:D102) -> 10319.4 | E103: =C103/D103 -> 20.01221 | F103: =AVERAGE(F98:F102) -> 72274.4 | G103: =AVERAGE(G98:G102) -> 2281.6 | H103: =F103/G103 -> 31.677069 | I103: =AVERAGE(I98:I102) -> 134239.6 | J103: =AVERAGE(J98:J102) -> 8037.8 | K103: =I103/J103 -> 16.701038
D104: Breeding bulls per cow: | E104: =1/E103 -> 0.049969494 | H104: =1/H103 -> 0.031568578 | K104: =1/K103 -> 0.059876519

Sheet Foderstater
B2: FEED RATIONS | D2: Ahlgren et al 2022 | Y2: Mikaela Lindberg | AA2: Einarsson et al 2022 SM2
B3: kg/head/year | D3: Tabell 10 | M3: Tabell 11 | S3: Tabell 12 | Y3: pers. com. 2023-04 | AA3: ('Feed rations') | AD3: Dairy cows | AE3: Calves, dairy, replacement | AF3: Heifers, dairy, replacement | AG3: Suckler cows | AH3: Calves, for slaughter | AI3: Calves, dairy, for fattening | AJ3: Calves, suckler, replacement or fattening | AK3: Heifers, suckler, replacement | AL3: Bulls, dairy breed | AM3: Bulls, beef breed | AN3: Steers, dairy/beef | AO3: Heifers, dairy breed, for slaughter | AP3: Heifers, beef breed, for slaughter | AQ3: Calves, dariy | AR3: Calves, beef
D4: Diko (per år) | G4: Köttrastjur | J4: Avelstjur | M4: Mjölkrastjur | P4: Mjölkrasstut | S4: Köttrasstut | V4: Köttraskviga | Y4: Mjölkko | Z4: Mjölkko
B5: Feed ration | C5: DM | D5: Gsk | E5: Gns | F5: Nn | G5: Gsk | H5: Gns | I5: Nn | J5: Gsk | K5: Gns | L5: Nn | M5: Gsk | N5: Gns | O5: Nn | P5: Gsk | Q5: Gns | R5: Nn | S5: Gsk | T5: Gns | U5: Nn | V5: Gsk | W5: Gns | X5: Nn | Y5: vall | Z5: majs | AR5: Calves, dairy
B6: Vallensilage, tidigt, kg ts | C6: 1 | G6: 1229 | I6: 1329 | M6: 2119 | O6: 2130 | Y6: 2973.75 | Z6: 1619.55 | AA6: Population (heads) | AD6: 330888.67 | AE6: 134305.6 | AF6: 161884.48 | AG6: 195238.33 | AH6: 18420.386 | AI6: 143245.78 | AJ6: 175831.9 | AK6: 55410.68 | AL6: 93814.363 | AM6: 85881.771 | AN6: 36635.904 | AO6: 22798.726 | AP6: 35985.746
B7: Vallensilage, medelsen, kg ts | C7: 1 | P7: 2663 | Q7: 2561 | R7: 2690 | S7: 2568 | T7: 2502 | U7: 2401 | V7: 2506 | W7: 2459 | X7: 2431 | Y7: 711.5 | Z7: 751.15 | AA7: age | AD7: per yr | AE7: 0-12 | AF7: 12-28 | AG7: per yr | AH7: 0-8 | AI7: 0-12 | AJ7: 0-12 | AK7: 12-26 | AL7: 12-18.9 | AM7: 12-17 | AN7: 12-26 | AO7: 12-26 | AP7: 12-23
B8: Vallensilage, sent, kg ts | C8: 1 | D8: 659 | E8: 1254 | F8: 770 | K8: 1235
B9: Vallensilage, klöverrikt, kg ts | C9: 1 | H9: 1165 | N9: 1868 | AA9: Feed ration | AC9: DM
B10: Majsensilage, kg ts | C10: 1 | H10: 272 | N10: 436 | Z10: 1250.5 | AA10: Grass/clover silage | AC10: 1 | AD10: 3312 | AE10: 1200 | AF10: 1574 | AG10: 786.48686 | AH10: 262.69098 | AI10: 806.85837 | AJ10: 826.64376 | AK10: 613.65525 | AL10: 1049.6483 | AM10: 579.64056 | AN10: 1672.5065 | AO10: 1390.5375 | AP10: 1039.6552 | AQ10: =(AE10*AE$6+AI10*AI$6+AH10*AH$6)/SUM(AE$6,AH$6,AI$6) -> 951.39023 | AR10: =AJ10 -> 826.64376
B11: Helsädesensilage, kg ts | C11: 1 | D11: 977 | F11: 970 | J11: 1536 | L11: 1614 | AA11: Whole crop silage | AC11: 1 | AF11: 426 | AG11: 707 | AK11: 426
B12: Halm, kg | C12: 0.85 | E12: 299 | K12: 139 | Y12: 244 | Z12: 244 | AA12: Maize silage | AC12: 1 | AD12: 543
B13: Permanent bete, kg ts | C13: 1 | D13: 1953 | E13: 2053 | F13: 1806 | J13: 1313 | K13: 1390 | L13: 1235 | P13: 1548 | Q13: 1662 | R13: 1548 | S13: 932 | T13: 995 | U13: 951 | V13: 926 | W13: 978 | X13: 924 | AA13: Straw | AC13: 0.85 | AG13: 236.67856
B14: Bete vallåterväxt, kg ts | C14: 1 | D14: 345 | E14: 362 | F14: 319 | J14: 232 | K14: 245 | L14: 218 | P14: 273 | Q14: 293 | R14: 273 | S14: 165 | T14: 176 | U14: 168 | V14: 163 | W14: 173 | X14: 163 | Y14: 783 | Z14: 783 | AA14: Pasture | AC14: 1 | AD14: 417.5 | AE14: 250 | AF14: 700 | AG14: 2089.9187 | AI14: 148.25672 | AJ14: 315.82638 | AK14: 1270.2489 | AM14: 0 | AN14: 2115.9077 | AO14: 1860.8263 | AP14: 1391.3037 | AQ14: =(AE14*AE$6+AI14*AI$6+AH14*AH$6)/SUM(AE$6,AH$6,AI$6) -> 185.19858 | AR14: =AJ14 -> 315.82638
B15: Spannmål, kg | C15: 0.86 | G15: 861 | H15: 654 | M15: 1084 | N15: 1014 | P15: 188 | Q15: 184 | Y15: =2180.75-(Y17*U58*C17/C15) -> 1824.2423 | Z15: =1516-(Y17*U58*C17/C15) -> 1159.4923 | AA15: Grain | AC15: 0.86 | AD15: 1280.5 | AE15: 250 | AF15: 50 | AG15: 40 | AH15: 544.72413 | AI15: 470.02657 | AJ15: 352.21215 | AL15: 761.89322 | AM15: 665.02407 | AN15: 54.611532 | AO15: 304.94243 | AP15: 0 | AQ15: =(AE15*AE$6+AI15*AI$6+AH15*AH$6)/SUM(AE$6,AH$6,AI$6) -> 374.83221 | AR15: =AJ15 -> 352.21215
B16: Åkerböna/ärt, kg | C16: 0.85 | G16: 68 | H16: 78 | M16: 124 | N16: 32 | P16: 4 | Q16: 3 | AA16: Conc | AC16: 0.9 | AD16: 1350.5 | AH16: 151.88274 | AI16: 76.165488 | AJ16: 76.642835 | AM16: 70.25886 | AN16: 0 | AO16: 0 | AP16: 0 | AQ16: =(AE16*AE$6+AI16*AI$6+AH16*AH$6)/SUM(AE$6,AH$6,AI$6) -> 46.315645 | AR16: =AJ16 -> 76.642835
B17: Färdigfoder, kg | C17: 0.9 | I17: 991 | M17: 80 | N17: 79 | O17: 1279 | P17: 119 | Q17: 119 | R17: 294 | Y17: =1244*(1+U58) -> 1522.3714 | Z17: =1966*(1+U58) -> 2405.9342 | AA17: Conc. for calves | AC17: 0.9 | AE17: 14 | AH17: 13.507589 | AI17: 13.575225 | AQ17: =(AE17*AE$6+AI17*AI$6+AH17*AH$6)/SUM(AE$6,AH$6,AI$6) -> 13.763769
B18: Mineraler, kg | C18: 1 | D18: 34 | E18: 34 | F18: 34 | G18: 12 | H18: 12 | I18: 14 | J18: 33 | K18: 33 | L18: 33 | M18: 22 | N18: 22 | O18: 21 | P18: 35 | Q18: 35 | R18: 35 | S18: 26 | T18: 26 | U18: 24 | V18: 26 | W18: 26 | X18: 26 | Y18: =SUM(Y7:Y17)*0.01 -> 50.851137 | Z18: =SUM(Z7:Z17)*0.01 -> 65.940765 | AA18: Minerals | AC18: 1 | AQ18: =SUM(AQ10:AQ17)*0.006 -> 9.4290026 | AR18: =SUM(AR10:AR17)*0.006 -> 9.4279507
AA19: Milk powder | AC19: 0.95 | AE19: 40 | AH19: 39.852222 | AI19: 39.877866 | AQ19: =(AE19*AE$6+AI19*AI$6+AH19*AH$6)/SUM(AE$6,AH$6,AI$6) -> 39.931692
B20: Total | D20: =SUM(D6:D18) -> 3968 | E20: =SUM(E6:E18) -> 4002 | F20: =SUM(F6:F18) -> 3899 | G20: =SUM(G6:G18) -> 2170 | H20: =SUM(H6:H18) -> 2181 | I20: =SUM(I6:I18) -> 2334 | J20: =SUM(J6:J18) -> 3114 | K20: =SUM(K6:K18) -> 3042 | ... Z20: =SUM(Z6:Z18) -> 8279.5673 | AA20: Whole milk | AC20: 0.13 | AJ20: 1874.9852 | AR20: =AJ20 -> 1874.9852
AA21: Total (excl. milk) | AD21: =SUM(AD10:AD17) -> 6903.5 | AE21: =SUM(AE10:AE17) -> 1714 | AF21: =SUM(AF10:AF17) -> 2750 | AG21: =SUM(AG10:AG17) -> 3860.0841 | AH21: =SUM(AH10:AH17) -> 972.80544 | AI21: =SUM(AI10:AI17) -> 1514.8824 | AJ21: =SUM(AJ10:AJ17) -> 1571.3251 | AK21: =SUM(AK10:AK17) -> 2309.9042 | ... AR21: =SUM(AR10:AR17) -> 1571.3251
B22: # Mjölkkor (2018) | D22: 103131 | E22: 40386 | F22: 21929 | L22: SCB Feed industry statistics 2022
B23: # Dikor (2018) | D23: 87632 | E23: 21961 | F23: 15238 | Q23: SWE | R23: IMP | S23: TOT | T23: Dairy | V23: Beef | X23: share | Z23: Einarsson et al 2022 SM2
P24: DM | T24: DM | U24: % of DM | V24: DM | W24: % of DM | X24: to dairy | Z24: ('Feed distribution') | AC24: Dairy | AD24: share | AE24: Beef | AF24: share | AG24: Total | AH24: to dairy
B25: Einarsson et al 2022 | D25: Feeds via feed industry | L25: wheat | P25: 0.86 | Q25: 84300.8 | R25: 2279 | S25: =SUM(Q25:R25) -> 86579.8 | T25: =S25*X25*P25 -> 46200.229 | U25: =T25/SUM(T$25:T$55) -> 0.077600984 | V25: =S25*(1-X25)*P25 -> 28258.399 | W25: =V25/SUM(V$25:V$55) -> 0.25895168 | X25: =$AH$26 -> 0.62048187 | Z25: Cereals (on-farm) | AC25: =SUM(AC26:AC29) -> 332330 | AD25: =AC25/(AC$25+AC$31) -> 0.86121145 | AE25: =SUM(AE26:AE29) -> 203269.85 | AF25: =AE25/(AE$25+AE$31) -> 0.98055414 | AG25: =SUM(AG26:AG29) -> 535599.85
B26: SM2 | E26: DM | G26: DM | I26: share | J26: Share | L26: barley | P26: 0.86 | Q26: 92367.8 | R26: 1785 | S26: =SUM(Q26:R26) -> 94152.8 | T26: =S26*X26*P26 -> 50241.291 | U26: =T26/SUM(T$25:T$55) -> 0.084388621 | V26: =S26*(1-X26)*P26 -> 30730.117 | W26: =V26/SUM(V$25:V$55) -> 0.28160178 | X26: =$AH$26 -> 0.62048187 | Z26: Wheat | AC26: =AG26*AH26 -> 77812.622 | AD26: =AC26/SUM(AC$26:AC$29) -> 0.23414264 | AE26: =AG26-AC26 -> 47594.139 | AF26: =AE26/SUM(AE$26:AE$29) -> 0.23414264 | AG26: 125406.76 | AH26: 0.62048187
B27: Feed name | C27: DM | D27: Dairy | E27: share | F27: Beef | G27: share | H27: Total | I27: to dairy | J27: import | L27: oats | P27: 0.86 | Q27: 31831.5 | R27: 0 | S27: =SUM(Q27:R27) -> 31831.5 | T27: =S27*X27*P27 -> 16985.747 | U27: =T27/SUM(T$25:T$55) -> 0.028530393 | V27: =S27*(1-X27)*P27 -> 10389.343 | W27: =V27/SUM(V$25:V$55) -> 0.09520489 | X27: =$AH$26 -> 0.62048187 | Z27: Triticale | AC27: =AG27*AH27 -> 61792.55 | AD27: =AC27/SUM(AC$26:AC$29) -> 0.18593732 | AE27: =AG27-AC27 -> 37795.452 | AF27: =AE27/SUM(AE$26:AE$29) -> 0.18593732 | AG27: 99588.001 | AH27: 0.62048187
B28: Grain maize | C28: 0.86 | D28: =H28*I28 -> 8000.2143 | E28: =D28*$C28/SUMPRODUCT(D$28:D$48,$C$28:$C$48) -> 0.010523812 | F28: =H28-D28 -> 631.31904 | G28: =F28*$C28/SUMPRODUCT(F$28:F$48,$C$28:$C$48) -> 0.0046480203 | H28: 8631.5333 | I28: 0.92685899 | J28: 0.27270318 | L28: triticale | P28: 0.86 | Q28: 11430.7 | R28: 0 | S28: =SUM(Q28:R28) -> 11430.7 | T28: =S28*X28*P28 -> 6099.5863 | U28: =T28/SUM(T$25:T$55) -> 0.010245272 | V28: =S28*(1-X28)*P28 -> 3730.8157 | W28: =V28/SUM(V$25:V$55) -> 0.034188101 | X28: =$AH$26 -> 0.62048187 | Z28: Barley | AC28: =AG28*AH28 -> 159717.73 | AD28: =AC28/SUM(AC$26:AC$29) -> 0.48059978 | AE28: =AG28-AC28 -> 97691.447 | AF28: =AE28/SUM(AE$26:AE$29) -> 0.48059978 | AG28: 257409.17 | AH28: 0.62048187
B29: Wheat | C29: 0.86 | D29: =H29*I29 -> 38739.786 | E29: =D29*C29/SUMPRODUCT(D$28:D$48,$C$28:$C$48) -> 0.050959914 | F29: =H29-D29 -> 23695.214 | G29: =F29*$C29/SUMPRODUCT(F$28:F$48,$C$28:$C$48) -> 0.17445353 | H29: 62435 | I29: 0.62048187 | J29: 0 | L29: rye | P29: 0.86 | Q29: 707 | R29: 0 | S29: =SUM(Q29:R29) -> 707 | T29: =S29*X29*P29 -> 377.26539 | U29: =T29/SUM(T$25:T$55) -> 0.00063368009 | V29: =S29*(1-X29)*P29 -> 230.75461 | W29: =V29/SUM(V$25:V$55) -> 0.0021145676 | X29: =$AH$26 -> 0.62048187 | Z29: Oats | AC29: =AG29*AH29 -> 33007.101 | AD29: =AC29/SUM(AC$26:AC$29) -> 0.099320257 | AE29: =AG29-AC29 -> 20188.814 | AF29: =AE29/SUM(AE$26:AE$29) -> 0.099320257 | AG29: 53195.915 | AH29: 0.62048187
B30: Triticale | C30: 0.86 | D30: =H30*I30 -> 21059.031 | E30: =D30*C30/SUMPRODUCT(D$28:D$48,$C$28:$C$48) -> 0.027701919 | F30: =H30-D30 -> 12880.769 | G30: =F30*$C30/SUMPRODUCT(F$28:F$48,$C$28:$C$48) -> 0.094833315 | H30: 33939.8 | I30: 0.62048187 | J30: 0 | L30: maize | P30: 0.86 | Q30: 16116.5 | R30: 537 | S30: =SUM(Q30:R30) -> 16653.5 | T30: =S30*X30*P30 -> 13319.469 | U30: =T30/SUM(T$25:T$55) -> 0.022372268 | V30: =S30*(1-X30)*P30 -> 1002.5407 | W30: =V30/SUM(V$25:V$55) -> 0.0091869889 | X30: =$AH$32 -> 0.93
B31: Barley | C31: 0.86 | D31: =H31*I31 -> 68413.876 | E31: =D31*C31/SUMPRODUCT(D$28:D$48,$C$28:$C$48) -> 0.089994438 | F31: =H31-D31 -> 41845.39 | G31: =F31*$C31/SUMPRODUCT(F$28:F$48,$C$28:$C$48) -> 0.3080823 | H31: 110259.27 | I31: 0.62048187 | J31: 0 | L31: peas | P31: 0.85 | Q31: 2047.3 | R31: 586 | S31: =SUM(Q31:R31) -> 2633.3 | T31: =S31*X31*P31 -> 2081.6236 | U31: =T31/SUM(T$25:T$55) -> 0.0034964338 | V31: =S31*(1-X31)*P31 -> 156.68135 | W31: =V31/SUM(V$25:V$55) -> 0.0014357819 | X31: =$AH$32 -> 0.93 | Z31: Grain legumes (on-farm) | AC31: =SUM(AC32:AC33) -> 53556.646 | AD31: =AC31/(AC$25+AC$31) -> 0.13878855 | AE31: =SUM(AE32:AE33) -> 4031.1454 | AF31: =AE31/(AE$25+AE$31) -> 0.019445856 | AG31: =SUM(AG32:AG33) -> 57587.792
B32: Oats | C32: 0.86 | D32: =H32*I32 -> 14138.341 | E32: =D32*C32/SUMPRODUCT(D$28:D$48,$C$28:$C$48) -> 0.018598158 | F32: =H32-D32 -> 8647.7253 | G32: =F32*$C32/SUMPRODUCT(F$28:F$48,$C$28:$C$48) -> 0.063667972 | H32: 22786.067 | I32: 0.62048187 | J32: 0 | L32: broad beans | P32: 0.85 | Q32: 9008.8 | R32: 40 | S32: =SUM(Q32:R32) -> 9048.8 | T32: =S32*X32*P32 -> 7153.0764 | U32: =T32/SUM(T$25:T$55) -> 0.012014784 | V32: =S32*(1-X32)*P32 -> 538.4036 | W32: =V32/SUM(V$25:V$55) -> 0.0049337726 | X32: =$AH$32 -> 0.93 | Z32: Peas | AC32: =AG32*AH32 -> 27475.937 | AD32: =AC32/SUM(AC$32:AC$33) -> 0.51302572 | AE32: =AG32-AC32 -> 2068.0813 | AF32: =AE32/SUM(AE$32:AE$33) -> 0.51302572 | AG32: 29544.018 | AH32: 0.93
B33: Peas | C33: 0.85 | D33: =H33*I33 -> 4095.4809 | E33: =D33*C33/SUMPRODUCT(D$28:D$48,$C$28:$C$48) -> 0.005324721 | F33: =H33-D33 -> 323.18573 | G33: =F33*$C33/SUMPRODUCT(F$28:F$48,$C$28:$C$48) -> 0.0023517534 | H33: 4418.6667 | I33: 0.92685899 | J33: 0 | L33: rapeseed | P33: 0.91 | Q33: 40016.7 | R33: 93785 | S33: =SUM(Q33:R33) -> 133801.7 | T33: =S33*X33*P33 -> 113236.38 | U33: =T33/SUM(T$25:T$55) -> 0.19019937 | V33: =S33*(1-X33)*P33 -> 8523.1683 | W33: =V33/SUM(V$25:V$55) -> 0.078103814 | X33: =$AH$32 -> 0.93 | Z33: Faba beans | AC33: =AG33*AH33 -> 26080.709 | AD33: =AC33/SUM(AC$32:AC$33) -> 0.48697428 | AE33: =AG33-AC33 -> 1963.0641 | AF33: =AE33/SUM(AE$32:AE$33) -> 0.48697428 | AG33: 28043.773 | AH33: 0.93
B34: Faba beans | C34: 0.85 | D34: =H34*I34 -> 11613.018 | E34: =D34*C34/SUMPRODUCT(D$28:D$48,$C$28:$C$48) -> 0.015098613 | F34: =H34-D34 -> 916.41538 | G34: =F34*$C34/SUMPRODUCT(F$28:F$48,$C$28:$C$48) -> 0.0066685586 | H34: 12529.433 | I34: 0.92685899 | J34: 0 | L34: linseed | P34: 0.91 | Q34: 98.7 | R34: 0 | S34: =SUM(Q34:R34) -> 98.7 | T34: =S34*X34*P34 -> 83.52981 | U34: =T34/SUM(T$25:T$55) -> 0.00014030224 | V34: =S34*(1-X34)*P34 -> 6.28719 | W34: =V34/SUM(V$25:V$55) -> 5.7613965e-05 | X34: =$AH$32 -> 0.93
B35: Rapeseed, whole | C35: 0.93 | D35: =H35*I35 -> 125972.19 | E35: =D35*C35/SUMPRODUCT(D$28:D$48,$C$28:$C$48) -> 0.17919696 | F35: =H35-D35 -> 9940.8137 | G35: =F35*$C35/SUMPRODUCT(F$28:F$48,$C$28:$C$48) -> 0.079145379 | H35: 135913 | I35: 0.92685899 | J35: 0.19883912 | L35: vegetable oils | P35: 1 | Q35: 2126.8 | R35: 192 | S35: =SUM(Q35:R35) -> 2318.8 | T35: =S35*X35*P35 -> 2156.484 | U35: =T35/SUM(T$25:T$55) -> 0.0036221742 | V35: =S35*(1-X35)*P35 -> 162.316 | W35: =V35/SUM(V$25:V$55) -> 0.0014874162 | X35: =$AH$32 -> 0.93
B36: Distiller’s dried grain | C36: 0.9 | D36: =H36*I36 -> 36603.206 | E36: =D36*C36/SUMPRODUCT(D$28:D$48,$C$28:$C$48) -> 0.050388875 | F36: =H36-D36 -> 2888.4603 | G36: =F36*$C36/SUMPRODUCT(F$28:F$48,$C$28:$C$48) -> 0.022255102 | H36: 39491.667 | I36: 0.92685899 | J36: 0 | L36: soybeans | P36: 0.87 | Q36: 0 | R36: 2604.6 | S36: =SUM(Q36:R36) -> 2604.6 | T36: =S36*X36*P36 -> 2107.3819 | U36: =T36/SUM(T$25:T$55) -> 0.003539699 | V36: =S36*(1-X36)*P36 -> 158.62014 | W36: =V36/SUM(V$25:V$55) -> 0.0014535484 | X36: =$AH$32 -> 0.93
B37: Bran, middlings, etc. | C37: 0.87 | D37: =H37*I37 -> 90204.111 | E37: =D37*C37/SUMPRODUCT(D$28:D$48,$C$28:$C$48) -> 0.12003796 | F37: =H37-D37 -> 7118.2559 | G37: =F37*$C37/SUMPRODUCT(F$28:F$48,$C$28:$C$48) -> 0.053016802 | H37: 97322.367 | I37: 0.92685899 | J37: 0 | L37: soybean meal | P37: 0.875 | Q37: 6226.3 | R37: 17429.8 | S37: =SUM(Q37:R37) -> 23656.1 | T37: =S37*X37*P37 -> 19250.151 | U37: =T37/SUM(T$25:T$55) -> 0.032333837 | V37: =S37*(1-X37)*P37 -> 1448.9361 | W37: =V37/SUM(V$25:V$55) -> 0.013277626 | X37: =$AH$32 -> 0.93
B38: Palm kernel expeller | C38: 0.91 | D38: =H38*I38 -> 29382.975 | E38: =D38*C38/SUMPRODUCT(D$28:D$48,$C$28:$C$48) -> 0.040898763 | F38: =H38-D38 -> 2318.6918 | G38: =F38*$C38/SUMPRODUCT(F$28:F$48,$C$28:$C$48) -> 0.018063633 | H38: 31701.667 | I38: 0.92685899 | J38: 1 | L38: soybean protein concentrate | P38: 0.87 | Q38: 0 | R38: 0 | S38: =SUM(Q38:R38) -> 0 | T38: =S38*X38*P38 -> 0 | U38: =T38/SUM(T$25:T$55) -> 0 | V38: =S38*(1-X38)*P38 -> 0 | W38: =V38/SUM(V$25:V$55) -> 0 | X38: =$AH$32 -> 0.93
B39: Soybeans, whole | C39: 0.87 | D39: =H39*I39 -> 15543.487 | E39: =D39*C39/SUMPRODUCT(D$28:D$48,$C$28:$C$48) -> 0.020684295 | F39: =H39-D39 -> 1226.5796 | G39: =F39*$C39/SUMPRODUCT(F$28:F$48,$C$28:$C$48) -> 0.0091355702 | H39: 16770.067 | I39: 0.92685899 | J39: 1 | L39: rapeseed meal | P39: 0.895 | Q39: 143785.1 | R39: 34843 | S39: =SUM(Q39:R39) -> 178628.1 | T39: =S39*X39*P39 -> 148681.1 | U39: =T39/SUM(T$25:T$55) -> 0.24973468 | V39: =S39*(1-X39)*P39 -> 11191.05 | W39: =V39/SUM(V$25:V$55) -> 0.1025515 | X39: =$AH$32 -> 0.93
B40: Soybean meal via feed industry | C40: 0.87 | D40: =H40*I40 -> 39489.569 | E40: =D40*C40/SUMPRODUCT(D$28:D$48,$C$28:$C$48) -> 0.052550235 | F40: =H40-D40 -> 3116.2311 | G40: =F40*$C40/SUMPRODUCT(F$28:F$48,$C$28:$C$48) -> 0.023209703 | H40: 42605.8 | I40: 0.92685899 | J40: 1 | L40: sunflower seed meal | P40: 0.91 | Q40: 1937.9 | R40: 489 | S40: =SUM(Q40:R40) -> 2426.9 | T40: =S40*X40*P40 -> 2053.8855 | U40: =T40/SUM(T$25:T$55) -> 0.0034498429 | V40: =S40*(1-X40)*P40 -> 154.59353 | W40: =V40/SUM(V$25:V$55) -> 0.0014166498 | X40: =$AH$32 -> 0.93
B41: Rapeseed meal | C41: 0.9 | D41: =H41*I41 -> 103581.4 | E41: =D41*C41/SUMPRODUCT(D$28:D$48,$C$28:$C$48) -> 0.14259271 | F41: =H41-D41 -> 8173.8952 | G41: =F41*$C41/SUMPRODUCT(F$28:F$48,$C$28:$C$48) -> 0.062978491 | H41: 111755.3 | I41: 0.92685899 | J41: 0.60570717 | L41: palm kernel expeller | P41: 0.91 | Q41: 1397.8 | R41: 14372 | S41: =SUM(Q41:R41) -> 15769.8 | T41: =S41*X41*P41 -> 13345.982 | U41: =T41/SUM(T$25:T$55) -> 0.0224168 | V41: =S41*(1-X41)*P41 -> 1004.5363 | W41: =V41/SUM(V$25:V$55) -> 0.0092052756 | X41: =$AH$32 -> 0.93
B42: Sunflower meal | C42: 0.92 | D42: =H42*I42 -> 3649.7236 | E42: =D42*C42/SUMPRODUCT(D$28:D$48,$C$28:$C$48) -> 0.0051359504 | F42: =H42-D42 -> 288.00978 | G42: =F42*$C42/SUMPRODUCT(F$28:F$48,$C$28:$C$48) -> 0.0022683797 | H42: 3937.7333 | I42: 0.92685899 | J42: 1 | L42: luzern meal | P42: 0.9 | Q42: 3732.3 | R42: 1118 | S42: =SUM(Q42:R42) -> 4850.3 | T42: =S42*X42*P42 -> 4059.7011 | U42: =T42/SUM(T$25:T$55) -> 0.0068189445 | V42: =S42*(1-X42)*P42 -> 305.5689 | W42: =V42/SUM(V$25:V$55) -> 0.0028001438 | X42: =$AH$32 -> 0.93
B43: Luzern meal | C43: 0.9 | D43: =H43*I43 -> 2313.4679 | E43: =D43*C43/SUMPRODUCT(D$28:D$48,$C$28:$C$48) -> 0.0031847768 | F43: =H43-D43 -> 182.56215 | G43: =F43*$C43/SUMPRODUCT(F$28:F$48,$C$28:$C$48) -> 0.0014066107 | H43: =2773.36666666667*0.9 -> 2496.03 | I43: 0.92685899 | J43: 0.40587013 | L43: wheat bran | P43: 0.87 | Q43: 54666.9 | R43: 0 | S43: =SUM(Q43:R43) -> 54666.9 | T43: =S43*X43*P43 -> 44230.989 | U43: =T43/SUM(T$25:T$55) -> 0.074293316 | V43: =S43*(1-X43)*P43 -> 3329.2142 | W43: =V43/SUM(V$25:V$55) -> 0.030507942 | X43: =$AH$32 -> 0.93
B44: Potatoe protein | C44: 0.9 | D44: =H44*I44 -> 257.05198 | E44: =D44*C44/SUMPRODUCT(D$28:D$48,$C$28:$C$48) -> 0.00035386409 | F44: =H44-D44 -> 20.284683 | G44: =F44*$C44/SUMPRODUCT(F$28:F$48,$C$28:$C$48) -> 0.00015629008 | H44: =2773.36666666667*0.1 -> 277.33667 | I44: 0.92685899 | J44: 0.40587013 | L44: wheat bran, fine | P44: 0.878 | Q44: 142 | R44: 0 | S44: =SUM(Q44:R44) -> 142 | T44: =S44*X44*P44 -> 115.94868 | U44: =T44/SUM(T$25:T$55) -> 0.00019475513 | V44: =S44*(1-X44)*P44 -> 8.72732 | W44: =V44/SUM(V$25:V$55) -> 7.99746e-05 | X44: =$AH$32 -> 0.93
B45: Fat | C45: 1 | D45: =H45*I45 -> 19145.663 | E45: =D45*C45/SUMPRODUCT(D$28:D$48,$C$28:$C$48) -> 0.029284878 | F45: =H45-D45 -> 1510.8372 | G45: =F45*$C45/SUMPRODUCT(F$28:F$48,$C$28:$C$48) -> 0.012934164 | H45: 20656.5 | I45: 0.92685899 | J45: 0.26716313 | L45: oat hulls | P45: 0.876 | Q45: 6539 | R45: 0 | S45: =SUM(Q45:R45) -> 6539 | T45: =S45*X45*P45 -> 5327.1925 | U45: =T45/SUM(T$25:T$55) -> 0.0089479076 | V45: =S45*(1-X45)*P45 -> 400.97148 | W45: =V45/SUM(V$25:V$55) -> 0.003674385 | X45: =$AH$32 -> 0.93
B46: Minerals | C46: 1 | D46: =H46*I46 -> 35644.185 | E46: =D46*C46/SUMPRODUCT(D$28:D$48,$C$28:$C$48) -> 0.054520737 | F46: =H46-D46 -> 2812.7813 | G46: =F46*$C46/SUMPRODUCT(F$28:F$48,$C$28:$C$48) -> 0.024080009 | H46: 38456.967 | I46: 0.92685899 | J46: 0.14385537 | L46: oat bran | P46: 0.876 | Q46: 738 | R46: 0 | S46: =SUM(Q46:R46) -> 738 | T46: =S46*X46*P46 -> 601.23384 | U46: =T46/SUM(T$25:T$55) -> 0.0010098724 | V46: =S46*(1-X46)*P46 -> 45.25416 | W46: =V46/SUM(V$25:V$55) -> 0.00041469585 | X46: =$AH$32 -> 0.93
B47: Beet pulp | C47: 0.9 | D47: =H47*I47 -> 38744.652 | E47: =D47*C47/SUMPRODUCT(D$28:D$48,$C$28:$C$48) -> 0.053336842 | F47: =H47-D47 -> 3057.4477 | G47: =F47*$C47/SUMPRODUCT(F$28:F$48,$C$28:$C$48) -> 0.023557122 | H47: =69670.1666666667*0.6 -> 41802.1 | I47: 0.92685899 | J47: 0.46986991 | L47: rye bran | P47: 0.876 | Q47: 2276 | R47: 0 | S47: =SUM(Q47:R47) -> 2276 | T47: =S47*X47*P47 -> 1854.2117 | U47: =T47/SUM(T$25:T$55) -> 0.0031144575 | V47: =S47*(1-X47)*P47 -> 139.56432 | W47: =V47/SUM(V$25:V$55) -> 0.0012789265 | X47: =$AH$32 -> 0.93
B48: Beet molasses | C48: 0.75 | D48: =H48*I48 -> 25829.768 | E48: =D48*C48/SUMPRODUCT(D$28:D$48,$C$28:$C$48) -> 0.029631579 | F48: =H48-D48 -> 2038.2985 | G48: =F48*$C48/SUMPRODUCT(F$28:F$48,$C$28:$C$48) -> 0.01308729 | H48: =69670.1666666667*0.4 -> 27868.067 | I48: 0.92685899 | J48: 0.46986991 | L48: wheat distillers grain, dry | P48: 0.9 | Q48: 56803 | R48: 0 | S48: =SUM(Q48:R48) -> 56803 | T48: =S48*X48*P48 -> 47544.111 | U48: =T48/SUM(T$25:T$55) -> 0.079858257 | V48: =S48*(1-X48)*P48 -> 3578.589 | W48: =V48/SUM(V$25:V$55) -> 0.03279314 | X48: =$AH$32 -> 0.93
B49: Other | D49: 692.67262 | F49: 54.660713 | I49: 0.92685899 | J49: 0.15455308 | L49: barley brewers grain | P49: 0.9 | S49: =SUM(Q49:R49) -> 0 | T49: =S49*X49*P49 -> 0 | U49: =T49/SUM(T$25:T$55) -> 0 | V49: =S49*(1-X49)*P49 -> 0 | W49: =V49/SUM(V$25:V$55) -> 0 | X49: =$AH$32 -> 0.93
L50: maize gluten meal | P50: 0.885 | Q50: 198 | R50: 1547.5 | S50: =SUM(Q50:R50) -> 1745.5 | T50: =S50*X50*P50 -> 1436.6338 | U50: =T50/SUM(T$25:T$55) -> 0.0024130658 | V50: =S50*(1-X50)*P50 -> 108.13372 | W50: =V50/SUM(V$25:V$55) -> 0.00099090573 | X50: =$AH$32 -> 0.93
L51: sugar beet molasses | P51: 0.755 | Q51: 22689.45 | R51: 0 | S51: =SUM(Q51:R51) -> 22689.45 | T51: =S51*X51*P51 -> 15931.397 | U51: =T51/SUM(T$25:T$55) -> 0.026759437 | V51: =S51*(1-X51)*P51 -> 1199.1374 | W51: =V51/SUM(V$25:V$55) -> 0.010988544 | X51: =$AH$32 -> 0.93
L52: sugar beet pulp | P52: 0.895 | Q52: 9769.35 | R52: 27163.3 | S52: =SUM(Q52:R52) -> 36932.65 | T52: =S52*X52*P52 -> 30740.891 | U52: =T52/SUM(T$25:T$55) -> 0.05163445 | V52: =S52*(1-X52)*P52 -> 2313.8305 | W52: =V52/SUM(V$25:V$55) -> 0.021203264 | X52: =$AH$32 -> 0.93
L53: whey powder | P53: 0.97 | Q53: 0 | R53: 0 | S53: =SUM(Q53:R53) -> 0 | T53: =S53*X53*P53 -> 0 | U53: =T53/SUM(T$25:T$55) -> 0 | V53: =S53*(1-X53)*P53 -> 0 | W53: =V53/SUM(V$25:V$55) -> 0 | X53: =$AH$32 -> 0.93
L54: potatoe protein | P54: 0.91 | Q54: 135.5 | R54: 30.8 | S54: =SUM(Q54:R54) -> 166.3 | T54: =S54*X54*P54 -> 140.73969 | U54: =T54/SUM(T$25:T$55) -> 0.00023639576 | V54: =S54*(1-X54)*P54 -> 10.59331 | W54: =V54/SUM(V$25:V$55) -> 9.7073985e-05 | X54: =$AH$32 -> 0.93
L55: fish meal | P55: 0.92 | Q55: 0 | R55: 0 | S55: =SUM(Q55:R55) -> 0 | T55: =S55*X55*P55 -> 0 | U55: =T55/SUM(T$25:T$55) -> 0 | V55: =S55*(1-X55)*P55 -> 0 | W55: =V55/SUM(V$25:V$55) -> 0 | X55: =$AH$32 -> 0.93
L56: minerals | P56: 1 | Q56: 16268 | R56: 1347.3 | S56: =SUM(Q56:R56) -> 17615.3 | T56: =S56*X56*P56 -> 16382.229 | V56: =S56*(1-X56)*P56 -> 1233.071 | X56: =$AH$32 -> 0.93 | Z56: Grazing factor set to align 'Ley for fodder' | AE56: Einarsson et al 2022 share grazing of roughage for dairy cows
Z57: and 'Ley for grazing' areas better to | AE57: conventional | AG57: 9 | AH57: %
S58: Cereals: | T58: =SUM(T25:T30) -> 133223.59 | U58: =T58/SUM(T$58:T$59) -> 0.22377122 | V58: =SUM(V25:V30) -> 74341.97 | W58: =V58/SUM(V$58:V$59) -> 0.681248 | Z58: agricultrual statistics | AE58: organic | AG58: 14 | AH58: %
S59: Other: | T59: =SUM(T31:T55) -> 462132.64 | U59: =T59/SUM(T$58:T$59) -> 0.77622878 | V59: =SUM(V31:V55) -> 34784.177 | W59: =V59/SUM(V$58:V$59) -> 0.318752
W60: grazing factor: | X60: 1 | Y60: 1 | Z60: 1 | AA60: 1 | AB60: 1 | AC60: 1 | AD60: 0.65 | AE60: 1 | AF60: 1 | AG60: 1 | AH60: 0.65 | AI60: 1
W61: ley factor: | X61: =1+(D71*(1-X60))/SUM(D66:D67) -> 1 | Y61: =1+(E71*(1-Y60))/SUM(E66:E67) -> 1 | Z61: =1+(F71*(1-Z60))/SUM(F66:F67) -> 1 | AA61: =1+(G71*(1-AA60))/SUM(G66:G67) -> 1 | AB61: =1+(H71*(1-AB60))/SUM(H66:H67) -> 1 | AC61: =1+(I71*(1-AC60))/SUM(I66:I67) -> 1 | AD61: =1+(J71*(1-AD60))/SUM(J66:J67) -> 1.074364 | AE61: =1+(K71*(1-AE60))/SUM(K66:K67) -> 1 | ... AI61: =1+(O71*(1-AI60))/SUM(O66:O67) -> 1
B62: breed | D62: beef | E62: beef | F62: beef | G62: beef | H62: beef | I62: beef | J62: dairy | K62: dairy | L62: dairy | M62: dairy | N62: dairy | O62: dairy | X62: =D62&D63&D64 -> beefcows | Y62: =E62&E63&E64 -> beefcalves | Z62: =F62&F63 -> beef | AA62: =G62&G63 -> beef | AB62: =H62&H63&H64 -> beefbulls | AC62: =I62&I63&I64 -> beefmaize basedbulls | AD62: =J62&J63&J64 -> dairycows | AE62: =K62&K63&K64 -> dairycalves | AF62: =L62&L63 -> dairy | AG62: =M62&M63&M64 -> dairybulls | AH62: =N62&N63&N64 -> dairymaize basedcows | AI62: =O62&O63&O64 -> dairymaize basedbulls
B63: sub_system | I63: maize based | N63: maize based | O63: maize based | U63: =B66 -> ley silage, 1st cut | X63: =X61*D66/D$116*100 -> 0 | Y63: =Y61*E66/E$116*100 -> 55.386987 | Z63: =Z61*F66/F$116*100 -> 0 | AA63: =AA61*G66/G$116*100 -> 0 | AB63: =AB61*H66/H$116*100 -> 60.138714 | AC63: =AC61*I66/I$116*100 -> 56.070538 | AD63: =AD61*J66/J$116*100 -> 41.480852 | AE63: =AE61*K66/K$116*100 -> 69.988097 | ... AI63: =AI61*O66/O$116*100 -> 56.668912
B64: animal | D64: cows | E64: calves | F64: heifers | G64: steers | H64: bulls | I64: bulls | J64: cows | K64: calves | L64: steers | M64: bulls | N64: cows | O64: bulls | U64: =B67 -> ley silage, regrowth | X64: =X61*D67/D$116*100 -> 19.63847 | Y64: =Y61*E67/E$116*100 -> 0 | Z64: =Z61*F67/F$116*100 -> 68.854769 | AA64: =AA61*G67/G$116*100 -> 69.016974 | AB64: =AB61*H67/H$116*100 -> 0 | AC64: =AC61*I67/I$116*100 -> 0 | AD64: =AD61*J67/J$116*100 -> 9.9247168 | AE64: =AE61*K67/K$116*100 -> 0 | ... AI64: =AI61*O67/O$116*100 -> 0
B65: feed | U65: =B68 -> other silage | X65: =D68/D$116*100 -> 20.321711 | Y65: =E68/E$116*100 -> 0 | Z65: =F68/F$116*100 -> 0 | AA65: =G68/G$116*100 -> 0 | AB65: =H68/H$116*100 -> 0 | AC65: =I68/I$116*100 -> 0 | AD65: =J68/J$116*100 -> 0 | AE65: =K68/K$116*100 -> 0 | ... AI65: =O68/O$116*100 -> 0
B66: ley silage, 1st cut | E66: =AR10 -> 826.64376 | H66: =(G6*D23+I6*F23)/(D23+F23)*C6 -> 1243.8129 | I66: =H9*C9 -> 1165 | J66: =Y6 -> 2973.75 | K66: =AQ10 -> 951.39023 | M66: =(M6*D22+O6*F22)/(D22+F22)*C6 -> 2120.9288 | N66: =Z6 -> 1619.55 | O66: =N9*C9 -> 1868 | U66: =B69 -> maize silage | X66: =D69/D$116*100 -> 0 | Y66: =E69/E$116*100 -> 0 | Z66: =F69/F$116*100 -> 0 | AA66: =G69/G$116*100 -> 0 | AB66: =H69/H$116*100 -> 0 | AC66: =I69/I$116*100 -> 13.091147 | AD66: =J69/J$116*100 -> 0 | AE66: =K69/K$116*100 -> 0 | ... AI66: =O69/O$116*100 -> 13.226791
B67: ley silage, regrowth | D67: =SUMPRODUCT(D8:F8,D23:F23)/SUM(D23:F23)*C8 -> 777.22554 | F67: =SUMPRODUCT(V7:X7,D23:F23)/SUM(D23:F23)*C7 -> 2488.5763 | G67: =SUMPRODUCT(S7:U7,D23:F23)/SUM(D23:F23)*C7 -> 2536.0034 | J67: =Y7 -> 711.5 | L67: =SUMPRODUCT(P7:R7,D22:F22)/SUM(D22:F22)*C7 -> 2641.6801 | N67: =Z7 -> 751.15 | U67: =B70 -> straw | X67: =D70/D$116*100 -> 1.1297448 | Y67: =E70/E$116*100 -> 0 | Z67: =F70/F$116*100 -> 0 | AA67: =G70/G$116*100 -> 0 | AB67: =H70/H$116*100 -> 0 | AC67: =I70/I$116*100 -> 0 | AD67: =J70/J$116*100 -> 3.1679738 | AE67: =K70/K$116*100 -> 0 | ... AI67: =O70/O$116*100 -> 0
B68: other silage | D68: =SUMPRODUCT(D11:F11,D23:F23)/SUM(D23:F23)*C11 -> 804.26596 | U68: =B71 -> grazing | X68: =X60*D71/D$116*100 -> 58.050982 | Y68: =Y60*E71/E$116*100 -> 21.161076 | Z68: =Z60*F71/F$116*100 -> 30.425854 | AA68: =AA60*G71/G$116*100 -> 30.282083 | AB68: =AB60*H71/H$116*100 -> 0 | AC68: =AC60*I71/I$116*100 -> 0 | AD68: =AD60*J71/J$116*100 -> 6.607952 | AE68: =AE60*K71/K$116*100 -> 13.623953 | ... AI68: =AI60*O71/O$116*100 -> 0
B69: maize silage | I69: =H10*C10 -> 272 | N69: =Z10 -> 1250.5 | O69: =N10*C10 -> 436 | U69: =B82 -> wheat | X69: =(D73+D82)/D$116*100 -> 0 | Y69: =(E73+E82)/E$116*100 -> 5.3749925 | Z69: =(F73+F82)/F$116*100 -> 0 | AA69: =(G73+G82)/G$116*100 -> 0 | AB69: =(H73+H82)/H$116*100 -> 8.7950802 | AC69: =(I73+I82)/I$116*100 -> 6.3381936 | AD69: =(J73+J82)/J$116*100 -> 6.1497392 | AE69: =(K73+K82)/K$116*100 -> 3.3926453 | ... AI69: =(O73+O82)/O$116*100 -> 6.361576
B70: straw | D70: =SUMPRODUCT(D12:F12,D23:F23)/SUM(D23:F23)*C12 -> 44.711555 | J70: =Y12 -> 244 | N70: =Z12 -> 244 | U70: =B83 -> barley | X70: =(D75+D83)/D$116*100 -> 0 | Y70: =(E75+E83)/E$116*100 -> 9.8776139 | Z70: =(F75+F83)/F$116*100 -> 0 | AA70: =(G75+G83)/G$116*100 -> 0 | AB70: =(H75+H83)/H$116*100 -> 16.456273 | AC70: =(I75+I83)/I$116*100 -> 13.009739 | AD70: =(J75+J83)/J$116*100 -> 11.290606 | AE70: =(K75+K83)/K$116*100 -> 5.9696093 | ... AI70: =(O75+O83)/O$116*100 -> 12.89619
B71: grazing | D71: =SUMPRODUCT(D13:F13,D23:F23)/SUM(D23:F23)*C13+SUMPRODUCT(D14:F14,D23:F23)/SUM(D23:F23)*C14 -> 2297.4654 | E71: =AR14 -> 315.82638 | F71: =SUMPRODUCT(V13:X13,D23:F23)/SUM(D23:F23)*C13+SUMPRODUCT(V14:X14,D23:F23)/SUM(D23:F23)*C14 -> 1099.6633 | G71: =SUMPRODUCT(S13:U13,D23:F23)/SUM(D23:F23)*C13+SUMPRODUCT(S14:U14,D23:F23)/SUM(D23:F23)*C14 -> 1112.704 | J71: =Y14 -> 783 | K71: =AQ14 -> 185.19858 | L71: =SUMPRODUCT(P13:R13,D22:F22)/SUM(D22:F22)*C13+SUMPRODUCT(P14:R14,D22:F22)/SUM(D22:F22)*C14 -> 1853.7099 | N71: =Z14 -> 783 | U71: =B84 -> oats | X71: =(D76+D84)/D$116*100 -> 0 | Y71: =(E76+E84)/E$116*100 -> 2.2123443 | Z71: =(F76+F84)/F$116*100 -> 0 | AA71: =(G76+G84)/G$116*100 -> 0 | AB71: =(H76+H84)/H$116*100 -> 3.6372466 | AC71: =(I76+I84)/I$116*100 -> 2.6885792 | AD71: =(J76+J84)/J$116*100 -> 2.5305995 | AE71: =(K76+K84)/K$116*100 -> 1.380886 | ... AI71: =(O76+O84)/O$116*100 -> 2.6890354
B72: cereals | E72: =AR14*AC15*AF25 -> 266.32899 | H72: =(G15*D$23+I15*F$23)/(D$23+F$23)*C15 -> 630.77662 | I72: =H15*C15 -> 562.44 | J72: =Y15*C15 -> 1568.8484 | K72: =AQ14*AC15*AD25 -> 137.16582 | L72: =SUMPRODUCT(P15:R15,D$22:F$22)/SUM(D$22:F$22)*C15 -> 139.41045 | M72: =(M15*D$22+O15*F$22)/(D$22+F$22)*C15 -> 768.77374 | N72: =Z15*C15 -> 997.16339 | O72: =N15*C15 -> 872.04 | U72: =B85 -> triticale | X72: =(D74+D85)/D$116*100 -> 0 | Y72: =(E74+E85)/E$116*100 -> 3.4759923 | Z72: =(F74+F85)/F$116*100 -> 0 | AA72: =(G74+G85)/G$116*100 -> 0 | AB72: =(H74+H85)/H$116*100 -> 5.889148 | AC72: =(I74+I85)/I$116*100 -> 5.0332855 | AD72: =(J74+J85)/J$116*100 -> 3.9696383 | AE72: =(K74+K85)/K$116*100 -> 2.0121855 | ... AI72: =(O74+O85)/O$116*100 -> 4.9410322
B73: wheat | E73: =E$72*$AF26 -> 62.358971 | H73: =H$72*$AF26 -> 147.6917 | I73: =I$72*$AF26 -> 131.69118 | J73: =J$72*$AD26 -> 367.3343 | K73: =K$72*$AF26 -> 32.116366 | L73: =L$72*$AF26 -> 32.64193 | M73: =M$72*$AF26 -> 180.00271 | N73: =N$72*$AD26 -> 233.47847 | O73: =O$72*$AF26 -> 204.18174 | U73: =B86 -> rye | X73: =(D77+D86)/D$116*100 -> 0 | Y73: =(E77+E86)/E$116*100 -> 0.0097729344 | Z73: =(F77+F86)/F$116*100 -> 0 | AA73: =(G77+G86)/G$116*100 -> 0 | AB73: =(H77+H86)/H$116*100 -> 0.013507533 | AC73: =(I77+I86)/I$116*100 -> 0 | AD73: =(J77+J86)/J$116*100 -> 0.011272622 | AE73: =(K77+K86)/K$116*100 -> 0.0084111477 | ... AI73: =(O77+O86)/O$116*100 -> 0.0013668085
B74: triticale | E74: =E$72*$AF27 -> 49.520498 | H74: =H$72*$AF27 -> 117.28491 | I74: =I$72*$AF27 -> 104.57859 | J74: =J$72*$AD27 -> 291.70747 | K74: =K$72*$AF27 -> 25.504244 | L74: =L$72*$AF27 -> 25.921605 | M74: =M$72*$AF27 -> 142.94373 | N74: =N$72*$AD27 -> 185.40989 | O74: =O$72*$AF27 -> 162.14478 | U74: =B87 -> maize | X74: =D87/D$116*100 -> 0 | Y74: =E87/E$116*100 -> 0.042459669 | Z74: =F87/F$116*100 -> 0 | AA74: =G87/G$116*100 -> 0 | AB74: =H87/H$116*100 -> 0.058685076 | AC74: =I87/I$116*100 -> 0 | AD74: =J87/J$116*100 -> 0.39798335 | AE74: =K87/K$116*100 -> 0.036543226 | ... AI74: =O87/O$116*100 -> 0.048255589
B75: barley | E75: =E$72*$AF28 -> 127.99765 | H75: =H$72*$AF28 -> 303.15111 | I75: =I$72*$AF28 -> 270.30854 | J75: =J$72*$AD28 -> 753.9882 | K75: =K$72*$AF28 -> 65.921862 | L75: =L$72*$AF28 -> 67.000631 | M75: =M$72*$AF28 -> 369.47249 | N75: =N$72*$AD28 -> 479.23651 | O75: =O$72*$AF28 -> 419.10224 | U75: =B88 -> peas | X75: =(D79+D88)/D$116*100 -> 0 | Y75: =(E79+E88)/E$116*100 -> 0.18818836 | Z75: =(F79+F88)/F$116*100 -> 0 | AA75: =(G79+G88)/G$116*100 -> 0 | AB75: =(H79+H88)/H$116*100 -> 1.2305213 | AC75: =(I79+I88)/I$116*100 -> 1.6370482 | AD75: =(J79+J88)/J$116*100 -> 0.062198541 | AE75: =(K79+K88)/K$116*100 -> 0.83995756 | ... AI75: =(O79+O88)/O$116*100 -> 0.43086866
B76: oats | E76: =E$72*$AF29 -> 26.451863 | H76: =H$72*$AF29 -> 62.648896 | I76: =I$72*$AF29 -> 55.861686 | J76: =J$72*$AD29 -> 155.81843 | K76: =K$72*$AF29 -> 13.623344 | L76: =L$72*$AF29 -> 13.846281 | M76: =M$72*$AF29 -> 76.354805 | N76: =N$72*$AD29 -> 99.038524 | O76: =O$72*$AF29 -> 86.611237 | U76: =B89 -> broad beans | X76: =(D80+D89)/D$116*100 -> 0 | Y76: =(E80+E89)/E$116*100 -> 0.19513584 | Z76: =(F80+F89)/F$116*100 -> 0 | AA76: =(G80+G89)/G$116*100 -> 0 | AB76: =(H80+H89)/H$116*100 -> 1.1908458 | AC76: =(I80+I89)/I$116*100 -> 1.5539189 | AD76: =(J80+J89)/J$116*100 -> 0.21373264 | AE76: =(K80+K89)/K$116*100 -> 0.81150854 | ... AI76: =(O80+O89)/O$116*100 -> 0.42774567
B77: rye | U77: =B90 -> rapeseed | X77: =D90/D$116*100 -> 0 | Y77: =E90/E$116*100 -> 0.36097378 | Z77: =F90/F$116*100 -> 0 | AA77: =G90/G$116*100 -> 0 | AB77: =H90/H$116*100 -> 0.49891518 | AC77: =I90/I$116*100 -> 0 | AD77: =J90/J$116*100 -> 3.3834827 | AE77: =K90/K$116*100 -> 0.31067473 | ... AI77: =O90/O$116*100 -> 0.41024819
B78: grain legumes | E78: =AR14*AC15*AF31 -> 5.2817025 | H78: =(G16*D$23+I16*F$23)/(D$23+F$23)*C16 -> 49.238161 | I78: =H16*C16 -> 66.3 | K78: =AQ14*AC15*AD31 -> 22.104959 | L78: =SUMPRODUCT(P16:R16,D$22:F$22)/SUM(D$22:F$22)*C16 -> 2.7418596 | M78: =(M16*D$22+O16*F$22)/(D$22+F$22)*C16 -> 86.918338 | O78: =N16*C16 -> 27.2 | U78: =B91 -> linseed | X78: =D91/D$116*100 -> 0 | Y78: =E91/E$116*100 -> 0.00026627548 | Z78: =F91/F$116*100 -> 0 | AA78: =G91/G$116*100 -> 0 | AB78: =H91/H$116*100 -> 0.00036802917 | AC78: =I91/I$116*100 -> 0 | AD78: =J91/J$116*100 -> 0.0024958557 | AE78: =K91/K$116*100 -> 0.00022917195 | ... AI78: =O91/O$116*100 -> 0.00030262318
B79: peas | E79: =E$78*$AF32 -> 2.7096492 | H79: =H$78*$AF32 -> 25.260443 | I79: =I$78*$AF32 -> 34.013605 | K79: =K$78*$AD32 -> 11.340413 | L79: =L$78*$AD32 -> 1.4066445 | M79: =M$78*$AD32 -> 44.591343 | O79: =O$78*$AD32 -> 13.9543 | U79: =B92 -> vegetable oils | X79: =D92/D$116*100 -> 0 | Y79: =E92/E$116*100 -> 0.0068744179 | Z79: =F92/F$116*100 -> 0 | AA79: =G92/G$116*100 -> 0 | AB79: =H92/H$116*100 -> 0.0095013866 | AC79: =I92/I$116*100 -> 0 | AD79: =J92/J$116*100 -> 0.064435355 | AE79: =K92/K$116*100 -> 0.0059165182 | ... AI79: =O92/O$116*100 -> 0.0078128042
B80: broad beans | E80: =E$78*$AF33 -> 2.5720532 | H80: =H$78*$AF33 -> 23.977718 | I80: =I$78*$AF33 -> 32.286395 | K80: =K$78*$AD33 -> 10.764547 | L80: =L$78*$AD33 -> 1.3352151 | M80: =M$78*$AD33 -> 42.326995 | O80: =O$78*$AD33 -> 13.2457 | U80: =B93 -> soybeans | X80: =D93/D$116*100 -> 0 | Y80: =E93/E$116*100 -> 0.0067178906 | Z80: =F93/F$116*100 -> 0 | AA80: =G93/G$116*100 -> 0 | AB80: =H93/H$116*100 -> 0.0092850445 | AC80: =I93/I$116*100 -> 0 | AD80: =J93/J$116*100 -> 0.062968192 | AE80: =K93/K$116*100 -> 0.0057818018 | ... AI80: =O93/O$116*100 -> 0.0076349102
B81: concentrates | E81: =SUMPRODUCT(AR16:AR17,AC16:AC17) -> 68.978552 | H81: =(G17*D$23+I17*F$23)/(D$23+F$23)*C17 -> 132.11599 | J81: =Y17*C17 -> 1370.1343 | K81: =SUMPRODUCT(AQ16:AQ17,AC16:AC17) -> 54.071473 | L81: =SUMPRODUCT(P17:R17,D$22:F$22)/SUM(D$22:F$22)*C17 -> 127.9758 | M81: =(M17*D$22+O17*F$22)/(D$22+F$22)*C17 -> 261.21785 | N81: =Z17*C17 -> 2165.3408 | O81: =N17*C17 -> 71.1 | U81: =B94 -> soybean meal | X81: =D94/D$116*100 -> 0 | Y81: =E94/E$116*100 -> 0.061365438 | Z81: =F94/F$116*100 -> 0 | AA81: =G94/G$116*100 -> 0 | AB81: =H94/H$116*100 -> 0.084815436 | AC81: =I94/I$116*100 -> 0 | AD81: =J94/J$116*100 -> 0.57519107 | AE81: =K94/K$116*100 -> 0.052814614 | ... AI81: =O94/O$116*100 -> 0.069742072
B82: =L25 -> wheat | E82: =E$81*$W25 -> 17.862112 | H82: =H$81*$W25 -> 34.211658 | J82: =J$81*$U25 -> 106.32377 | K82: =K$81*$W25 -> 14.001899 | L82: =L$81*$W25 -> 33.139548 | M82: =M$81*$W25 -> 67.6428 | N82: =N$81*$U25 -> 168.03258 | O82: =O$81*$U25 -> 5.5174299 | U82: =B95 -> soybean protein concentrate | X82: =D95/D$116*100 -> 0 | Y82: =E95/E$116*100 -> 0 | Z82: =F95/F$116*100 -> 0 | AA82: =G95/G$116*100 -> 0 | AB82: =H95/H$116*100 -> 0 | AC82: =I95/I$116*100 -> 0 | AD82: =J95/J$116*100 -> 0 | AE82: =K95/K$116*100 -> 0 | ... AI82: =O95/O$116*100 -> 0
B83: =L26 -> barley | E83: =E$81*$W26 -> 19.424483 | H83: =H$81*$W26 -> 37.204098 | J83: =J$81*$U26 -> 115.62374 | K83: =K$81*$W26 -> 15.226623 | L83: =L$81*$W26 -> 36.038213 | M83: =M$81*$W26 -> 73.55941 | N83: =N$81*$U26 -> 182.73012 | O83: =O$81*$U26 -> 6.0000309 | U83: =B96 -> rapeseed meal | X83: =D96/D$116*100 -> 0 | Y83: =E96/E$116*100 -> 0.4739641 | Z83: =F96/F$116*100 -> 0 | AA83: =G96/G$116*100 -> 0 | AB83: =H96/H$116*100 -> 0.65508328 | AC83: =I96/I$116*100 -> 0 | AD83: =J96/J$116*100 -> 4.4425645 | AE83: =K96/K$116*100 -> 0.40792068 | ... AI83: =O96/O$116*100 -> 0.53866215
B84: =L27 -> oats | E84: =E$81*$W27 -> 6.5670954 | H84: =H$81*$W27 -> 12.578089 | J84: =J$81*$U27 -> 39.090469 | K84: =K$81*$W27 -> 5.1478686 | L84: =L$81*$W27 -> 12.183922 | M84: =M$81*$W27 -> 24.869216 | N84: =N$81*$U27 -> 61.778024 | O84: =O$81*$U27 -> 2.0285109 | U84: =B97 -> sunflower seed meal | X84: =D97/D$116*100 -> 0 | Y84: =E97/E$116*100 -> 0.0065473553 | Z84: =F97/F$116*100 -> 0 | AA84: =G97/G$116*100 -> 0 | AB84: =H97/H$116*100 -> 0.0090493414 | AC84: =I97/I$116*100 -> 0 | AD84: =J97/J$116*100 -> 0.061369729 | AE84: =K97/K$116*100 -> 0.0056350294 | ... AI84: =O97/O$116*100 -> 0.0074410962
B85: =L28 -> triticale | E85: =E$81*$W28 -> 2.3582457 | H85: =H$81*$W28 -> 4.5167949 | J85: =J$81*$U28 -> 14.037398 | K85: =K$81*$W28 -> 1.848601 | L85: =L$81*$W28 -> 4.3752496 | M85: =M$81*$W28 -> 8.9305421 | N85: =N$81*$U28 -> 22.184504 | O85: =O$81*$U28 -> 0.72843881 | U85: =B98 -> palm kernel expeller | X85: =D98/D$116*100 -> 0 | Y85: =E98/E$116*100 -> 0.042544185 | Z85: =F98/F$116*100 -> 0 | AA85: =G98/G$116*100 -> 0 | AB85: =H98/H$116*100 -> 0.058801889 | AC85: =I98/I$116*100 -> 0 | AD85: =J98/J$116*100 -> 0.39877554 | AE85: =K98/K$116*100 -> 0.036615965 | ... AI85: =O98/O$116*100 -> 0.048351642
B86: =L29 -> rye | E86: =E$81*$W29 -> 0.14585981 | H86: =H$81*$W29 -> 0.27936819 | J86: =J$81*$U29 -> 0.8682268 | K86: =K$81*$W29 -> 0.11433778 | L86: =L$81*$W29 -> 0.27061347 | M86: =M$81*$W29 -> 0.55236278 | N86: =N$81*$U29 -> 1.3721333 | O86: =O$81*$U29 -> 0.045054654 | U86: =B99 -> luzern meal | X86: =D99/D$116*100 -> 0 | Y86: =E99/E$116*100 -> 0.012941474 | Z86: =F99/F$116*100 -> 0 | AA86: =G99/G$116*100 -> 0 | AB86: =H99/H$116*100 -> 0.017886889 | AC86: =I99/I$116*100 -> 0 | AD86: =J99/J$116*100 -> 0.12130314 | AE86: =K99/K$116*100 -> 0.011138175 | ... AI86: =O99/O$116*100 -> 0.014708038
B87: =L30 -> maize | E87: =E$81*$W30 -> 0.63370519 | H87: =H$81*$W30 -> 1.2137482 | J87: =J$81*$U30 -> 30.653011 | K87: =K$81*$W30 -> 0.49675402 | L87: =L$81*$W30 -> 1.1757122 | M87: =M$81*$W30 -> 2.3998054 | N87: =N$81*$U30 -> 48.443585 | O87: =O$81*$U30 -> 1.5906683 | U87: =B100 -> wheat bran | X87: =D100/D$116*100 -> 0 | Y87: =E100/E$116*100 -> 0.1409991 | Z87: =F100/F$116*100 -> 0 | AA87: =G100/G$116*100 -> 0 | AB87: =H100/H$116*100 -> 0.19488006 | AC87: =I100/I$116*100 -> 0 | AD87: =J100/J$116*100 -> 1.321614 | AE87: =K100/K$116*100 -> 0.12135191 | ... AI87: =O100/O$116*100 -> 0.16024605
B88: =L31 -> peas | E88: =E$81*$W31 -> 0.099038158 | H88: =H$81*$W31 -> 0.18968976 | J88: =J$81*$U31 -> 4.7905837 | K88: =K$81*$W31 -> 0.077634844 | L88: =L$81*$W31 -> 0.18374534 | M88: =M$81*$W31 -> 0.37505186 | N88: =N$81*$U31 -> 7.5709708 | O88: =O$81*$U31 -> 0.24859644 | U88: =B101 -> wheat bran, fine | X88: =D101/D$116*100 -> 0 | Y88: =E101/E$116*100 -> 0.00036962003 | Z88: =F101/F$116*100 -> 0 | AA88: =G101/G$116*100 -> 0 | AB88: =H101/H$116*100 -> 0.00051086548 | AC88: =I101/I$116*100 -> 0 | AD88: =J101/J$116*100 -> 0.0034645257 | AE88: =K101/K$116*100 -> 0.00031811619 | ... AI88: =O101/O$116*100 -> 0.00042007468
B89: =L32 -> broad beans | E89: =E$81*$W32 -> 0.34032449 | H89: =H$81*$W32 -> 0.65183027 | J89: =J$81*$U32 -> 16.461867 | K89: =K$81*$W32 -> 0.26677635 | L89: =L$81*$W32 -> 0.6314035 | M89: =M$81*$W32 -> 1.2887895 | N89: =N$81*$U32 -> 26.016102 | O89: =O$81*$U32 -> 0.85425113 | U89: =B102 -> oat hulls | X89: =D102/D$116*100 -> 0 | Y89: =E102/E$116*100 -> 0.01698197 | Z89: =F102/F$116*100 -> 0 | AA89: =G102/G$116*100 -> 0 | AB89: =H102/H$116*100 -> 0.023471408 | AC89: =I102/I$116*100 -> 0 | AD89: =J102/J$116*100 -> 0.15917556 | AE89: =K102/K$116*100 -> 0.014615657 | ... AI89: =O102/O$116*100 -> 0.019300079
B90: =L33 -> rapeseed | E90: =E$81*$W33 -> 5.387488 | H90: =H$81*$W33 -> 10.318763 | J90: =J$81*$U33 -> 260.59867 | K90: =K$81*$W33 -> 4.2231883 | L90: =L$81*$W33 -> 9.995398 | M90: =M$81*$W33 -> 20.40211 | N90: =N$81*$U33 -> 411.84645 | O90: =O$81*$U33 -> 13.523175 | U90: =B103 -> oat bran | X90: =D103/D$116*100 -> 0 | Y90: =E103/E$116*100 -> 0.0019166071 | Z90: =F103/F$116*100 -> 0 | AA90: =G103/G$116*100 -> 0 | AB90: =H103/H$116*100 -> 0.0026490135 | AC90: =I103/I$116*100 -> 0 | AD90: =J103/J$116*100 -> 0.017964759 | AE90: =K103/K$116*100 -> 0.001649542 | ... AI90: =O103/O$116*100 -> 0.0021782319
B91: =L34 -> linseed | E91: =E$81*$W34 -> 0.0039741279 | H91: =H$81*$W34 -> 0.0076117262 | J91: =J$81*$U34 -> 0.1922329 | K91: =K$81*$W34 -> 0.0031152719 | L91: =L$81*$W34 -> 0.0073731932 | M91: =M$81*$W34 -> 0.015049796 | N91: =N$81*$U34 -> 0.30380215 | O91: =O$81*$U34 -> 0.0099754889 | U91: =B104 -> rye bran | X91: =D104/D$116*100 -> 0 | Y91: =E104/E$116*100 -> 0.0059108372 | Z91: =F104/F$116*100 -> 0 | AA91: =G104/G$116*100 -> 0 | AB91: =H104/H$116*100 -> 0.0081695863 | AC91: =I104/I$116*100 -> 0 | AD91: =J104/J$116*100 -> 0.055403512 | AE91: =K104/K$116*100 -> 0.0050872054 | ... AI91: =O104/O$116*100 -> 0.0067176908
B92: =L35 -> vegetable oils | E92: =E$81*$W35 -> 0.10259982 | H92: =H$81*$W35 -> 0.19651147 | J92: =J$81*$U35 -> 4.962865 | K92: =K$81*$W35 -> 0.080426785 | L92: =L$81*$W35 -> 0.19035328 | M92: =M$81*$W35 -> 0.38853966 | N92: =N$81*$U35 -> 7.8432416 | O92: =O$81*$U35 -> 0.25753659 | U92: =B105 -> wheat distillers grain, dry | X92: =D105/D$116*100 -> 0 | Y92: =E105/E$116*100 -> 0.15156064 | Z92: =F105/F$116*100 -> 0 | AA92: =G105/G$116*100 -> 0 | AB92: =H105/H$116*100 -> 0.20947755 | AC92: =I105/I$116*100 -> 0 | AD92: =J105/J$116*100 -> 1.4206095 | AE92: =K105/K$116*100 -> 0.13044177 | ... AI92: =O105/O$116*100 -> 0.17224929
B93: =L36 -> soybeans | E93: =E$81*$W36 -> 0.10026367 | H93: =H$81*$W36 -> 0.19203699 | J93: =J$81*$U36 -> 4.8498629 | K93: =K$81*$W36 -> 0.078595505 | L93: =L$81*$W36 -> 0.18601902 | M93: =M$81*$W36 -> 0.37969279 | N93: =N$81*$U36 -> 7.6646547 | O93: =O$81*$U36 -> 0.2516726 | U93: =B106 -> barley brewers grain | X93: =D106/D$116*100 -> 0 | Y93: =E106/E$116*100 -> 0 | Z93: =F106/F$116*100 -> 0 | AA93: =G106/G$116*100 -> 0 | AB93: =H106/H$116*100 -> 0 | AC93: =I106/I$116*100 -> 0 | AD93: =J106/J$116*100 -> 0 | AE93: =K106/K$116*100 -> 0 | ... AI93: =O106/O$116*100 -> 0
... B100: =L43 -> wheat bran | E100: =E$81*$W43 -> 2.1043937 | H100: =H$81*$W43 -> 4.0305871 | J100: =J$81*$U43 -> 101.79182 | K100: =K$81*$W43 -> 1.6496094 | L100: =L$81*$W43 -> 3.9042783 | M100: =M$81*$W43 -> 7.969219 | N100: =N$81*$U43 -> 160.87035 | O100: =O$81*$U43 -> 5.2822548 | U100: =B113 -> minerals | X100: =D113/D$116*100 -> 0.85909167 | Y100: =E113/E$116*100 -> 0.63169385 | Z100: =F113/F$116*100 -> 0.71937677 | AA100: =G113/G$116*100 -> 0.70094215 | AB100: =H113/H$116*100 -> 0.59452762 | AC100: =I113/I$116*100 -> 0.57755061 | AD100: =J113/J$116*100 -> 0.66022571 | AE100: =K113/K$116*100 -> 0.6936354 | ... AI100: =O113/O$116*100 -> 0.66740688
B101: =L44 -> wheat bran, fine | E101: =E$81*$W44 -> 0.0055165321 | H101: =H$81*$W44 -> 0.010565924 | J101: =J$81*$U44 -> 0.26684068 | K101: =K$81*$W44 -> 0.0043243444 | L101: =L$81*$W44 -> 0.010234813 | M101: =M$81*$W44 -> 0.020890793 | N101: =N$81*$U44 -> 0.42171123 | O101: =O$81*$U44 -> 0.01384709
B102: =L45 -> oat hulls | E102: =E$81*$W45 -> 0.25345376 | H102: =H$81*$W45 -> 0.48544502 | J102: =J$81*$U45 -> 12.259835 | K102: =K$81*$W45 -> 0.19867941 | L102: =L$81*$W45 -> 0.47023236 | M102: =M$81*$W45 -> 0.95981494 | N102: =N$81*$U45 -> 19.375269 | O102: =O$81*$U45 -> 0.63619623 | X102: =SUM(X63:X100) -> 100 | Y102: =SUM(Y63:Y100) -> 100 | Z102: =SUM(Z63:Z100) -> 100 | AA102: =SUM(AA63:AA100) -> 100 | AB102: =SUM(AB63:AB100) -> 100 | AC102: =SUM(AC63:AC100) -> 100 | AD102: =SUM(AD63:AD100) -> 100 | AE102: =SUM(AE63:AE100) -> 100 | ... AI102: =SUM(AI63:AI100) -> 100
B103: =L46 -> oat bran | E103: =E$81*$W46 -> 0.028605119 | H103: =H$81*$W46 -> 0.054787954 | J103: =J$81*$U46 -> 1.3836608 | K103: =K$81*$W46 -> 0.022423215 | L103: =L$81*$W46 -> 0.053071032 | M103: =M$81*$W46 -> 0.10832596 | N103: =N$81*$U46 -> 2.186718 | O103: =O$81*$U46 -> 0.071801929
B104: =L47 -> rye bran | E104: =E$81*$W47 -> 0.088218497 | H104: =H$81*$W47 -> 0.16896664 | J104: =J$81*$U47 -> 4.2672249 | K104: =K$81*$W47 -> 0.069153439 | L104: =L$81*$W47 -> 0.16367164 | M104: =M$81*$W47 -> 0.33407842 | N104: =N$81*$U47 -> 6.7438619 | O104: =O$81*$U47 -> 0.22143793 | W104: Roughage share (% of DM): | X104: =SUM(X63:X68) -> 99.140908 | Y104: =SUM(Y63:Y68) -> 76.548063 | Z104: =SUM(Z63:Z68) -> 99.280623 | AA104: =SUM(AA63:AA68) -> 99.299058 | AB104: =SUM(AB63:AB68) -> 60.138714 | AC104: =SUM(AC63:AC68) -> 69.161685 | AD104: =SUM(AD63:AD68) -> 61.181495 | AE104: =SUM(AE63:AE68) -> 83.61205 | ... AI104: =SUM(AI63:AI68) -> 69.895703
B105: =L48 -> wheat distillers grain, dry | E105: =E$81*$W48 -> 2.2620233 | H105: =H$81*$W48 -> 4.3324982 | J105: =J$81*$U48 -> 109.41653 | K105: =K$81*$W48 -> 1.7731734 | L105: =L$81*$W48 -> 4.1967283 | M105: =M$81*$W48 -> 8.5661534 | N105: =N$81*$U48 -> 172.92034 | O105: =O$81*$U48 -> 5.6779221 | W105: Grazing share (% of roughage): | X105: =X68/X104*100 -> 58.554014 | Y105: =Y68/Y104*100 -> 27.64417 | Z105: =Z68/Z104*100 -> 30.646317 | AA105: =AA68/AA104*100 -> 30.495842 | AB105: =AB68/AB104*100 -> 0 | AC105: =AC68/AC104*100 -> 0 | AD105: =AD68/AD104*100 -> 10.800573 | AE105: =AE68/AE104*100 -> 16.294246 | ... AI105: =AI68/AI104*100 -> 0
B106: =L49 -> barley brewers grain | E106: =E$81*$W49 -> 0 | H106: =H$81*$W49 -> 0 | J106: =J$81*$U49 -> 0 | K106: =K$81*$W49 -> 0 | L106: =L$81*$W49 -> 0 | M106: =M$81*$W49 -> 0 | N106: =N$81*$U49 -> 0 | O106: =O$81*$U49 -> 0
B107: =L50 -> maize gluten meal | E107: =E$81*$W50 -> 0.068351242 | H107: =H$81*$W50 -> 0.13091449 | J107: =J$81*$U50 -> 3.3062242 | K107: =K$81*$W50 -> 0.053579733 | L107: =L$81*$W50 -> 0.12681195 | M107: =M$81*$W50 -> 0.25884226 | N107: =N$81*$U50 -> 5.2251099 | O107: =O$81*$U50 -> 0.17156898
...

Sheet G&D slakt
A1: Djur | B1: Ras | C1: År | D1: Antal djur | E1: Slaktvikt (kg) | F1: Fettgrupp | G1: Formklass | H1: Ålder (månader) | I1: Slaktvikt*Antal | J1: Ålder*Antal | L1: År | M1: - multiple -
A2: ko | B2: 01 SRB | C2: 2016 | D2: 30638 | E2: 302.7 | F2: 7.7 | G2: 4 | H2: 68.6 | I2: =D2*E2 -> 9274122.6 | J2: =D2*H2 -> 2101766.8
A3: ko | B3: 01 SRB | C3: 2017 | D3: 26251 | E3: 308.5 | F3: 7.8 | G3: 4.1 | H3: 68.9 | I3: =D3*E3 -> 8098433.5 | J3: =D3*H3 -> 1808693.9 | L3: Row Labels | M3: Sum of Antal djur | N3: Sum of Slaktvikt*Antal | O3: Sum of Ålder*Antal
A4: ko | B4: 01 SRB | C4: 2018 | D4: 26489 | E4: 306.2 | F4: 7.5 | G4: 4 | H4: 69.3 | I4: =D4*E4 -> 8110931.8 | J4: =D4*H4 -> 1835687.7 | L4: Mjölkras
A5: ko | B5: 01 SRB | C5: 2019 | D5: 25859 | E5: 310.4 | F5: 7.6 | G5: 4.1 | H5: 70.1 | I5: =D5*E5 -> 8026633.6 | J5: =D5*H5 -> 1812715.9 | L5: ko, tot | M5: 458500 | N5: 1.4040107e+08 | O5: 28527102
A6: ko | B6: 01 SRB | C6: 2020 | D6: 23718 | E6: 311.7 | F6: 7.4 | G6: 4 | H6: 71.6 | I6: =D6*E6 -> 7392900.6 | J6: =D6*H6 -> 1698208.8 | L6: ko | M6: 334565 | N6: 1.0495434e+08 | O6: 23342514
A7: ko | B7: 01 SRB | C7: 2021 | D7: 21589 | E7: 313.4 | F7: 7.3 | G7: 4 | H7: 72.9 | I7: =D7*E7 -> 6765992.6 | J7: =D7*H7 -> 1573838.1 | L7: ungko | M7: 123935 | N7: 35446730 | O7: 5184588.5
A8: ko | B8: 02 SLB | C8: 2016 | D8: 41922 | E8: 310.8 | F8: 7 | G8: 3.4 | H8: 69.2 | I8: =D8*E8 -> 13029358 | J8: =D8*H8 -> 2901002.4 | L8: kviga | M8: 74870 | N8: 22314874 | O8: 2415442.8
A9: ko | B9: 02 SLB | C9: 2017 | D9: 38032 | E9: 316.9 | F9: 7.2 | G9: 3.5 | H9: 68.9 | I9: =D9*E9 -> 12052341 | J9: =D9*H9 -> 2620404.8 | L9: kviga | M9: 74870 | N9: 22314874 | O9: 2415442.8
A10: ko | B10: 02 SLB | C10: 2018 | D10: 40654 | E10: 317 | F10: 7 | G10: 3.4 | H10: 69.4 | I10: =D10*E10 -> 12887318 | J10: =D10*H10 -> 2821387.6 | L10: stut | M10: 108867 | N10: 35469646 | O10: 3232646.8
A11: ko | B11: 02 SLB | C11: 2019 | D11: 40784 | E11: 321.4 | F11: 7.1 | G11: 3.5 | H11: 70.2 | I11: =D11*E11 -> 13107978 | J11: =D11*H11 -> 2863036.8 | L11: stut | M11: 108867 | N11: 35469646 | O11: 3232646.8
A12: ko | B12: 02 SLB | C12: 2020 | D12: 40218 | E12: 322.6 | F12: 7 | G12: 3.4 | H12: 71.6 | I12: =D12*E12 -> 12974327 | J12: =D12*H12 -> 2879608.8 | L12: tjur, tot | M12: 406109 | N12: 1.3355973e+08 | O12: 9169893.8
A13: ko | B13: 02 SLB | C13: 2021 | D13: 38776 | E13: 324.9 | F13: 6.9 | G13: 3.4 | H13: 73.2 | I13: =D13*E13 -> 12598322 | J13: =D13*H13 -> 2838403.2 | L13: ungtjur | M13: 351490 | N13: 1.1433162e+08 | O13: 7579081.5
A14: ko | B14: 08 Hereford | C14: 2016 | D14: 2843 | E14: 368.4 | F14: 11.3 | G14: 6.2 | H14: 92.6 | I14: =D14*E14 -> 1047361.2 | J14: =D14*H14 -> 263261.8 | L14: yngre tjur | M14: 54619 | N14: 19228107 | O14: 1590812.3
A15: ko | B15: 08 Hereford | C15: 2017 | D15: 3147 | E15: 365 | F15: 11.1 | G15: 6.1 | H15: 94 | I15: =D15*E15 -> 1148655 | J15: =D15*H15 -> 295818 | L15: mellankalv | M15: 52087 | N15: 8829445.9 | O15: 567598.6
A16: ko | B16: 08 Hereford | C16: 2018 | D16: 4193 | E16: 352.3 | F16: 10.2 | G16: 5.9 | H16: 91.3 | I16: =D16*E16 -> 1477193.9 | J16: =D16*H16 -> 382820.9 | L16: mellankalv | M16: 52087 | N16: 8829445.9 | O16: 567598.6
A17: ko | B17: 08 Hereford | C17: 2019 | D17: 4427 | E17: 348.6 | F17: 9.9 | G17: 5.8 | H17: 91.1 | I17: =D17*E17 -> 1543252.2 | J17: =D17*H17 -> 403299.7 | L17: Köttras
A18: ko | B18: 08 Hereford | C18: 2020 | D18: 4642 | E18: 355.5 | F18: 10.1 | G18: 5.9 | H18: 89.2 | I18: =D18*E18 -> 1650231 | J18: =D18*H18 -> 414066.4 | L18: ko, tot | M18: 73015 | N18: 25944410 | O18: 5910236.4
A19: ko | B19: 08 Hereford | C19: 2021 | D19: 4235 | E19: 364.2 | F19: 10.1 | G19: 6.2 | H19: 89.6 | I19: =D19*E19 -> 1542387 | J19: =D19*H19 -> 379456 | L19: ko | M19: 57301 | N19: 20949588 | O19: 5314264.8
A20: ko | B20: 09 Charolais | C20: 2016 | D20: 2485 | E20: 408.3 | F20: 9.3 | G20: 7.4 | H20: 98.5 | I20: =D20*E20 -> 1014625.5 | J20: =D20*H20 -> 244772.5 | L20: ungko | M20: 15714 | N20: 4994822.6 | O20: 595971.6
A21: ko | B21: 09 Charolais | C21: 2017 | D21: 2981 | E21: 405.9 | F21: 9.1 | G21: 7.4 | H21: 99.1 | I21: =D21*E21 -> 1209987.9 | J21: =D21*H21 -> 295417.1 | L21: kviga | M21: 69883 | N21: 21504076 | O21: 1879535.8
A22: ko | B22: 09 Charolais | C22: 2018 | D22: 3573 | E22: 393 | F22: 8.3 | G22: 7.1 | H22: 94.2 | I22: =D22*E22 -> 1404189 | J22: =D22*H22 -> 336576.6 | L22: kviga | M22: 69883 | N22: 21504076 | O22: 1879535.8
A23: ko | B23: 09 Charolais | C23: 2019 | D23: 3426 | E23: 387.3 | F23: 8.1 | G23: 6.9 | H23: 94.6 | I23: =D23*E23 -> 1326889.8 | J23: =D23*H23 -> 324099.6 | L23: stut | M23: 15451 | N23: 5150008.2 | O23: 437018.7
A24: ko | B24: 09 Charolais | C24: 2020 | D24: 3258 | E24: 396.6 | F24: 8.2 | G24: 7.1 | H24: 96.2 | I24: =D24*E24 -> 1292122.8 | J24: =D24*H24 -> 313419.6 | L24: stut | M24: 15451 | N24: 5150008.2 | O24: 437018.7
A25: ko | B25: 09 Charolais | C25: 2021 | D25: 2898 | E25: 409.9 | F25: 8.3 | G25: 7.5 | H25: 96.2 | I25: =D25*E25 -> 1187890.2 | J25: =D25*H25 -> 278787.6 | L25: tjur, tot | M25: 146789 | N25: 52855908 | O25: 2981903.4
A26: ko | B26: 11 Aberdeen Angus | C26: 2016 | D26: 820 | E26: 363.4 | F26: 11.1 | G26: 6.4 | H26: 88.1 | I26: =D26*E26 -> 297988 | J26: =D26*H26 -> 72242 | L26: ungtjur | M26: 130247 | N26: 46602706 | O26: 2474850.4
A27: ko | B27: 11 Aberdeen Angus | C27: 2017 | D27: 800 | E27: 359.4 | F27: 10.8 | G27: 6.3 | H27: 89 | I27: =D27*E27 -> 287520 | J27: =D27*H27 -> 71200 | L27: yngre tjur | M27: 16542 | N27: 6253201.7 | O27: 507053
A28: ko | B28: 11 Aberdeen Angus | C28: 2018 | D28: 1144 | E28: 353.4 | F28: 10.2 | G28: 6.3 | H28: 85 | I28: =D28*E28 -> 404289.6 | J28: =D28*H28 -> 97240 | L28: mellankalv | M28: 5086 | N28: 788569.7 | O28: 54710.6
A29: ko | B29: 11 Aberdeen Angus | C29: 2019 | D29: 1352 | E29: 348.2 | F29: 10.1 | G29: 6.1 | H29: 87.3 | I29: =D29*E29 -> 470766.4 | J29: =D29*H29 -> 118029.6 | L29: mellankalv | M29: 5086 | N29: 788569.7 | O29: 54710.6
A30: ko | B30: 11 Aberdeen Angus | C30: 2020 | D30: 1390 | E30: 351.6 | F30: 9.9 | G30: 6.1 | H30: 84.5 | I30: =D30*E30 -> 488724 | J30: =D30*H30 -> 117455 | L30: Korsning/övriga raser
A31: ko | B31: 11 Aberdeen Angus | C31: 2021 | D31: 1184 | E31: 357.6 | F31: 9.9 | G31: 6.3 | H31: 82.1 | I31: =D31*E31 -> 423398.4 | J31: =D31*H31 -> 97206.4 | L31: ko, tot | M31: 129627 | N31: 43075396 | O31: 9589289.8
A32: ko | B32: 12 Limousin | C32: 2016 | D32: 376 | E32: 387.2 | F32: 9.3 | G32: 8.3 | H32: 96.2 | I32: =D32*E32 -> 145587.2 | J32: =D32*H32 -> 36171.2 | L32: ko | M32: 95834 | N32: 32796065 | O32: 8301026.9
A33: ko | B33: 12 Limousin | C33: 2017 | D33: 438 | E33: 381.2 | F33: 9 | G33: 8.3 | H33: 93 | I33: =D33*E33 -> 166965.6 | J33: =D33*H33 -> 40734 | L33: ungko | M33: 33793 | N33: 10279331 | O33: 1288262.9
A34: ko | B34: 12 Limousin | C34: 2018 | D34: 621 | E34: 372.9 | F34: 8.3 | G34: 8.1 | H34: 89.5 | I34: =D34*E34 -> 231570.9 | J34: =D34*H34 -> 55579.5 | L34: kviga | M34: 135714 | N34: 42059544 | O34: 3666350.4
A35: ko | B35: 12 Limousin | C35: 2019 | D35: 507 | E35: 365.3 | F35: 7.9 | G35: 7.7 | H35: 92.1 | I35: =D35*E35 -> 185207.1 | J35: =D35*H35 -> 46694.7 | L35: kviga | M35: 135714 | N35: 42059544 | O35: 3666350.4
A36: ko | B36: 12 Limousin | C36: 2020 | D36: 692 | E36: 372 | F36: 7.7 | G36: 7.8 | H36: 100.2 | I36: =D36*E36 -> 257424 | J36: =D36*H36 -> 69338.4 | L36: stut | M36: 39806 | N36: 13394002 | O36: 1134912.8
A37: ko | B37: 12 Limousin | C37: 2021 | D37: 549 | E37: 381.3 | F37: 8.3 | G37: 8 | H37: 89 | I37: =D37*E37 -> 209333.7 | J37: =D37*H37 -> 48861 | L37: stut | M37: 39806 | N37: 13394002 | O37: 1134912.8
A38: ko | B38: 14 Simmental | C38: 2016 | D38: 1709 | E38: 374.6 | F38: 8.8 | G38: 6.6 | H38: 91.2 | I38: =D38*E38 -> 640191.4 | J38: =D38*H38 -> 155860.8 | L38: tjur, tot | M38: 274571 | N38: 98173836 | O38: 5490897.6
A39: ko | B39: 14 Simmental | C39: 2017 | D39: 1951 | E39: 379.3 | F39: 8.7 | G39: 6.7 | H39: 92.5 | I39: =D39*E39 -> 740014.3 | J39: =D39*H39 -> 180467.5 | L39: ungtjur | M39: 245666 | N39: 87640451 | O39: 4640779.1
A40: ko | B40: 14 Simmental | C40: 2018 | D40: 2598 | E40: 358.3 | F40: 7.6 | G40: 6.2 | H40: 89.8 | I40: =D40*E40 -> 930863.4 | J40: =D40*H40 -> 233300.4 | L40: yngre tjur | M40: 28905 | N40: 10533385 | O40: 850118.5
A41: ko | B41: 14 Simmental | C41: 2019 | D41: 2584 | E41: 359.2 | F41: 7.5 | G41: 6.3 | H41: 87.9 | I41: =D41*E41 -> 928172.8 | J41: =D41*H41 -> 227133.6 | L41: mellankalv | M41: 13034 | N41: 2061999 | O41: 143432.3
A42: ko | B42: 14 Simmental | C42: 2020 | D42: 2416 | E42: 363.9 | F42: 7.6 | G42: 6.3 | H42: 88.8 | I42: =D42*E42 -> 879182.4 | J42: =D42*H42 -> 214540.8 | L42: mellankalv | M42: 13034 | N42: 2061999 | O42: 143432.3
A43: ko | B43: 14 Simmental | C43: 2021 | D43: 2357 | E43: 374 | F43: 7.9 | G43: 6.6 | H43: 87.8 | I43: =D43*E43 -> 881518 | J43: =D43*H43 -> 206944.6 | L43: Total Result | M43: 2003409 | N43: 6.4558252e+08 | O43: 75200972
A44: ko | B44: 16 Highland Cattle | C44: 2016 | D44: 483 | E44: 230.7 | F44: 8.2 | G44: 4.6 | H44: 108.5 | I44: =D44*E44 -> 111428.1 | J44: =D44*H44 -> 52405.5
A45: ko | B45: 16 Highland Cattle | C45: 2017 | D45: 427 | E45: 231.8 | F45: 8.1 | G45: 4.7 | H45: 98 | I45: =D45*E45 -> 98978.6 | J45: =D45*H45 -> 41846
A46: ko | B46: 16 Highland Cattle | C46: 2018 | D46: 546 | E46: 224.4 | F46: 7.6 | G46: 4.4 | H46: 100.9 | I46: =D46*E46 -> 122522.4 | J46: =D46*H46 -> 55091.4
A47: ko | B47: 16 Highland Cattle | C47: 2019 | D47: 408 | E47: 224.2 | F47: 7.3 | G47: 4.3 | H47: 105.8 | I47: =D47*E47 -> 91473.6 | J47: =D47*H47 -> 43166.4
A48: ko | B48: 16 Highland Cattle | C48: 2020 | D48: 428 | E48: 232.7 | F48: 7.8 | G48: 4.6 | H48: 106.7 | I48: =D48*E48 -> 99595.6 | J48: =D48*H48 -> 45667.6
A49: ko | B49: 16 Highland Cattle | C49: 2021 | D49: 305 | E49: 227.8 | F49: 7.56 | G49: 4.5 | H49: 108.4 | I49: =D49*E49 -> 69479 | J49: =D49*H49 -> 33062
A50: ko | B50: 18 Blonde D´Aquitaine | C50: 2016 | D50: 110 | E50: 389.5 | F50: 7.1 | G50: 7.8 | H50: 109.9 | I50: =D50*E50 -> 42845 | J50: =D50*H50 -> 12089
A51: ko | B51: 18 Blonde D´Aquitaine | C51: 2017 | D51: 98 | E51: 427.9 | F51: 8 | G51: 8.4 | H51: 103.3 | I51: =D51*E51 -> 41934.2 | J51: =D51*H51 -> 10123.4
A52: ko | B52: 18 Blonde D´Aquitaine | C52: 2018 | D52: 139 | E52: 394.5 | F52: 6.7 | G52: 8.1 | H52: 101 | I52: =D52*E52 -> 54835.5 | J52: =D52*H52 -> 14039
A53: ko | B53: 18 Blonde D´Aquitaine | C53: 2019 | D53: 162 | E53: 402.6 | F53: 7.1 | G53: 7.7 | H53: 105.8 | I53: =D53*E53 -> 65221.2 | J53: =D53*H53 -> 17139.6
A54: ko | B54: 18 Blonde D´Aquitaine | C54: 2020 | D54: 127 | E54: 407.7 | F54: 6.7 | G54: 7.9 | H54: 103.6 | I54: =D54*E54 -> 51777.9 | J54: =D54*H54 -> 13157.2
A55: ko | B55: 18 Blonde D´Aquitaine | C55: 2021 | D55: 135 | E55: 427.1 | F55: 6.7 | G55: 8.1 | H55: 93.9 | I55: =D55*E55 -> 57658.5 | J55: =D55*H55 -> 12676.5
... A421: mellankalv | B421: 99 Korsning/övriga raser | C421: 2021 | D421: 1961 | E421: 164.3 | F421: 5.6 | G421: 5.5 | H421: 14.1 | I421: =D421*E421 -> 322192.3 | J421: =D421*H421 -> 27650.1

Sheet G&D sammanställning
A2: Medel 2016-2020
B3: Slaktvikt (kg) | H3: Ålder (mån) | N3: Antal | T3: Andel av slaktade ungdjur (%)
B4: Mjölkras | C4: Köttras | D4: Korsning/övriga raser | E4: Kött+korsn./övr. | F4: Totalt | H4: Mjölkras | I4: Köttras | J4: Korsning/övriga raser | K4: Kött+korsn./övr. | L4: Totalt | N4: Mjölkras | O4: Köttras | P4: Korsning/övriga raser | Q4: Kött+korsn./övr. | R4: Totalt | T4: Mjölkras | U4: Köttras | V4: Korsning/övriga raser | W4: Kött+korsn./övr. | X4: Totalt
A5: Ko, tot | B5: =GETPIVOTDATA("Sum of Slaktvikt*Antal",'G&D slakt'!$L$3,"Djur2",$A5,"Ras2",B$4)/GETPIVOTDATA("Sum of Antal djur",'G&D slakt'!$L$3,"Djur2",$A5,"Ras2",B$4) -> 306.21826 | C5: =GETPIVOTDATA("Sum of Slaktvikt*Antal",'G&D slakt'!$L$3,"Djur2",$A5,"Ras2",C$4)/GETPIVOTDATA("Sum of Antal djur",'G&D slakt'!$L$3,"Djur2",$A5,"Ras2",C$4) -> 355.32987 | D5: =GETPIVOTDATA("Sum of Slaktvikt*Antal",'G&D slakt'!$L$3,"Djur2",$A5,"Ras2",D$4)/GETPIVOTDATA("Sum of Antal djur",'G&D slakt'!$L$3,"Djur2",$A5,"Ras2",D$4) -> 332.30265 | E5: =(C5*$O5+D5*$P5)/SUM($O5,$P5) -> 340.59971 | F5: =(B5*$N5+C5*$O5+D5*$P5)/SUM($N5:$P5) -> 316.75628 | H5: =GETPIVOTDATA("Sum of Ålder*Antal",'G&D slakt'!$L$3,"Djur2",$A5,"Ras2",H$4)/GETPIVOTDATA("Sum of Antal djur",'G&D slakt'!$L$3,"Djur2",$A5,"Ras2",H$4) -> 62.218325 | I5: =GETPIVOTDATA("Sum of Ålder*Antal",'G&D slakt'!$L$3,"Djur2",$A5,"Ras2",I$4)/GETPIVOTDATA("Sum of Antal djur",'G&D slakt'!$L$3,"Djur2",$A5,"Ras2",I$4) -> 80.94551 | J5: =GETPIVOTDATA("Sum of Ålder*Antal",'G&D slakt'!$L$3,"Djur2",$A5,"Ras2",J$4)/GETPIVOTDATA("Sum of Antal djur",'G&D slakt'!$L$3,"Djur2",$A5,"Ras2",J$4) -> 73.976022 | K5: =(I5*$O5+J5*$P5)/SUM($O5,$P5) -> 76.487235 | L5: =(H5*$N5+I5*$O5+J5*$P5)/SUM($N5:$P5) -> 66.591788 | N5: =GETPIVOTDATA("Sum of Antal djur",'G&D slakt'!$L$3,"Djur2",$A5,"Ras2",N$4)/5 -> 91700 | O5: =GETPIVOTDATA("Sum of Antal djur",'G&D slakt'!$L$3,"Djur2",$A5,"Ras2",O$4)/5 -> 14603 | P5: =GETPIVOTDATA("Sum of Antal djur",'G&D slakt'!$L$3,"Djur2",$A5,"Ras2",P$4)/5 -> 25925.4 | Q5: =SUM(O5,P5) -> 40528.4 | R5: =SUM(N5,O5,P5) -> 132228.4
A6: ko | B6: =GETPIVOTDATA("Sum of Slaktvikt*Antal",'G&D slakt'!$L$3,"Djur",$A6,"Ras2",B$4)/GETPIVOTDATA("Sum of Antal djur",'G&D slakt'!$L$3,"Djur",$A6,"Ras2",B$4) -> #REF! | C6: =GETPIVOTDATA("Sum of Slaktvikt*Antal",'G&D slakt'!$L$3,"Djur",$A6,"Ras2",C$4)/GETPIVOTDATA("Sum of Antal djur",'G&D slakt'!$L$3,"Djur",$A6,"Ras2",C$4) -> #REF! | D6: =GETPIVOTDATA("Sum of Slaktvikt*Antal",'G&D slakt'!$L$3,"Djur",$A6,"Ras2",D$4)/GETPIVOTDATA("Sum of Antal djur",'G&D slakt'!$L$3,"Djur",$A6,"Ras2",D$4) -> #REF! | E6: =(C6*$O6+D6*$P6)/SUM($O6,$P6) -> #REF! | F6: =(B6*$N6+C6*$O6+D6*$P6)/SUM($N6:$P6) -> #REF! | H6: =GETPIVOTDATA("Sum of Ålder*Antal",'G&D slakt'!$L$3,"Djur",$A6,"Ras2",H$4)/GETPIVOTDATA("Sum of Antal djur",'G&D slakt'!$L$3,"Djur",$A6,"Ras2",H$4) -> #REF! | I6: =GETPIVOTDATA("Sum of Ålder*Antal",'G&D slakt'!$L$3,"Djur",$A6,"Ras2",I$4)/GETPIVOTDATA("Sum of Antal djur",'G&D slakt'!$L$3,"Djur",$A6,"Ras2",I$4) -> #REF! | J6: =GETPIVOTDATA("Sum of Ålder*Antal",'G&D slakt'!$L$3,"Djur",$A6,"Ras2",J$4)/GETPIVOTDATA("Sum of Antal djur",'G&D slakt'!$L$3,"Djur",$A6,"Ras2",J$4) -> #REF! | K6: =(I6*$O6+J6*$P6)/SUM($O6,$P6) -> #REF! | L6: =(H6*$N6+I6*$O6+J6*$P6)/SUM($N6:$P6) -> #REF! | N6: =GETPIVOTDATA("Sum of Antal djur",'G&D slakt'!$L$3,"Djur",$A6,"Ras2",N$4)/5 -> #REF! | O6: =GETPIVOTDATA("Sum of Antal djur",'G&D slakt'!$L$3,"Djur",$A6,"Ras2",O$4)/5 -> #REF! | P6: =GETPIVOTDATA("Sum of Antal djur",'G&D slakt'!$L$3,"Djur",$A6,"Ras2",P$4)/5 -> #REF! | Q6: =SUM(O6,P6) -> #REF! | R6: =SUM(N6,O6,P6) -> #REF!
A7: ungko | B7: =GETPIVOTDATA("Sum of Slaktvikt*Antal",'G&D slakt'!$L$3,"Djur",$A7,"Ras2",B$4)/GETPIVOTDATA("Sum of Antal djur",'G&D slakt'!$L$3,"Djur",$A7,"Ras2",B$4) -> #REF! | C7: =GETPIVOTDATA("Sum of Slaktvikt*Antal",'G&D slakt'!$L$3,"Djur",$A7,"Ras2",C$4)/GETPIVOTDATA("Sum of Antal djur",'G&D slakt'!$L$3,"Djur",$A7,"Ras2",C$4) -> #REF! | D7: =GETPIVOTDATA("Sum of Slaktvikt*Antal",'G&D slakt'!$L$3,"Djur",$A7,"Ras2",D$4)/GETPIVOTDATA("Sum of Antal djur",'G&D slakt'!$L$3,"Djur",$A7,"Ras2",D$4) -> #REF! | E7: =(C7*$O7+D7*$P7)/SUM($O7,$P7) -> #REF! | F7: =(B7*$N7+C7*$O7+D7*$P7)/SUM($N7:$P7) -> #REF! | H7: =GETPIVOTDATA("Sum of Ålder*Antal",'G&D slakt'!$L$3,"Djur",$A7,"Ras2",H$4)/GETPIVOTDATA("Sum of Antal djur",'G&D slakt'!$L$3,"Djur",$A7,"Ras2",H$4) -> #REF! | I7: =GETPIVOTDATA("Sum of Ålder*Antal",'G&D slakt'!$L$3,"Djur",$A7,"Ras2",I$4)/GETPIVOTDATA("Sum of Antal djur",'G&D slakt'!$L$3,"Djur",$A7,"Ras2",I$4) -> #REF! | J7: =GETPIVOTDATA("Sum of Ålder*Antal",'G&D slakt'!$L$3,"Djur",$A7,"Ras2",J$4)/GETPIVOTDATA("Sum of Antal djur",'G&D slakt'!$L$3,"Djur",$A7,"Ras2",J$4) -> #REF! | K7: =(I7*$O7+J7*$P7)/SUM($O7,$P7) -> #REF! | L7: =(H7*$N7+I7*$O7+J7*$P7)/SUM($N7:$P7) -> #REF! | N7: =GETPIVOTDATA("Sum of Antal djur",'G&D slakt'!$L$3,"Djur",$A7,"Ras2",N$4)/5 -> #REF! | O7: =GETPIVOTDATA("Sum of Antal djur",'G&D slakt'!$L$3,"Djur",$A7,"Ras2",O$4)/5 -> #REF! | P7: =GETPIVOTDATA("Sum of Antal djur",'G&D slakt'!$L$3,"Djur",$A7,"Ras2",P$4)/5 -> #REF! | Q7: =SUM(O7,P7) -> #REF! | R7: =SUM(N7,O7,P7) -> #REF!
A8: kviga | B8: =GETPIVOTDATA("Sum of Slaktvikt*Antal",'G&D slakt'!$L$3,"Djur",$A8,"Ras2",B$4)/GETPIVOTDATA("Sum of Antal djur",'G&D slakt'!$L$3,"Djur",$A8,"Ras2",B$4) -> #REF! | C8: =GETPIVOTDATA("Sum of Slaktvikt*Antal",'G&D slakt'!$L$3,"Djur",$A8,"Ras2",C$4)/GETPIVOTDATA("Sum of Antal djur",'G&D slakt'!$L$3,"Djur",$A8,"Ras2",C$4) -> #REF! | D8: =GETPIVOTDATA("Sum of Slaktvikt*Antal",'G&D slakt'!$L$3,"Djur",$A8,"Ras2",D$4)/GETPIVOTDATA("Sum of Antal djur",'G&D slakt'!$L$3,"Djur",$A8,"Ras2",D$4) -> #REF! | E8: =(C8*$O8+D8*$P8)/SUM($O8,$P8) -> #REF! | F8: =(B8*$N8+C8*$O8+D8*$P8)/SUM($N8:$P8) -> #REF! | H8: =GETPIVOTDATA("Sum of Ålder*Antal",'G&D slakt'!$L$3,"Djur",$A8,"Ras2",H$4)/GETPIVOTDATA("Sum of Antal djur",'G&D slakt'!$L$3,"Djur",$A8,"Ras2",H$4) -> #REF! | I8: =GETPIVOTDATA("Sum of Ålder*Antal",'G&D slakt'!$L$3,"Djur",$A8,"Ras2",I$4)/GETPIVOTDATA("Sum of Antal djur",'G&D slakt'!$L$3,"Djur",$A8,"Ras2",I$4) -> #REF! | J8: =GETPIVOTDATA("Sum of Ålder*Antal",'G&D slakt'!$L$3,"Djur",$A8,"Ras2",J$4)/GETPIVOTDATA("Sum of Antal djur",'G&D slakt'!$L$3,"Djur",$A8,"Ras2",J$4) -> #REF! | K8: =(I8*$O8+J8*$P8)/SUM($O8,$P8) -> #REF! | L8: =(H8*$N8+I8*$O8+J8*$P8)/SUM($N8:$P8) -> #REF! | N8: =GETPIVOTDATA("Sum of Antal djur",'G&D slakt'!$L$3,"Djur",$A8,"Ras2",N$4)/5 -> #REF! | O8: =GETPIVOTDATA("Sum of Antal djur",'G&D slakt'!$L$3,"Djur",$A8,"Ras2",O$4)/5 -> #REF! | P8: =GETPIVOTDATA("Sum of Antal djur",'G&D slakt'!$L$3,"Djur",$A8,"Ras2",P$4)/5 -> #REF! | Q8: =SUM(O8,P8) -> #REF! | R8: =SUM(N8,O8,P8) -> #REF! | T8: =N8/SUM(N$8:N$10,N$13)*100 -> #REF! | U8: =O8/SUM(O$8:O$10,O$13)*100 -> #REF! | V8: =P8/SUM(P$8:P$10,P$13)*100 -> #REF! | W8: =Q8/SUM(Q$8:Q$10,Q$13)*100 -> #REF! | X8: =R8/SUM(R$8:R$10,R$13)*100 -> #REF!
A9: stut | B9: =GETPIVOTDATA("Sum of Slaktvikt*Antal",'G&D slakt'!$L$3,"Djur",$A9,"Ras2",B$4)/GETPIVOTDATA("Sum of Antal djur",'G&D slakt'!$L$3,"Djur",$A9,"Ras2",B$4) -> #REF! | C9: =GETPIVOTDATA("Sum of Slaktvikt*Antal",'G&D slakt'!$L$3,"Djur",$A9,"Ras2",C$4)/GETPIVOTDATA("Sum of Antal djur",'G&D slakt'!$L$3,"Djur",$A9,"Ras2",C$4) -> #REF! | D9: =GETPIVOTDATA("Sum of Slaktvikt*Antal",'G&D slakt'!$L$3,"Djur",$A9,"Ras2",D$4)/GETPIVOTDATA("Sum of Antal djur",'G&D slakt'!$L$3,"Djur",$A9,"Ras2",D$4) -> #REF! | E9: =(C9*$O9+D9*$P9)/SUM($O9,$P9) -> #REF! | F9: =(B9*$N9+C9*$O9+D9*$P9)/SUM($N9:$P9) -> #REF! | H9: =GETPIVOTDATA("Sum of Ålder*Antal",'G&D slakt'!$L$3,"Djur",$A9,"Ras2",H$4)/GETPIVOTDATA("Sum of Antal djur",'G&D slakt'!$L$3,"Djur",$A9,"Ras2",H$4) -> #REF! | I9: =GETPIVOTDATA("Sum of Ålder*Antal",'G&D slakt'!$L$3,"Djur",$A9,"Ras2",I$4)/GETPIVOTDATA("Sum of Antal djur",'G&D slakt'!$L$3,"Djur",$A9,"Ras2",I$4) -> #REF! | J9: =GETPIVOTDATA("Sum of Ålder*Antal",'G&D slakt'!$L$3,"Djur",$A9,"Ras2",J$4)/GETPIVOTDATA("Sum of Antal djur",'G&D slakt'!$L$3,"Djur",$A9,"Ras2",J$4) -> #REF! | K9: =(I9*$O9+J9*$P9)/SUM($O9,$P9) -> #REF! | L9: =(H9*$N9+I9*$O9+J9*$P9)/SUM($N9:$P9) -> #REF! | N9: =GETPIVOTDATA("Sum of Antal djur",'G&D slakt'!$L$3,"Djur",$A9,"Ras2",N$4)/5 -> #REF! | O9: =GETPIVOTDATA("Sum of Antal djur",'G&D slakt'!$L$3,"Djur",$A9,"Ras2",O$4)/5 -> #REF! | P9: =GETPIVOTDATA("Sum of Antal djur",'G&D slakt'!$L$3,"Djur",$A9,"Ras2",P$4)/5 -> #REF! | Q9: =SUM(O9,P9) -> #REF! | R9: =SUM(N9,O9,P9) -> #REF! | T9: =N9/SUM(N$8:N$10,N$13)*100 -> #REF! | U9: =O9/SUM(O$8:O$10,O$13)*100 -> #REF! | V9: =P9/SUM(P$8:P$10,P$13)*100 -> #REF! | W9: =Q9/SUM(Q$8:Q$10,Q$13)*100 -> #REF! | X9: =R9/SUM(R$8:R$10,R$13)*100 -> #REF!
A10: tjur, tot | B10: =GETPIVOTDATA("Sum of Slaktvikt*Antal",'G&D slakt'!$L$3,"Djur2",$A10,"Ras2",B$4)/GETPIVOTDATA("Sum of Antal djur",'G&D slakt'!$L$3,"Djur2",$A10,"Ras2",B$4) -> 328.87656 | C10: =GETPIVOTDATA("Sum of Slaktvikt*Antal",'G&D slakt'!$L$3,"Djur2",$A10,"Ras2",C$4)/GETPIVOTDATA("Sum of Antal djur",'G&D slakt'!$L$3,"Djur2",$A10,"Ras2",C$4) -> 360.08085 | D10: =GETPIVOTDATA("Sum of Slaktvikt*Antal",'G&D slakt'!$L$3,"Djur2",$A10,"Ras2",D$4)/GETPIVOTDATA("Sum of Antal djur",'G&D slakt'!$L$3,"Djur2",$A10,"Ras2",D$4) -> 357.55355 | E10: =(C10*$O10+D10*$P10)/SUM($O10,$P10) -> 358.43398 | F10: =(B10*$N10+C10*$O10+D10*$P10)/SUM($N10:$P10) -> 343.92766 | H10: =GETPIVOTDATA("Sum of Ålder*Antal",'G&D slakt'!$L$3,"Djur2",$A10,"Ras2",H$4)/GETPIVOTDATA("Sum of Antal djur",'G&D slakt'!$L$3,"Djur2",$A10,"Ras2",H$4) -> 22.579883 | I10: =GETPIVOTDATA("Sum of Ålder*Antal",'G&D slakt'!$L$3,"Djur2",$A10,"Ras2",I$4)/GETPIVOTDATA("Sum of Antal djur",'G&D slakt'!$L$3,"Djur2",$A10,"Ras2",I$4) -> 20.314216 | J10: =GETPIVOTDATA("Sum of Ålder*Antal",'G&D slakt'!$L$3,"Djur2",$A10,"Ras2",J$4)/GETPIVOTDATA("Sum of Antal djur",'G&D slakt'!$L$3,"Djur2",$A10,"Ras2",J$4) -> 19.998097 | K10: =(I10*$O10+J10*$P10)/SUM($O10,$P10) -> 20.108223 | L10: =(H10*$N10+I10*$O10+J10*$P10)/SUM($N10:$P10) -> 21.321276 | N10: =GETPIVOTDATA("Sum of Antal djur",'G&D slakt'!$L$3,"Djur2",$A10,"Ras2",N$4)/5 -> 81221.8 | O10: =GETPIVOTDATA("Sum of Antal djur",'G&D slakt'!$L$3,"Djur2",$A10,"Ras2",O$4)/5 -> 29357.8 | P10: =GETPIVOTDATA("Sum of Antal djur",'G&D slakt'!$L$3,"Djur2",$A10,"Ras2",P$4)/5 -> 54914.2 | Q10: =SUM(O10,P10) -> 84272 | R10: =SUM(N10,O10,P10) -> 165493.8 | T10: =N10/SUM(N$8:N$10,N$13)*100 -> #REF! | U10: =O10/SUM(O$8:O$10,O$13)*100 -> #REF! | V10: =P10/SUM(P$8:P$10,P$13)*100 -> #REF! | W10: =Q10/SUM(Q$8:Q$10,Q$13)*100 -> #REF! | X10: =R10/SUM(R$8:R$10,R$13)*100 -> #REF!
A11: ungtjur | B11: =GETPIVOTDATA("Sum of Slaktvikt*Antal",'G&D slakt'!$L$3,"Djur",$A11,"Ras2",B$4)/GETPIVOTDATA("Sum of Antal djur",'G&D slakt'!$L$3,"Djur",$A11,"Ras2",B$4) -> #REF! | C11: =GETPIVOTDATA("Sum of Slaktvikt*Antal",'G&D slakt'!$L$3,"Djur",$A11,"Ras2",C$4)/GETPIVOTDATA("Sum of Antal djur",'G&D slakt'!$L$3,"Djur",$A11,"Ras2",C$4) -> #REF! | D11: =GETPIVOTDATA("Sum of Slaktvikt*Antal",'G&D slakt'!$L$3,"Djur",$A11,"Ras2",D$4)/GETPIVOTDATA("Sum of Antal djur",'G&D slakt'!$L$3,"Djur",$A11,"Ras2",D$4) -> #REF! | E11: =(C11*$O11+D11*$P11)/SUM($O11,$P11) -> #REF! | F11: =(B11*$N11+C11*$O11+D11*$P11)/SUM($N11:$P11) -> #REF! | H11: =GETPIVOTDATA("Sum of Ålder*Antal",'G&D slakt'!$L$3,"Djur",$A11,"Ras2",H$4)/GETPIVOTDATA("Sum of Antal djur",'G&D slakt'!$L$3,"Djur",$A11,"Ras2",H$4) -> #REF! | I11: =GETPIVOTDATA("Sum of Ålder*Antal",'G&D slakt'!$L$3,"Djur",$A11,"Ras2",I$4)/GETPIVOTDATA("Sum of Antal djur",'G&D slakt'!$L$3,"Djur",$A11,"Ras2",I$4) -> #REF! | J11: =GETPIVOTDATA("Sum of Ålder*Antal",'G&D slakt'!$L$3,"Djur",$A11,"Ras2",J$4)/GETPIVOTDATA("Sum of Antal djur",'G&D slakt'!$L$3,"Djur",$A11,"Ras2",J$4) -> #REF! | K11: =(I11*$O11+J11*$P11)/SUM($O11,$P11) -> #REF! | L11: =(H11*$N11+I11*$O11+J11*$P11)/SUM($N11:$P11) -> #REF! | N11: =GETPIVOTDATA("Sum of Antal djur",'G&D slakt'!$L$3,"Djur",$A11,"Ras2",N$4)/5 -> #REF! | O11: =GETPIVOTDATA("Sum of Antal djur",'G&D slakt'!$L$3,"Djur",$A11,"Ras2",O$4)/5 -> #REF! | P11: =GETPIVOTDATA("Sum of Antal djur",'G&D slakt'!$L$3,"Djur",$A11,"Ras2",P$4)/5 -> #REF! | Q11: =SUM(O11,P11) -> #REF! | R11: =SUM(N11,O11,P11) -> #REF! | T11: =N11/SUM(N$8:N$10,N$13)*100 -> #REF! | U11: =O11/SUM(O$8:O$10,O$13)*100 -> #REF! | V11: =P11/SUM(P$8:P$10,P$13)*100 -> #REF! | W11: =Q11/SUM(Q$8:Q$10,Q$13)*100 -> #REF! | X11: =R11/SUM(R$8:R$10,R$13)*100 -> #REF!
A12: yngre tjur | B12: =GETPIVOTDATA("Sum of Slaktvikt*Antal",'G&D slakt'!$L$3,"Djur",$A12,"Ras2",B$4)/GETPIVOTDATA("Sum of Antal djur",'G&D slakt'!$L$3,"Djur",$A12,"Ras2",B$4) -> #REF! | C12: =GETPIVOTDATA("Sum of Slaktvikt*Antal",'G&D slakt'!$L$3,"Djur",$A12,"Ras2",C$4)/GETPIVOTDATA("Sum of Antal djur",'G&D slakt'!$L$3,"Djur",$A12,"Ras2",C$4) -> #REF! | D12: =GETPIVOTDATA("Sum of Slaktvikt*Antal",'G&D slakt'!$L$3,"Djur",$A12,"Ras2",D$4)/GETPIVOTDATA("Sum of Antal djur",'G&D slakt'!$L$3,"Djur",$A12,"Ras2",D$4) -> #REF! | E12: =(C12*$O12+D12*$P12)/SUM($O12,$P12) -> #REF! | F12: =(B12*$N12+C12*$O12+D12*$P12)/SUM($N12:$P12) -> #REF! | H12: =GETPIVOTDATA("Sum of Ålder*Antal",'G&D slakt'!$L$3,"Djur",$A12,"Ras2",H$4)/GETPIVOTDATA("Sum of Antal djur",'G&D slakt'!$L$3,"Djur",$A12,"Ras2",H$4) -> #REF! | I12: =GETPIVOTDATA("Sum of Ålder*Antal",'G&D slakt'!$L$3,"Djur",$A12,"Ras2",I$4)/GETPIVOTDATA("Sum of Antal djur",'G&D slakt'!$L$3,"Djur",$A12,"Ras2",I$4) -> #REF! | J12: =GETPIVOTDATA("Sum of Ålder*Antal",'G&D slakt'!$L$3,"Djur",$A12,"Ras2",J$4)/GETPIVOTDATA("Sum of Antal djur",'G&D slakt'!$L$3,"Djur",$A12,"Ras2",J$4) -> #REF! | K12: =(I12*$O12+J12*$P12)/SUM($O12,$P12) -> #REF! | L12: =(H12*$N12+I12*$O12+J12*$P12)/SUM($N12:$P12) -> #REF! | N12: =GETPIVOTDATA("Sum of Antal djur",'G&D slakt'!$L$3,"Djur",$A12,"Ras2",N$4)/5 -> #REF! | O12: =GETPIVOTDATA("Sum of Antal djur",'G&D slakt'!$L$3,"Djur",$A12,"Ras2",O$4)/5 -> #REF! | P12: =GETPIVOTDATA("Sum of Antal djur",'G&D slakt'!$L$3,"Djur",$A12,"Ras2",P$4)/5 -> #REF! | Q12: =SUM(O12,P12) -> #REF! | R12: =SUM(N12,O12,P12) -> #REF! | T12: =N12/SUM(N$8:N$10,N$13)*100 -> #REF! | U12: =O12/SUM(O$8:O$10,O$13)*100 -> #REF! | V12: =P12/SUM(P$8:P$10,P$13)*100 -> #REF! | W12: =Q12/SUM(Q$8:Q$10,Q$13)*100 -> #REF! | X12: =R12/SUM(R$8:R$10,R$13)*100 -> #REF!
A13: mellankalv | B13: =GETPIVOTDATA("Sum of Slaktvikt*Antal",'G&D slakt'!$L$3,"Djur",$A13,"Ras2",B$4)/GETPIVOTDATA("Sum of Antal djur",'G&D slakt'!$L$3,"Djur",$A13,"Ras2",B$4) -> #REF! | C13: =GETPIVOTDATA("Sum of Slaktvikt*Antal",'G&D slakt'!$L$3,"Djur",$A13,"Ras2",C$4)/GETPIVOTDATA("Sum of Antal djur",'G&D slakt'!$L$3,"Djur",$A13,"Ras2",C$4) -> #REF! | D13: =GETPIVOTDATA("Sum of Slaktvikt*Antal",'G&D slakt'!$L$3,"Djur",$A13,"Ras2",D$4)/GETPIVOTDATA("Sum of Antal djur",'G&D slakt'!$L$3,"Djur",$A13,"Ras2",D$4) -> #REF! | E13: =(C13*$O13+D13*$P13)/SUM($O13,$P13) -> #REF! | F13: =(B13*$N13+C13*$O13+D13*$P13)/SUM($N13:$P13) -> #REF! | H13: =GETPIVOTDATA("Sum of Ålder*Antal",'G&D slakt'!$L$3,"Djur",$A13,"Ras2",H$4)/GETPIVOTDATA("Sum of Antal djur",'G&D slakt'!$L$3,"Djur",$A13,"Ras2",H$4) -> #REF! | I13: =GETPIVOTDATA("Sum of Ålder*Antal",'G&D slakt'!$L$3,"Djur",$A13,"Ras2",I$4)/GETPIVOTDATA("Sum of Antal djur",'G&D slakt'!$L$3,"Djur",$A13,"Ras2",I$4) -> #REF! | J13: =GETPIVOTDATA("Sum of Ålder*Antal",'G&D slakt'!$L$3,"Djur",$A13,"Ras2",J$4)/GETPIVOTDATA("Sum of Antal djur",'G&D slakt'!$L$3,"Djur",$A13,"Ras2",J$4) -> #REF! | K13: =(I13*$O13+J13*$P13)/SUM($O13,$P13) -> #REF! | L13: =(H13*$N13+I13*$O13+J13*$P13)/SUM($N13:$P13) -> #REF! | N13: =GETPIVOTDATA("Sum of Antal djur",'G&D slakt'!$L$3,"Djur",$A13,"Ras2",N$4)/5 -> #REF! | O13: =GETPIVOTDATA("Sum of Antal djur",'G&D slakt'!$L$3,"Djur",$A13,"Ras2",O$4)/5 -> #REF! | P13: =GETPIVOTDATA("Sum of Antal djur",'G&D slakt'!$L$3,"Djur",$A13,"Ras2",P$4)/5 -> #REF! | Q13: =SUM(O13,P13) -> #REF! | R13: =SUM(N13,O13,P13) -> #REF! | T13: =N13/SUM(N$8:N$10,N$13)*100 -> #REF! | U13: =O13/SUM(O$8:O$10,O$13)*100 -> #REF! | V13: =P13/SUM(P$8:P$10,P$13)*100 -> #REF! | W13: =Q13/SUM(Q$8:Q$10,Q$13)*100 -> #REF! | X13: =R13/SUM(R$8:R$10,R$13)*100 -> #REF!
H15: =H10/H11 -> #REF! | I15: =I10/I11 -> #REF! | J15: =J10/J11 -> #REF! | K15: =K10/K11 -> #REF! | L15: =L10/L11 -> #REF!

Sheet Växa slakt
A1: Medelvärde för 2015-2019
C4: Antal djur | D4: Födelsevikt (kg) | E4: Slaktvikt (kg) | F4: Klass | G4: Fett | H4: Ålder (mån) | I4: Slakttillväxt | N4: Antal djur | P4: Slaktvikt (kg) | R4: Ålder (mån)
A5: Mjölkraser | B5: Kor | C5: =C11+C17+C23+C29+C35 -> 254237 | E5: =($C11*E11+$C17*E17+$C23*E23+$C29*E29+$C35*E35)/$C5 -> 311.62468 | F5: =($C11*F11+$C17*F17+$C23*F23+$C29*F29+$C35*F35)/$C5 -> 4.0213435 | G5: =($C11*G11+$C17*G17+$C23*G23+$C29*G29+$C35*G35)/$C5 -> 7.3071406 | H5: =($C11*H11+$C17*H17+$C23*H23+$C29*H29+$C35*H35)/$C5 -> 69.224075 | K5: Ålder kor | L5: =SUMPRODUCT(C5:C6,H5:H6)/SUM(C5:C6)/12 -> 5.0579254 | M5: år | N5: =C11+C17+C23+C29 -> 212411 | O5: =N5/C5 -> 0.83548421 | P5: =($C11*E11+$C17*E17+$C23*E23+$C29*E29)/$N5 -> 312.02336 | Q5: =P5/E5 -> 1.0012794 | R5: =($C11*H11+$C17*H17+$C23*H23+$C29*H29)/$N5 -> 69.760475 | S5: =R5/H5 -> 1.0077487
B6: Ungko | C6: =C12+C18+C24+C30+C36 -> 101572 | E6: =($C12*E12+$C18*E18+$C24*E24+$C30*E30+$C36*E36)/$C6 -> 284.07222 | F6: =($C12*F12+$C18*F18+$C24*F24+$C30*F30+$C36*F36)/$C6 -> 3.8006232 | G6: =($C12*G12+$C18*G18+$C24*G24+$C30*G30+$C36*G36)/$C6 -> 6.922076 | H6: =($C12*H12+$C18*H18+$C24*H24+$C30*H30+$C36*H36)/$C6 -> 39.346901 | K6: Rekrytering | N6: =C12+C18+C24+C30 -> 83208 | O6: =N6/C6 -> 0.81920214 | P6: =($C12*E12+$C18*E18+$C24*E24+$C30*E30)/$N6 -> 284.70612 | Q6: =P6/E6 -> 1.0022315 | R6: =($C12*H12+$C18*H18+$C24*H24+$C30*H30)/$N6 -> 39.511742 | S6: =R6/H6 -> 1.0041894
B7: Kvigor | C7: =C13+C19+C25+C31+C37 -> 42815 | E7: =($C13*E13+$C19*E19+$C25*E25+$C31*E31+$C37*E37)/$C7 -> 294.00667 | F7: =($C13*F13+$C19*F19+$C25*F25+$C31*F31+$C37*F37)/$C7 -> 4.5251851 | G7: =($C13*G13+$C19*G19+$C25*G25+$C31*G31+$C37*G37)/$C7 -> 8.326131 | H7: =($C13*H13+$C19*H19+$C25*H25+$C31*H31+$C37*H37)/$C7 -> 28.461236 | I7: =($C13*I13+$C19*I19+$C25*I25+$C31*I31+$C37*I37)/$C7 -> 316.44786 | K7: Andel stut | L7: =(C9*(I9/12))/(C9*(I9/12)+C10*(I10/12)) -> 0.22305303 | N7: =C13+C19+C25+C31 -> 34206 | O7: =N7/C7 -> 0.79892561 | P7: =($C13*E13+$C19*E19+$C25*E25+$C31*E31)/$N7 -> 294.46138 | Q7: =P7/E7 -> 1.0015466 | R7: =($C13*H13+$C19*H19+$C25*H25+$C31*H31)/$N7 -> 28.526984 | S7: =R7/H7 -> 1.0023101
B8: Mellankalv | C8: =C14+C20+C26+C32+C38 -> 8283 | E8: =($C14*E14+$C20*E20+$C26*E26+$C32*E32+$C38*E38)/$C8 -> 167.41452 | F8: =($C14*F14+$C20*F20+$C26*F26+$C32*F32+$C38*F38)/$C8 -> 4.6737414 | G8: =($C14*G14+$C20*G20+$C26*G26+$C32*G32+$C38*G38)/$C8 -> 5.3224194 | H8: =($C14*H14+$C20*H20+$C26*H26+$C32*H32+$C38*H38)/$C8 -> 9.2787154 | I8: =($C14*I14+$C20*I20+$C26*I26+$C32*I32+$C38*I38)/$C8 -> 523.08379 | N8: =C14+C20+C26+C32 -> 6929 | O8: =N8/C8 -> 0.83653266 | P8: =($C14*E14+$C20*E20+$C26*E26+$C32*E32)/$N8 -> 168.04268 | Q8: =P8/E8 -> 1.0037521 | R8: =($C14*H14+$C20*H20+$C26*H26+$C32*H32)/$N8 -> 9.3136383 | S8: =R8/H8 -> 1.0037638
B9: Stut | C9: =C15+C21+C27+C33+C39 -> 39167 | E9: =($C15*E15+$C21*E21+$C27*E27+$C33*E33+$C39*E39)/$C9 -> 323.46097 | F9: =($C15*F15+$C21*F21+$C27*F27+$C33*F33+$C39*F39)/$C9 -> 4.3642786 | G9: =($C15*G15+$C21*G21+$C27*G27+$C33*G33+$C39*G39)/$C9 -> 7.5542293 | H9: =($C15*H15+$C21*H21+$C27*H27+$C33*H33+$C39*H39)/$C9 -> 27.685238 | I9: =($C15*I15+$C21*I21+$C27*I27+$C33*I33+$C39*I39)/$C9 -> 360.49805 | N9: =C15+C21+C27+C33 -> 30466 | O9: =N9/C9 -> 0.7778487 | P9: =($C15*E15+$C21*E21+$C27*E27+$C33*E33)/$N9 -> 323.73542 | Q9: =P9/E9 -> 1.0008485 | R9: =($C15*H15+$C21*H21+$C27*H27+$C33*H33)/$N9 -> 27.681021 | S9: =R9/H9 -> 0.99984771
B10: Ungtjur | C10: =C16+C22+C28+C34+C40 -> 97422 | E10: =($C16*E16+$C22*E22+$C28*E28+$C34*E34+$C40*E40)/$C10 -> 328.44804 | F10: =($C16*F16+$C22*F22+$C28*F28+$C34*F34+$C40*F40)/$C10 -> 4.7509351 | G10: =($C16*G16+$C22*G22+$C28*G28+$C34*G34+$C40*G40)/$C10 -> 6.6520776 | H10: =($C16*H16+$C22*H22+$C28*H28+$C34*H34+$C40*H40)/$C10 -> 20.048903 | I10: =($C16*I16+$C22*I22+$C28*I28+$C34*I34+$C40*I40)/$C10 -> 504.83497 | N10: =C16+C22+C28+C34 -> 77052 | O10: =N10/C10 -> 0.79090965 | P10: =($C16*E16+$C22*E22+$C28*E28+$C34*E34)/$N10 -> 328.59293 | Q10: =P10/E10 -> 1.0004411 | R10: =($C16*H16+$C22*H22+$C28*H28+$C34*H34)/$N10 -> 20.088268 | S10: =R10/H10 -> 1.0019634
A11: SJB | B11: Kor | C11: 1433 | D11: 40 | E11: 202.3 | F11: 3.5 | G11: 6.6 | H11: 69.6
B12: Ungko | C12: 438 | D12: 40 | E12: 184.8 | F12: 2.9 | G12: 6.4 | H12: 36.4
B13: Kvigor | C13: 205 | D13: 40 | E13: 205.2 | F13: 3.7 | G13: 8 | H13: 30.3 | I13: 201
B14: Mellankalv | C14: 85 | D14: 40 | E14: 129.7 | F14: 4 | G14: 5 | H14: 10.6 | I14: 341
B15: Stut | C15: 235 | D15: 39.9 | E15: 255.3 | F15: 3.7 | G15: 7.7 | H15: 32 | I15: 242
B16: Ungtjur | C16: 168 | D16: 40 | E16: 258.9 | F16: 4.3 | G16: 6.6 | H16: 21.6 | I16: 364
A17: SKB | B17: Kor | C17: 681 | E17: 247.2 | F17: 4 | G17: 9.9 | H17: 95.3
B18: Ungko | C18: 93 | E18: 207.6 | F18: 3.5 | G18: 8.4 | H18: 35.9
B19: Kvigor | C19: 106 | E19: 212.2 | F19: 4.2 | G19: 8.9 | H19: 28.9 | I19: 219
B20: Mellankalv | C20: 164 | E20: 123.8 | F20: 4.1 | G20: 5.3 | H20: 9.3 | I20: 366
B21: Stut | C21: 224 | E21: 242 | F21: 4 | G21: 7.8 | H21: 28.4 | I21: 257
B22: Ungtjur | C22: 301 | E22: 260.5 | F22: 4.6 | G22: 6 | H22: 23.1 | I22: 343
A23: SLB (Svensk Holstein) | B23: Kor | C23: 130623 | E23: 317.3 | F23: 3.8 | G23: 7 | H23: 69.3
B24: Ungko | C24: 55981 | E24: 289.1 | F24: 3.6 | G24: 6.7 | H24: 39.5
B25: Kvigor | C25: 21744 | E25: 296.8 | F25: 4.2 | G25: 8.2 | H25: 28.3 | I25: 321
B26: Mellankalv | C26: 5050 | E26: 170.3 | F26: 4.5 | G26: 5.1 | H26: 9.2 | I26: 537
B27: Stut | C27: 18610 | E27: 326.34 | F27: 4 | G27: 7.5 | H27: 27.3 | I27: 369
B28: Ungtjur | C28: 54487 | E28: 329.1 | F28: 4.4 | G28: 6.5 | H28: 19.9 | I28: 509
A29: SRB | B29: Kor | C29: 79674 | E29: 305.9 | F29: 4.3 | G29: 7.7 | H29: 70.3
B30: Ungko | C30: 26696 | E30: 277.4 | F30: 4.1 | G30: 7.2 | H30: 39.6
B31: Kvigor | C31: 12151 | E31: 292.5 | F31: 5 | G31: 8.5 | H31: 28.9 | I31: 310
B32: Mellankalv | C32: 1630 | E32: 167.5 | F32: 5.2 | G32: 5.8 | H32: 9.6 | I32: 507
B33: Stut | C33: 11397 | E33: 322.5 | F33: 4.8 | G33: 7.6 | H33: 28.2 | I33: 353
B34: Ungtjur | C34: 22096 | E34: 328.8 | F34: 5.3 | G34: 6.9 | H34: 20.5 | I34: 494
A35: Korsning | B35: Kor | C35: 41826 | E35: 309.6 | F35: 4.2 | G35: 7.5 | H35: 66.5 | J35: =C35/C5 -> 0.16451579
B36: Ungko | C36: 18364 | E36: 281.2 | F36: 4 | G36: 7.2 | H36: 38.6 | J36: =C36/C6 -> 0.18079786
B37: Kvigor | C37: 8609 | E37: 292.2 | F37: 4.7 | G37: 8.4 | H37: 28.2 | I37: 318 | J37: =C37/C7 -> 0.20107439
B38: Mellankalv | C38: 1354 | E38: 164.2 | F38: 4.8 | G38: 5.6 | H38: 9.1 | I38: 521 | J38: =C38/C8 -> 0.16346734
B39: Stut | C39: 8701 | E39: 322.5 | F39: 4.6 | G39: 7.6 | H39: 27.7 | I39: 358 | J39: =C39/C9 -> 0.2221513
B40: Ungtjur | C40: 20370 | E40: 327.9 | F40: 5.1 | G40: 6.8 | H40: 19.9 | I40: 509 | J40: =C40/C10 -> 0.20909035 | N40: Antal djur | P40: Slaktvikt (kg) | R40: Ålder (mån)
A41: Köttraser | B41: Kor | C41: =SUM(C47,C83) -> 16927 | D41: =($C47*D47+$C83*D83)/$C41 -> 41.574888 | E41: =($C47*E47+$C83*E83)/$C41 -> 379.16193 | F41: =($C47*F47+$C83*F83)/$C41 -> 6.7577598 | G41: =($C47*G47+$C83*G83)/$C41 -> 9.0394459 | H41: =($C47*H47+$C83*H83)/$C41 -> 91.658144 | K41: Ålder kor | L41: =SUMPRODUCT(C41:C42,H41:H42)/SUM(C41:C42)/12 -> 6.4128831 | M41: år | N41: =SUM(N47,N83) -> 10586 | O41: =N41/C41 -> 0.62539139 | P41: =($N47*P47+$N83*P83)/$N41 -> 389.6567 | Q41: =P41/E41 -> 1.0276789 | R41: =($N47*R47+$N83*R83)/$N41 -> 94.044559 | S41: =R41/H41 -> 1.026036
B42: Ungko | C42: =SUM(C48,C84) -> 6074 | D42: =($C48*D48+$C84*D84)/$C42 -> 40.89093 | E42: =($C48*E48+$C84*E84)/$C42 -> 324.01011 | F42: =($C48*F48+$C84*F84)/$C42 -> 6.0869937 | G42: =($C48*G48+$C84*G84)/$C42 -> 8.278729 | H42: =($C48*H48+$C84*H84)/$C42 -> 35.978811 | K42: Rekrytering | L42: =1/(L41-'antal djur'!#ref!/12) -> #VALUE! | N42: =SUM(N48,N84) -> 2473 | O42: =N42/C42 -> 0.40714521 | P42: =($N48*P48+$N84*P84)/$N42 -> 331.88791 | Q42: =P42/E42 -> 1.0243134 | R42: =($N48*R48+$N84*R84)/$N42 -> 38.378569 | S42: =R42/H42 -> 1.0666992
B43: Kvigor | C43: =SUM(C49,C85) -> 22242 | D43: =($C49*D49+$C85*D85)/$C43 -> 40.351524 | E43: =($C49*E49+$C85*E85)/$C43 -> 314.82855 | F43: =($C49*F49+$C85*F85)/$C43 -> 6.9360984 | G43: =($C49*G49+$C85*G85)/$C43 -> 9.0933639 | H43: =($C49*H49+$C85*H85)/$C43 -> 24.804527 | I43: =($C49*I49+$C85*I85)/$C43 -> 390.96952 | K43: Andel stut | L43: =(C45*(I45/12))/(C45*(I45/12)+C46*(I46/12)) -> 0.11158582 | N43: =SUM(N49,N85) -> 8319 | O43: =N43/C43 -> 0.37402212 | P43: =($N49*P49+$N85*P85)/$N43 -> 315.25748 | Q43: =P43/E43 -> 1.0013624 | R43: =($N49*R49+$N85*R85)/$N43 -> 24.42231 | S43: =R43/H43 -> 0.98459083
B44: Mellankalv | C44: =SUM(C50,C86) -> 830 | D44: =($C50*D50+$C86*D86)/$C44 -> 40.474096 | E44: =($C50*E50+$C86*E86)/$C44 -> 176.07711 | F44: =($C50*F50+$C86*F86)/$C44 -> 6.5266265 | G44: =($C50*G50+$C86*G86)/$C44 -> 6.4119277 | H44: =($C50*H50+$C86*H86)/$C44 -> 9.2815663 | I44: =($C50*I50+$C86*I86)/$C44 -> 549.44217 | N44: =SUM(N50,N86) -> 162 | O44: =N44/C44 -> 0.19518072 | P44: =($N50*P50+$N86*P86)/$N44 -> 194.71481 | Q44: =P44/E44 -> 1.1058497 | R44: =($N50*R50+$N86*R86)/$N44 -> 9.8611111 | S44: =R44/H44 -> 1.0624404
B45: Stut | C45: =SUM(C51,C87) -> 5996 | D45: =($C51*D51+$C87*D87)/$C45 -> 40.1753 | E45: =($C51*E51+$C87*E87)/$C45 -> 339.48611 | F45: =($C51*F51+$C87*F87)/$C45 -> 6.0807038 | G45: =($C51*G51+$C87*G87)/$C45 -> 8.0606404 | H45: =($C51*H51+$C87*H87)/$C45 -> 26.432438 | I45: =($C51*I51+$C87*I87)/$C45 -> 398.93195 | N45: =SUM(N51,N87) -> 707 | O45: =N45/C45 -> 0.11791194 | P45: =($N51*P51+$N87*P87)/$N45 -> 329.69533 | Q45: =P45/E45 -> 0.97116001 | R45: =($N51*R51+$N87*R87)/$N45 -> 27.53239 | S45: =R45/H45 -> 1.0416137
B46: Ungtjur | C46: =SUM(C52,C88) -> 29580 | D46: =($C52*D52+$C88*D88)/$C46 -> 42.4633 | E46: =($C52*E52+$C88*E88)/$C46 -> 363.96025 | F46: =($C52*F52+$C88*F88)/$C46 -> 9.8302028 | G46: =($C52*G52+$C88*G88)/$C46 -> 7.2128634 | H46: =($C52*H52+$C88*H88)/$C46 -> 17.659304 | I46: =($C52*I52+$C88*I88)/$C46 -> 643.82634 | N46: =SUM(N52,N88) -> 15148 | O46: =N46/C46 -> 0.51210277 | P46: =($N52*P52+$N88*P88)/$N46 -> 367.85722 | Q46: =P46/E46 -> 1.0107071 | R46: =($N52*R52+$N88*R88)/$N46 -> 17.085358 | S46: =R46/H46 -> 0.96749896
A47: Lätta köttraser | B47: Kor | C47: =C53+C59+C65+C71+C77 -> 6087 | D47: =($C53*D53+$C59*D59+$C65*D65+$C71*D71+$C77*D77)/($C47-C77) -> 39.758489 | E47: =($C53*E53+$C59*E59+$C65*E65+$C71*E71+$C77*E77)/$C47 -> 358.55812 | F47: =($C53*F53+$C59*F59+$C65*F65+$C71*F71+$C77*F77)/$C47 -> 6.1595203 | G47: =($C53*G53+$C59*G59+$C65*G65+$C71*G71+$C77*G77)/$C47 -> 10.322606 | H47: =($C53*H53+$C59*H59+$C65*H65+$C71*H71+$C77*H77)/$C47 -> 92.899441 | K47: Ålder kor | L47: =SUMPRODUCT(C47:C48,H47:H48)/SUM(C47:C48)/12 -> 6.4392738 | M47: år | N47: =C53+C59+C65+C71 -> 3534 | O47: =N47/C47 -> 0.58058157 | P47: =($C53*E53+$C59*E59+$C65*E65+$C71*E71)/$N47 -> 359.39477 | Q47: =P47/E47 -> 1.0023333 | R47: =($C53*H53+$C59*H59+$C65*H65+$C71*H71)/$N47 -> 94.34386 | S47: =R47/H47 -> 1.0155482
B48: Ungko | C48: =C54+C60+C66+C72+C78 -> 2341 | D48: =($C54*D54+$C60*D60+$C66*D66+$C72*D72+$C78*D78)/($C48-C78) -> 40.016109 | E48: =($C54*E54+$C60*E60+$C66*E66+$C72*E72+$C78*E78)/$C48 -> 314.80914 | F48: =($C54*F54+$C60*F60+$C66*F66+$C72*F72+$C78*F78)/$C48 -> 5.7646305 | G48: =($C54*G54+$C60*G60+$C66*G66+$C72*G72+$C78*G78)/$C48 -> 9.3019223 | H48: =($C54*H54+$C60*H60+$C66*H66+$C72*H72+$C78*H78)/$C48 -> 36.635412 | K48: Rekrytering | L48: =1/(L47-'antal djur'!#ref!/12) -> #VALUE! | N48: =C54+C60+C66+C72 -> 956 | O48: =N48/C48 -> 0.40837249 | P48: =($C54*E54+$C60*E60+$C66*E66+$C72*E72)/$N48 -> 311.63515 | Q48: =P48/E48 -> 0.98991772 | R48: =($C54*H54+$C60*H60+$C66*H66+$C72*H72)/$N48 -> 39.439331 | S48: =R48/H48 -> 1.0765357
B49: Kvigor | C49: =C55+C61+C67+C73+C79 -> 7952 | D49: =($C55*D55+$C61*D61+$C67*D67+$C73*D73+$C79*D79)/$C49 -> 39.90869 | E49: =($C55*E55+$C61*E61+$C67*E67+$C73*E73+$C79*E79)/$C49 -> 304.57196 | F49: =($C55*F55+$C61*F61+$C67*F67+$C73*F73+$C79*F79)/$C49 -> 6.491914 | G49: =($C55*G55+$C61*G61+$C67*G67+$C73*G73+$C79*G79)/$C49 -> 9.9578597 | H49: =($C55*H55+$C61*H61+$C67*H67+$C73*H73+$C79*H79)/$C49 -> 25.802716 | I49: =($C55*I55+$C61*I61+$C67*I67+$C73*I73+$C79*I79)/$C49 -> 362.36444 | K49: Andel stut | L49: =(C51*(I51/12))/(C51*(I51/12)+C52*(I52/12)) -> 0.16285725 | N49: =C55+C61+C67+C73 -> 2802 | O49: =N49/C49 -> 0.35236419 | P49: =($C55*E55+$C61*E61+$C67*E67+$C73*E73)/$N49 -> 299.74168 | Q49: =P49/E49 -> 0.98414078 | R49: =($C55*H55+$C61*H61+$C67*H67+$C73*H73)/$N49 -> 26.175303 | S49: =R49/H49 -> 1.0144398
B50: Mellankalv | C50: =C56+C62+C68+C74+C80 -> 388 | D50: =($C56*D56+$C62*D62+$C68*D68+$C74*D74+$C80*D80)/$C50 -> 39.900515 | E50: =($C56*E56+$C62*E62+$C68*E68+$C74*E74+$C80*E80)/$C50 -> 157.11907 | F50: =($C56*F56+$C62*F62+$C68*F68+$C74*F74+$C80*F80)/$C50 -> 5.6463918 | G50: =($C56*G56+$C62*G62+$C68*G68+$C74*G74+$C80*G80)/$C50 -> 6.7556701 | H50: =($C56*H56+$C62*H62+$C68*H68+$C74*H74+$C80*H80)/$C50 -> 9.2572165 | I50: =($C56*I56+$C62*I62+$C68*I68+$C74*I74+$C80*I80)/$C50 -> 492.71649 | N50: =C56+C62+C68+C74 -> 66 | O50: =N50/C50 -> 0.17010309 | P50: =($C56*E56+$C62*E62+$C68*E68+$C74*E74)/$N50 -> 129.89091 | Q50: =P50/E50 -> 0.82670364 | R50: =($C56*H56+$C62*H62+$C68*H68+$C74*H74)/$N50 -> 8.5606061 | S50: =R50/H50 -> 0.92474947
B51: Stut | C51: =C57+C63+C69+C75+C81 -> 3017 | D51: =($C57*D57+$C63*D63+$C69*D69+$C75*D75+$C81*D81)/$C51 -> 40.0824 | E51: =($C57*E57+$C63*E63+$C69*E69+$C75*E75+$C81*E81)/$C51 -> 335.68001 | F51: =($C57*F57+$C63*F63+$C69*F69+$C75*F75+$C81*F81)/$C51 -> 5.9614849 | G51: =($C57*G57+$C63*G63+$C69*G69+$C75*G75+$C81*G81)/$C51 -> 8.6885317 | H51: =($C57*H57+$C63*H63+$C69*H69+$C75*H75+$C81*H81)/$C51 -> 27.122307 | I51: =($C57*I57+$C63*I63+$C69*I69+$C75*I75+$C81*I81)/$C51 -> 384.82532 | N51: =C57+C63+C69+C75 -> 469 | O51: =N51/C51 -> 0.15545244 | P51: =($C57*E57+$C63*E63+$C69*E69+$C75*E75)/$N51 -> 322.53262 | Q51: =P51/E51 -> 0.96083356 | R51: =($C57*H57+$C63*H63+$C69*H69+$C75*H75)/$N51 -> 29.416631 | S51: =R51/H51 -> 1.0845918
B52: Ungtjur | C52: =C58+C64+C70+C76+C82 -> 10463 | D52: =($C58*D58+$C64*D64+$C70*D70+$C76*D76+$C82*D82)/$C52 -> 40.779662 | E52: =($C58*E58+$C64*E64+$C70*E70+$C76*E76+$C82*E82)/$C52 -> 346.56857 | F52: =($C58*F58+$C64*F64+$C70*F70+$C76*F76+$C82*F82)/$C52 -> 12.033843 | G52: =($C58*G58+$C64*G64+$C70*G70+$C76*G76+$C82*G82)/$C52 -> 7.9628692 | H52: =($C58*H58+$C64*H64+$C70*H70+$C76*H76+$C82*H82)/$C52 -> 18.879174 | I52: =($C58*I58+$C64*I64+$C70*I70+$C76*I76+$C82*I82)/$C52 -> 570.39425 | N52: =C58+C64+C70+C76 -> 5067 | O52: =N52/C52 -> 0.48427793 | P52: =($C58*E58+$C64*E64+$C70*E70+$C76*E76)/$N52 -> 344.40523 | Q52: =P52/E52 -> 0.99375784 | R52: =($C58*H58+$C64*H64+$C70*H70+$C76*H76)/$N52 -> 19.069982 | S52: =R52/H52 -> 1.0101068
A53: Angus | B53: Kor | C53: 842 | D53: 37.7 | E53: 360.5 | F53: 6.6 | G53: 10.4 | H53: 92.6
B54: Ungko | C54: 190 | D54: 37.9 | E54: 307.1 | F54: 6 | G54: 9.1 | H54: 38.4
B55: Kvigor | C55: 552 | D55: 38.7 | E55: 307.3 | F55: 7.2 | G55: 10.1 | H55: 27 | I55: 350
B56: Mellankalv | C56: 32 | D56: 40 | E56: 132.9 | F56: 6.1 | G56: 4.8 | H56: 6.8 | I56: 544
B57: Stut | C57: 129 | D57: 39.4 | E57: 344.6 | F57: 6.6 | G57: 8.3 | H57: 31.2 | I57: 342
B58: Ungtjur | C58: 1144 | D58: 40.1 | E58: 352.1 | F58: 7.9 | G58: 7.9 | H58: 18.9 | I58: 588
A59: Hereford | B59: Kor | C59: 2527 | D59: 40.7 | E59: 365.7 | F59: 6.2 | G59: 10.6 | H59: 93.4
B60: Ungko | C60: 734 | D60: 40.8 | E60: 318.5 | F60: 6.1 | G60: 9.3 | H60: 39.2
B61: Kvigor | C61: 2183 | D61: 40.1 | E61: 300.4 | F61: 6.8 | G61: 10.1 | H61: 25.8 | I61: 357
B62: Mellankalv | C62: 28 | D62: 39.3 | E62: 128.5 | F62: 4.9 | G62: 5.3 | H62: 9.1 | I62: 395
B63: Stut | C63: 238 | D63: 40.6 | E63: 333 | F63: 6.3 | G63: 8.9 | H63: 24.9 | I63: 413
B64: Ungtjur | C64: 3824 | D64: 41.8 | E64: 344.2 | F64: 7.5 | G64: 8 | H64: 18.9 | I64: 563
A65: Higland Cattle | B65: Kor | C65: 156 | D65: 36.1 | E65: 253.9 | F65: 5.7 | G65: 8.9 | H65: 119.4
B66: Ungko | C66: 32 | D66: 34.6 | E66: 181.1 | F66: 3.8 | G66: 6.3 | H66: 51.1
B67: Kvigor | C67: 59 | D67: 36.4 | E67: 209 | F67: 5.3 | G67: 8.4 | H67: 31.8 | I67: 197
B68: Mellankalv | C68: 4 | D68: 40 | E68: 106.8 | F68: 3 | G68: 5.5 | H68: 17.1 | I68: 167
B69: Stut | C69: 102 | D69: 36.8 | E69: 270.2 | F69: 5.9 | G69: 8.4 | H69: 37.7 | I69: 219
B70: Ungtjur | C70: 94 | D70: 35.3 | E70: 257.9 | F70: 536 | G70: 5.1 | H70: 27.6 | I70: 286
A71: Belted Galloway | B71: Kor | C71: 9 | D71: 31.4 | E71: 314.2 | F71: 6.8 | G71: 13 | H71: 88.2
B72: Ungko
B73: Kvigor | C73: 8 | D73: 38.2 | E73: 267.8 | F73: 5.9 | G73: 10.1 | H73: 30.2 | I73: 271
B74: Mellankalv | C74: 2 | D74: 30.5 | E74: 147.4 | F74: 5.5 | G74: 5.5 | H74: 12.1 | I74: 358
B75: Stut
B76: Ungtjur | C76: 5 | D76: 36.6 | E76: 367.1 | F76: 7.3 | G76: 7.7 | H76: 27.6 | I76: 415
A77: Korsning | B77: Kor | C77: 2553 | E77: 357.4 | F77: 6 | G77: 10.1 | H77: 90.9 | J77: =C77/C41 -> 0.15082413
B78: Ungko | C78: 1385 | E78: 317 | F78: 5.6 | G78: 9.4 | H78: 34.7 | J78: =C78/C42 -> 0.22802107
B79: Kvigor | C79: 5150 | D79: 40 | E79: 307.2 | F79: 6.3 | G79: 9.9 | H79: 25.6 | I79: 368 | J79: =C79/C43 -> 0.23154393
B80: Mellankalv | C80: 322 | D80: 40 | E80: 162.7 | F80: 5.7 | G80: 7.1 | H80: 9.4 | I80: 501 | J80: =C80/C44 -> 0.38795181
B81: Stut | C81: 2548 | D81: 40.2 | E81: 338.1 | F81: 5.9 | G81: 8.7 | H81: 26.7 | I81: 391 | J81: =C81/C45 -> 0.42494997
B82: Ungtjur | C82: 5396 | D82: 40.3 | E82: 348.6 | F82: 7 | G82: 8 | H82: 18.7 | I82: 577 | J82: =C82/C46 -> 0.18242055 | N82: Antal djur | P82: Slaktvikt (kg) | R82: Ålder (mån)
A83: Tunga köttraser | B83: Kor | C83: =C89+C95+C101+C107+C113+C119+C125 -> 10840 | D83: =($C89*D89+$C95*D95+$C101*D101+$C107*D107+$C113*D113+$C119*D119+$C125*D125)/$C83 -> 42.594852 | E83: =($C89*E89+$C95*E95+$C101*E101+$C107*E107+$C113*E113+$C119*E119+$C125*E125)/$C83 -> 390.73161 | F83: =($C89*F89+$C95*F95+$C101*F101+$C107*F107+$C113*F113+$C119*F119+$C125*F125)/$C83 -> 7.09369 | G83: =($C89*G89+$C95*G95+$C101*G101+$C107*G107+$C113*G113+$C119*G119+$C125*G125)/$C83 -> 8.3189114 | H83: =($C89*H89+$C95*H95+$C101*H101+$C107*H107+$C113*H113+$C119*H119+$C125*H125)/$C83 -> 90.961116 | K83: Ålder kor | L83: =SUMPRODUCT(C83:C84,H83:H84)/SUM(C83:C84)/12 -> 6.3976206 | M83: år | N83: =C89+C95+C101+C107+C113+C119 -> 7052 | O83: =N83/C83 -> 0.65055351 | P83: =($C89*E89+$C95*E95+$C101*E101+$C107*E107+$C113*E113+$C119*E119)/$N83 -> 404.82199 | Q83: =P83/E83 -> 1.0360615 | R83: =($C89*H89+$C95*H95+$C101*H101+$C107*H107+$C113*H113+$C119*H119)/$N83 -> 93.894569 | S83: =R83/H83 -> 1.0322495
B84: Ungko | C84: =C90+C96+C102+C108+C114+C120+C126 -> 3733 | D84: =($C90*D90+$C96*D96+$C102*D102+$C108*D108+$C114*D114+$C120*D120+$C126*D126)/$C84 -> 41.439539 | E84: =($C90*E90+$C96*E96+$C102*E102+$C108*E108+$C114*E114+$C120*E120+$C126*E126)/$C84 -> 329.78012 | F84: =($C90*F90+$C96*F96+$C102*F102+$C108*F108+$C114*F114+$C120*F120+$C126*F126)/$C84 -> 6.2891508 | G84: =($C90*G90+$C96*G96+$C102*G102+$C108*G108+$C114*G114+$C120*G120+$C126*G126)/$C84 -> 7.6370747 | H84: =($C90*H90+$C96*H96+$C102*H102+$C108*H108+$C114*H114+$C120*H120+$C126*H126)/$C84 -> 35.567051 | K84: Rekrytering | L84: =1/(L83-'antal djur'!#ref!/12) -> #VALUE! | N84: =C90+C96+C102+C108+C114+C120 -> 1517 | O84: =N84/C84 -> 0.40637557 | P84: =($C90*E90+$C96*E96+$C102*E102+$C108*E108+$C114*E114+$C120*E120)/$N84 -> 344.65102 | Q84: =P84/E84 -> 1.0450934 | R84: =($C90*H90+$C96*H96+$C102*H102+$C108*H108+$C114*H114+$C120*H120)/$N84 -> 37.710086 | S84: =R84/H84 -> 1.0602534
B85: Kvigor | C85: =C91+C97+C103+C109+C115+C121+C127 -> 14290 | D85: =($C91*D91+$C97*D97+$C103*D103+$C109*D109+$C115*D115+$C121*D121+$C127*D127)/$C85 -> 40.59795 | E85: =($C91*E91+$C97*E97+$C103*E103+$C109*E109+$C115*E115+$C121*E121+$C127*E127)/$C85 -> 320.53607 | F85: =($C91*F91+$C97*F97+$C103*F103+$C109*F109+$C115*F115+$C121*F121+$C127*F127)/$C85 -> 7.183275 | G85: =($C91*G91+$C97*G97+$C103*G103+$C109*G109+$C115*G115+$C121*G121+$C127*G127)/$C85 -> 8.6122953 | H85: =($C91*H91+$C97*H97+$C103*H103+$C109*H109+$C115*H115+$C121*H121+$C127*H127)/$C85 -> 24.249062 | I85: =($C91*I91+$C97*I97+$C103*I103+$C109*I109+$C115*I115+$C121*I121+$C127*I127)/$C85 -> 406.88747 | K85: Andel stut | L85: =(C87*(I87/12))/(C87*(I87/12)+C88*(I88/12)) -> 0.0860383 | N85: =C91+C97+C103+C109+C115+C121 -> 5517 | O85: =N85/C85 -> 0.38607418 | P85: =($C91*E91+$C97*E97+$C103*E103+$C109*E109+$C115*E115+$C121*E121)/$N85 -> 323.13772 | Q85: =P85/E85 -> 1.0081165 | R85: =($C91*H91+$C97*H97+$C103*H103+$C109*H109+$C115*H115+$C121*H121)/$N85 -> 23.531992 | S85: =R85/H85 -> 0.97042895
B86: Mellankalv | C86: =C92+C98+C104+C110+C116+C122+C128 -> 442 | D86: =($C92*D92+$C98*D98+$C104*D104+$C110*D110+$C116*D116+$C122*D122+$C128*D128)/$C86 -> 40.977602 | E86: =($C92*E92+$C98*E98+$C104*E104+$C110*E110+$C116*E116+$C122*E122+$C128*E128)/$C86 -> 192.719 | F86: =($C92*F92+$C98*F98+$C104*F104+$C110*F110+$C116*F116+$C122*F122+$C128*F128)/$C86 -> 7.2993213 | G86: =($C92*G92+$C98*G98+$C104*G104+$C110*G110+$C116*G116+$C122*G122+$C128*G128)/$C86 -> 6.110181 | H86: =($C92*H92+$C98*H98+$C104*H104+$C110*H110+$C116*H116+$C122*H122+$C128*H128)/$C86 -> 9.3029412 | I86: =($C92*I92+$C98*I98+$C104*I104+$C110*I110+$C116*I116+$C122*I122+$C128*I128)/$C86 -> 599.23756 | N86: =C92+C98+C104+C110+C116+C122 -> 96 | O86: =N86/C86 -> 0.21719457 | P86: =($C92*E92+$C98*E98+$C104*E104+$C110*E110+$C116*E116+$C122*E122)/$N86 -> 239.28125 | Q86: =P86/E86 -> 1.2416069 | R86: =($C92*H92+$C98*H98+$C104*H104+$C110*H110+$C116*H116+$C122*H122)/$N86 -> 10.755208 | S86: =R86/H86 -> 1.1561084
B87: Stut | C87: =C93+C99+C105+C111+C117+C123+C129 -> 2979 | D87: =($C93*D93+$C99*D99+$C105*D105+$C111*D111+$C117*D117+$C123*D123+$C129*D129)/$C87 -> 40.269386 | E87: =($C93*E93+$C99*E99+$C105*E105+$C111*E111+$C117*E117+$C123*E123+$C129*E129)/$C87 -> 343.34075 | F87: =($C93*F93+$C99*F99+$C105*F105+$C111*F111+$C117*F117+$C123*F123+$C129*F129)/$C87 -> 6.2014434 | G87: =($C93*G93+$C99*G99+$C105*G105+$C111*G111+$C117*G117+$C123*G123+$C129*G129)/$C87 -> 7.4247398 | H87: =($C93*H93+$C99*H99+$C105*H105+$C111*H111+$C117*H117+$C123*H123+$C129*H129)/$C87 -> 25.73377 | I87: =($C93*I93+$C99*I99+$C105*I105+$C111*I111+$C117*I117+$C123*I123+$C129*I129)/$C87 -> 413.21853 | N87: =C93+C99+C105+C111+C117+C123 -> 238 | O87: =N87/C87 -> 0.079892581 | P87: =($C93*E93+$C99*E99+$C105*E105+$C111*E111+$C117*E117+$C123*E123)/$N87 -> 343.81008 | Q87: =P87/E87 -> 1.001367 | R87: =($C93*H93+$C99*H99+$C105*H105+$C111*H111+$C117*H117+$C123*H123)/$N87 -> 23.819328 | S87: =R87/H87 -> 0.92560585
B88: Ungtjur | C88: =C94+C100+C106+C112+C118+C124+C130 -> 19117 | D88: =($C94*D94+$C100*D100+$C106*D106+$C112*D112+$C118*D118+$C124*D124+$C130*D130)/$C88 -> 43.384778 | E88: =($C94*E94+$C100*E100+$C106*E106+$C112*E112+$C118*E118+$C124*E124+$C130*E130)/$C88 -> 373.47897 | F88: =($C94*F94+$C100*F100+$C106*F106+$C112*F112+$C118*F118+$C124*F124+$C130*F130)/$C88 -> 8.6241199 | G88: =($C94*G94+$C100*G100+$C106*G106+$C112*G112+$C118*G118+$C124*G124+$C130*G130)/$C88 -> 6.8023748 | H88: =($C94*H94+$C100*H100+$C106*H106+$C112*H112+$C118*H118+$C124*H124+$C130*H130)/$C88 -> 16.991651 | I88: =($C94*I94+$C100*I100+$C106*I106+$C112*I112+$C118*I118+$C124*I124+$C130*I130)/$C88 -> 684.01674 | N88: =C94+C100+C106+C112+C118+C124 -> 10081 | O88: =N88/C88 -> 0.52733169 | P88: =($C94*E94+$C100*E100+$C106*E106+$C112*E112+$C118*E118+$C124*E124)/$N88 -> 379.64486 | Q88: =P88/E88 -> 1.0165093 | R88: =($C94*H94+$C100*H100+$C106*H106+$C112*H112+$C118*H118+$C124*H124)/$N88 -> 16.087829 | S88: =R88/H88 -> 0.94680783
A89: Blonde d’aquitaine | B89: Kor | C89: 123 | D89: 43.5 | E89: 417.1 | F89: 9.1 | G89: 7 | H89: 112.8
B90: Ungko | C90: 20 | D90: 43.4 | E90: 343.2 | F90: 8.3 | G90: 5.4 | H90: 36.2
B91: Kvigor | C91: 79 | D91: 8 | E91: 344.7 | F91: 9.5 | G91: 7.1 | H91: 23.9 | I91: 443
B92: Mellankalv | C92: 5 | D92: 44.4 | E92: 177.3 | F92: 10.2 | G92: 4.6 | H92: 8.5 | I92: 597
B93: Stut
B94: Ungtjur | C94: 129 | D94: 47.9 | E94: 394.5 | F94: 11.8 | G94: 4.5 | H94: 15.7 | I94: 774
A95: Charolais | B95: Kor | C95: 3815 | D95: 44.3 | E95: 419.1 | F95: 7.7 | G95: 8.6 | H95: 94.8
B96: Ungko | C96: 782 | D96: 44.2 | E96: 352.4 | F96: 7.1 | G96: 7.4 | H96: 37.3
B97: Kvigor | C97: 3366 | D97: 42.1 | E97: 325.9 | F97: 7.8 | G97: 8.4 | H97: 22.9 | I97: 437
B98: Mellankalv | C98: 10 | D98: 41.3 | E98: 167.5 | F98: 6.8 | G98: 5.2 | H98: 10.2 | I98: 471
B99: Stut | C99: 74 | D99: 42.2 | E99: 366.8 | F99: 8.1 | G99: 6.7 | H99: 20.8 | I99: 546
B100: Ungtjur | C100: 5889 | D100: 46.2 | E100: 382.6 | F100: 9.5 | G100: 6.8 | H100: 15.7 | I100: 751
A101: Chianina | B101: Kor | C101: 11 | D101: 49.5 | E101: 467.2 | F101: 6.7 | G101: 9.5 | H101: 88.4
B102: Ungko | C102: 3 | D102: 49.7 | E102: 370.3 | F102: 8 | G102: 7 | H102: 33.1
...

Sheet Invägd mjölk
C1: SJV Stat | G1: Växa
C2: Mjölkkor | D2: Invägd mjölk 1000 ton | E2: …per ko | G2: tot | H2: konv | I2: eko | J2: % mejeri | K2: tot | L2: konv | M2: eko | O2: SJV/Växa
B3: 2016 | C3: 330833 | D3: 2862.23 | E3: =D3*1000000/C3 -> 8651.5855 | G3: 9759 | H3: 9829 | I3: 9135 | J3: 0.927 | K3: =G3*$J3 -> 9046.593 | L3: =H3*$J3 -> 9111.483 | M3: =I3*$J3 -> 8468.145 | O3: =E3/G3 -> 0.88652378
B4: 2017 | C4: 322010 | D4: 2816.66 | E4: =D4*1000000/C4 -> 8747.1197 | G4: 9801 | H4: 9903 | I4: 9246 | J4: 0.925 | K4: =G4*$J4 -> 9065.925 | L4: =H4*$J4 -> 9160.275 | M4: =I4*$J4 -> 8552.55 | O4: =E4/G4 -> 0.89247216
B5: 2018 | C5: 319387 | D5: 2760.23 | E5: =D5*1000000/C5 -> 8642.2741 | G5: 9827 | H5: 9953 | I5: 9280 | J5: 0.923 | K5: =G5*$J5 -> 9070.321 | L5: =H5*$J5 -> 9186.619 | M5: =I5*$J5 -> 8565.44 | O5: =E5/G5 -> 0.87944175
B6: 2019 | C6: 305570 | D6: 2704.39 | E6: =D6*1000000/C6 -> 8850.3125 | G6: 9996 | H6: 10112 | I6: 9499 | J6: 0.921 | K6: =G6*$J6 -> 9206.316 | L6: =H6*$J6 -> 9313.152 | M6: =I6*$J6 -> 8748.579 | O6: =E6/G6 -> 0.88538541
B7: 2020 | C7: 303390 | D7: 2772.74 | E7: =D7*1000000/C7 -> 9139.1938 | G7: 10232 | H7: 10330 | I7: 9676 | J7: 0.92 | K7: =G7*$J7 -> 9413.44 | L7: =H7*$J7 -> 9503.6 | M7: =I7*$J7 -> 8901.92 | O7: =E7/G7 -> 0.8931972
G8: Snitt (2016-2020) justerat utifrån inväg mjölk
E9: =AVERAGE(E3:E7) -> 8806.0971 | G9: =SUMPRODUCT(G3:G7,$O3:$O7)/5 -> 8806.0971 | H9: =SUMPRODUCT(H3:H7,$O3:$O7)/5 -> 8896.9244 | I9: =SUMPRODUCT(I3:I7,$O3:$O7)/5 -> 8312.8528 | O9: =AVERAGE(O3:O7) -> 0.88740406
K11: Växa statistik
B12: Jordbruksverkets statistik | L12: Mjölkproduktion | N12: Ökning per 5 år
B13: År | C13: Kvantitet invägd mjölk, 1 000 ton | D13: Genomsnittlig fetthalt på invägd mjölk, procent | E13: Genomsnittlig proteinhalt på invägd mjölk, procent | F13: ECM | G13: Kor för mjölkproduktion | H13: Mjölk per ko | I13: Ökning per 5 år | K13: År | L13: Konv | M13: Eko | N13: Konv | O13: Eko
B14: 1995 | C14: 3243 | D14: 4.33 | E14: 3.34 | F14: =C14*(0.25+D14/100*12.2+E14/100*7.7) -> 3357.9319 | G14: 482118 | H14: =C14*1000000/G14 -> 6726.569 | K14: 2015 | L14: 9716 | M14: 8916
B15: 1996 | C15: 3258 | D15: 4.29 | E15: 3.33 | F15: =C15*(0.25+D15/100*12.2+E15/100*7.7) -> 3355.0558 | G15: 466265 | H15: =C15*1000000/G15 -> 6987.4428 | K15: 2016 | L15: 9829 | M15: 9135
B16: 1997 | C16: 3276 | D16: 4.28 | E16: 3.32 | F16: =C16*(0.25+D16/100*12.2+E16/100*7.7) -> 3367.0728 | G16: 467981 | H16: =C16*1000000/G16 -> 7000.2842 | K16: 2017 | L16: 9903 | M16: 9246
B17: 1998 | C17: 3277 | D17: 4.26 | E17: 3.31 | F17: =C17*(0.25+D17/100*12.2+E17/100*7.7) -> 3357.5814 | G17: 449130 | H17: =C17*1000000/G17 -> 7296.3285 | K17: 2018 | L17: 9953 | M17: 9280
B18: 1999 | C18: 3299 | D18: 4.19 | E18: 3.3 | F18: =C18*(0.25+D18/100*12.2+E18/100*7.7) -> 3349.4087 | G18: 448520 | H18: =C18*1000000/G18 -> 7355.3019 | K18: 2019 | L18: 10112 | M18: 9499
B19: 2000 | C19: 3297 | D19: 4.18 | E19: 3.28 | F19: =C19*(0.25+D19/100*12.2+E19/100*7.7) -> 3338.2784 | G19: 427621 | H19: =C19*1000000/G19 -> 7710.0984 | I19: =H19/H14 -> 1.1462156 | K19: 2020 | L19: 10330 | M19: 9676 | N19: =L19/L14 -> 1.0631947 | O19: =M19/M14 -> 1.08524
B20: 2001 | C20: 3290 | D20: 4.2 | E20: 3.28 | F20: =C20*(0.25+D20/100*12.2+E20/100*7.7) -> 3339.2184 | G20: 418471 | H20: =C20*1000000/G20 -> 7861.9546 | I20: =H20/H15 -> 1.1251548
B21: 2002 | C21: 3226 | D21: 4.17 | E21: 3.32 | F21: =C21*(0.25+D21/100*12.2+E21/100*7.7) -> 3272.3899 | G21: 417082 | H21: =C21*1000000/G21 -> 7734.6901 | I21: =H21/H16 -> 1.1049109
B22: 2003 | C22: 3206 | D22: 4.22 | E22: 3.35 | F22: =C22*(0.25+D22/100*12.2+E22/100*7.7) -> 3279.0647 | G22: 402520 | H22: =C22*1000000/G22 -> 7964.8216 | I22: =H22/H17 -> 1.0916205
B23: 2004 | C23: 3229 | D23: 4.25 | E23: 3.38 | F23: =C23*(0.25+D23/100*12.2+E23/100*7.7) -> 3321.866 | G23: 403702 | H23: =C23*1000000/G23 -> 7998.4741 | I23: =H23/H18 -> 1.0874434
B24: 2005 | C24: 3163 | D24: 4.25 | E24: 3.38 | F24: =C24*(0.25+D24/100*12.2+E24/100*7.7) -> 3253.9679 | G24: 393263 | H24: =C24*1000000/G24 -> 8042.9636 | I24: =H24/H19 -> 1.0431726
B25: 2006 | C25: 3130 | D25: 4.22 | E25: 3.38 | F25: =C25*(0.25+D25/100*12.2+E25/100*7.7) -> 3208.563 | G25: 387530 | H25: =C25*1000000/G25 -> 8076.7941 | I25: =H25/H20 -> 1.0273265
B26: 2007 | C26: 2986 | D26: 4.23 | E26: 3.4 | F26: =C26*(0.25+D26/100*12.2+E26/100*7.7) -> 3069.19 | G26: 369646 | H26: =C26*1000000/G26 -> 8077.999 | I26: =H26/H21 -> 1.0443856
B27: 2008 | C27: 2987 | D27: 4.21 | E27: 3.38 | F27: =C27*(0.25+D27/100*12.2+E27/100*7.7) -> 3058.3296 | G27: 357194 | H27: =C27*1000000/G27 -> 8362.4025 | I27: =H27/H22 -> 1.0499171
B28: 2009 | C28: 2933 | D28: 4.24 | E28: 3.4 | F28: =C28*(0.25+D28/100*12.2+E28/100*7.7) -> 3018.2916 | G28: 356776 | H28: =C28*1000000/G28 -> 8220.8445 | I28: =H28/H23 -> 1.0278016
B29: 2010 | C29: 2862 | D29: 4.23 | E29: 3.41 | F29: =C29*(0.25+D29/100*12.2+E29/100*7.7) -> 2943.9391 | G29: 348095 | H29: =C29*1000000/G29 -> 8221.8934 | I29: =H29/H24 -> 1.0222468
B30: 2011 | C30: 2850 | D30: 4.2 | E30: 3.41 | F30: =C30*(0.25+D30/100*12.2+E30/100*7.7) -> 2921.1645 | G30: 346495 | H30: =C30*1000000/G30 -> 8225.2269 | I30: =H30/H25 -> 1.0183777
B31: 2012 | C31: 2861 | D31: 4.22 | E31: 3.42 | F31: =C31*(0.25+D31/100*12.2+E31/100*7.7) -> 2941.623 | G31: 347969 | H31: =C31*1000000/G31 -> 8221.9968 | I31: =H31/H26 -> 1.0178259
... B40: 2021 | C40: 2782.22 | D40: 4.26 | E40: 3.51 | F40: =C40*(0.25+D40/100*12.2+E40/100*7.7) -> 2893.481 | G40: 301850 | H40: =C40*1000000/G40 -> 9217.2271 | I40: =H40/H35 -> 1.0653801
I41: =AVERAGE(I30:I40) -> 1.0395152

Sheet Energy req.
F1: Energy for gestation | R1: Total energy (incl milk) for calves
G2: Month
F3: LW | G3: 7th | H3: 8th | I3: 9th
F4: 400 | G4: 5 | H4: 8 | I4: 15 | J4: =F4*0.013 -> 5.2 | K4: =F4*0.021 -> 8.4 | L4: =F4*0.038 -> 15.2 | M4: =F4*(0.013+0.021+0.038) -> 28.8 | N4: =SUM(G4:I4) -> 28 | R4: Omsättbar energi, MJ | AB4: LW | AC4: LW^0.75 | AD4: WG | AE4: ME
F5: 500 | G5: 7 | H5: 11 | I5: 19 | J5: =F5*0.013 -> 6.5 | K5: =F5*0.021 -> 10.5 | L5: =F5*0.038 -> 19 | M5: =F5*(0.013+0.021+0.038) -> 36 | N5: =SUM(G5:I5) -> 37 | R5: Levande vikt | S5: Viktökning, g per dag | AB5: 30 | AC5: =AB5^0.75 -> 12.81861 | AD5: 0 | AE5: 6
F6: 600 | G6: 8 | H6: 13 | I6: 23 | J6: =F6*0.013 -> 7.8 | K6: =F6*0.021 -> 12.6 | L6: =F6*0.038 -> 22.8 | M6: =F6*(0.013+0.021+0.038) -> 43.2 | N6: =SUM(G6:I6) -> 44 | R6: kg | S6: 0 | T6: 250 | U6: 500 | V6: 1000 | AB6: 40 | AC6: =AB6^0.75 -> 15.905415 | AD6: 0 | AE6: 7
F7: 700 | G7: 9 | H7: 15 | I7: 27 | J7: =F7*0.013 -> 9.1 | K7: =F7*0.021 -> 14.7 | L7: =F7*0.038 -> 26.6 | M7: =F7*(0.013+0.021+0.038) -> 50.4 | N7: =SUM(G7:I7) -> 51 | R7: 30 | S7: 6 | T7: 8 | U7: 11 | V7: 17.5 | X7: Ekvation beräknad från tabell | AB7: 50 | AC7: =AB7^0.75 -> 18.803015 | AD7: 0 | AE7: 8.5
R8: 40 | S8: 7 | T8: 9.5 | U8: 12.5 | V8: 19 | X8: INT | Y8: 0 | AB8: 60 | AC8: =AB8^0.75 -> 21.558247 | AD8: 0 | AE8: 10
R9: 50 | S9: 8.5 | T9: 11 | U9: 14 | V9: 21 | X9: LW | Y9: 0.16 | AB9: 70 | AC9: =AB9^0.75 -> 24.200455 | AD9: 0 | AE9: 11.5
R10: 60 | S10: 10 | T10: 12.5 | U10: 15.5 | V10: 23 | X10: WG | Y10: 12.5 | AB10: 80 | AC10: =AB10^0.75 -> 26.749612 | AD10: 0 | AE10: 13
R11: 70 | S11: 11.5 | T11: 14 | U11: 17.5 | V11: 25 | AB11: 30 | AC11: =AB11^0.75 -> 12.81861 | AD11: 250 | AE11: 8
R12: 80 | S12: 13 | T12: 16 | U12: 19.5 | V12: 28 | AB12: 40 | AC12: =AB12^0.75 -> 15.905415 | AD12: 250 | AE12: 9.5
AB13: 50 | AC13: =AB13^0.75 -> 18.803015 | AD13: 250 | AE13: 11
R14: Ekvation baserad på tabell ovan | AB14: 60 | AC14: =AB14^0.75 -> 21.558247 | AD14: 250 | AE14: 12.5
R15: Levande vikt | S15: Viktökning, kg per dag | AB15: 70 | AC15: =AB15^0.75 -> 24.200455 | AD15: 250 | AE15: 14
R16: kg | S16: 0 | T16: 0.25 | U16: 0.5 | V16: 1 | AB16: 80 | AC16: =AB16^0.75 -> 26.749612 | AD16: 250 | AE16: 16
R17: 30 | S17: =($Y$8+$R17*$Y$9+S$16*$Y$10)/S7 -> 0.8 | T17: =($Y$8+$R17*$Y$9+T$16*$Y$10)/T7 -> 0.990625 | U17: =($Y$8+$R17*$Y$9+U$16*$Y$10)/U7 -> 1.0045455 | V17: =($Y$8+$R17*$Y$9+V$16*$Y$10)/V7 -> 0.98857143 | AB17: 30 | AC17: =AB17^0.75 -> 12.81861 | AD17: 500 | AE17: 11
R18: 40 | S18: =($Y$8+$R18*$Y$9+S$16*$Y$10)/S8 -> 0.91428571 | T18: =($Y$8+$R18*$Y$9+T$16*$Y$10)/T8 -> 1.0026316 | U18: =($Y$8+$R18*$Y$9+U$16*$Y$10)/U8 -> 1.012 | V18: =($Y$8+$R18*$Y$9+V$16*$Y$10)/V8 -> 0.99473684 | AB18: 40 | AC18: =AB18^0.75 -> 15.905415 | AD18: 500 | AE18: 12.5
R19: 50 | S19: =($Y$8+$R19*$Y$9+S$16*$Y$10)/S9 -> 0.94117647 | T19: =($Y$8+$R19*$Y$9+T$16*$Y$10)/T9 -> 1.0113636 | U19: =($Y$8+$R19*$Y$9+U$16*$Y$10)/U9 -> 1.0178571 | V19: =($Y$8+$R19*$Y$9+V$16*$Y$10)/V9 -> 0.97619048 | AB19: 50 | AC19: =AB19^0.75 -> 18.803015 | AD19: 500 | AE19: 14
R20: 60 | S20: =($Y$8+$R20*$Y$9+S$16*$Y$10)/S10 -> 0.96 | T20: =($Y$8+$R20*$Y$9+T$16*$Y$10)/T10 -> 1.018 | U20: =($Y$8+$R20*$Y$9+U$16*$Y$10)/U10 -> 1.0225806 | V20: =($Y$8+$R20*$Y$9+V$16*$Y$10)/V10 -> 0.96086957 | AB20: 60 | AC20: =AB20^0.75 -> 21.558247 | AD20: 500 | AE20: 15.5
R21: 70 | S21: =($Y$8+$R21*$Y$9+S$16*$Y$10)/S11 -> 0.97391304 | T21: =($Y$8+$R21*$Y$9+T$16*$Y$10)/T11 -> 1.0232143 | U21: =($Y$8+$R21*$Y$9+U$16*$Y$10)/U11 -> 0.99714286 | V21: =($Y$8+$R21*$Y$9+V$16*$Y$10)/V11 -> 0.948 | AB21: 70 | AC21: =AB21^0.75 -> 24.200455 | AD21: 500 | AE21: 17.5
R22: 80 | S22: =($Y$8+$R22*$Y$9+S$16*$Y$10)/S12 -> 0.98461538 | T22: =($Y$8+$R22*$Y$9+T$16*$Y$10)/T12 -> 0.9953125 | U22: =($Y$8+$R22*$Y$9+U$16*$Y$10)/U12 -> 0.97692308 | V22: =($Y$8+$R22*$Y$9+V$16*$Y$10)/V12 -> 0.90357143 | AB22: 80 | AC22: =AB22^0.75 -> 26.749612 | AD22: 500 | AE22: 19.5
AB23: 30 | AC23: =AB23^0.75 -> 12.81861 | AD23: 1000 | AE23: 17.5
R24: Samma ekv som växande nöt | AB24: 40 | AC24: =AB24^0.75 -> 15.905415 | AD24: 1000 | AE24: 19
R25: Levande vikt | S25: Viktökning, kg per dag | AB25: 50 | AC25: =AB25^0.75 -> 18.803015 | AD25: 1000 | AE25: 21
R26: kg | S26: 0 | T26: 0.25 | U26: 0.5 | V26: 1 | AB26: 60 | AC26: =AB26^0.75 -> 21.558247 | AD26: 1000 | AE26: 23
R27: 30 | S27: =(0.475*$R27^0.75 + S$26*$X$27)/S7 -> 1.0148066 | T27: =(0.475*$R27^0.75 + T$26*$X$27)/T7 -> 1.136105 | U27: =(0.475*$R27^0.75 + U$26*$X$27)/U7 -> 1.0989854 | V27: =(0.475*$R27^0.75 + V$26*$X$27)/V7 -> 1.033648 | X27: 12 | AB27: 70 | AC27: =AB27^0.75 -> 24.200455 | AD27: 1000 | AE27: 25
R28: 40 | S28: =(0.475*$R28^0.75 + S$26*$X$27)/S8 -> 1.079296 | T28: =(0.475*$R28^0.75 + T$26*$X$27)/T8 -> 1.1110602 | U28: =(0.475*$R28^0.75 + U$26*$X$27)/U8 -> 1.0844058 | V28: =(0.475*$R28^0.75 + V$26*$X$27)/V8 -> 1.0292143 | X28: 0.2 | AB28: 80 | AC28: =AB28^0.75 -> 26.749612 | AD28: 1000 | AE28: 28
R29: 50 | S29: =(0.475*$R29^0.75 + S$26*$X$27)/S9 -> 1.0507567 | T29: =(0.475*$R29^0.75 + T$26*$X$27)/T9 -> 1.0846757 | U29: =(0.475*$R29^0.75 + U$26*$X$27)/U9 -> 1.0665309 | V29: =(0.475*$R29^0.75 + V$26*$X$27)/V9 -> 0.99673487
R30: 60 | S30: =(0.475*$R30^0.75 + S$26*$X$27)/S10 -> 1.0240167 | T30: =(0.475*$R30^0.75 + T$26*$X$27)/T10 -> 1.0592134 | U30: =(0.475*$R30^0.75 + U$26*$X$27)/U10 -> 1.0477527 | V30: =(0.475*$R30^0.75 + V$26*$X$27)/V10 -> 0.96696379
R31: 70 | S31: =(0.475*$R31^0.75 + S$26*$X$27)/S11 -> 0.99958401 | T31: =(0.475*$R31^0.75 + T$26*$X$27)/T11 -> 1.0353726 | U31: =(0.475*$R31^0.75 + U$26*$X$27)/U11 -> 0.99972663 | V31: =(0.475*$R31^0.75 + V$26*$X$27)/V11 -> 0.93980864
R32: 80 | S32: =(0.475*$R32^0.75 + S$26*$X$27)/S12 -> 0.97738968 | T32: =(0.475*$R32^0.75 + T$26*$X$27)/T12 -> 0.98162911 | U32: =(0.475*$R32^0.75 + U$26*$X$27)/U12 -> 0.95928543 | V32: =(0.475*$R32^0.75 + V$26*$X$27)/V12 -> 0.88235949

Sheet LW
A1: SUMMARY OUTPUT
A3: Regression Statistics
A4: Multiple R | B4: 0.99434309
A5: R Square | B5: 0.98871817
A6: Adjusted R Square | B6: 0.98764371
A7: Standard Error | B7: 0.64295634
A8: Observations | B8: 24
A10: ANOVA
B11: df | C11: SS | D11: MS | E11: F | F11: Significance F
A12: Regression | B12: 2 | C12: 760.80833 | D12: 380.40417 | E12: 920.20014 | F12: 3.5480108e-21
A13: Residual | B13: 21 | C13: 8.68125 | D13: 0.41339286
A14: Total | B14: 23 | C14: 769.48958
B16: Coefficients | C16: Standard Error | D16: t Stat | E16: P-value | F16: Lower 95% | G16: Upper 95% | H16: Lower 95.0% | I16: Upper 95.0%
A17: Intercept | B17: -0.4077381 | C17: 0.46902458 | D17: -0.86933204 | E17: 0.39449335 | F17: -1.3831281 | G17: 0.56765191 | H17: -1.3831281 | I17: 0.56765191
A18: LW | B18: 0.16892857 | C18: 0.0076847981 | D18: 21.982174 | E18: 5.6222601e-16 | F18: 0.15294716 | G18: 0.18490998 | H18: 0.15294716 | I18: 0.18490998
A19: WG | B19: 0.01307619 | C19: 0.00035494562 | D19: 36.839982 | E19: 1.4430476e-20 | F19: 0.012338041 | G19: 0.01381434 | H19: 0.012338041 | I19: 0.01381434
A23: RESIDUAL OUTPUT
A25: Observation | B25: Predicted ME | C25: Residuals | D25: Standard Residuals
A26: 1 | B26: 4.660119 | C26: 1.339881 | D26: 2.1809163
A27: 2 | B27: 6.3494048 | C27: 0.65059524 | D27: 1.05897
A28: 3 | B28: 8.0386905 | C28: 0.46130952 | D28: 0.75087079
A29: 4 | B29: 9.7279762 | C29: 0.27202381 | D29: 0.44277155
A30: 5 | B30: 11.417262 | C30: 0.082738095 | D30: 0.13467231
A31: 6 | B31: 13.106548 | C31: -0.10654762 | D31: -0.17342693
A32: 7 | B32: 7.9291667 | C32: 0.070833333 | D32: 0.115295
A33: 8 | B33: 9.6184524 | C33: -0.11845238 | D33: -0.19280424
A34: 9 | B34: 11.307738 | C34: -0.3077381 | D34: -0.50090348
A35: 10 | B35: 12.997024 | C35: -0.49702381 | D35: -0.80900272
A36: 11 | B36: 14.68631 | C36: -0.68630952 | D36: -1.117102
A37: 12 | B37: 16.375595 | C37: -0.37559524 | D37: -0.61135415
... A49: 24 | B49: 26.182738 | C49: 1.8172619 | D49: 2.9579465

Sheet LW int=0
A1: SUMMARY OUTPUT
A3: Regression Statistics
A4: Multiple R | B4: 0.99923601
A5: R Square | B5: 0.99847261
A6: Adjusted R Square | B6: 0.95294864
A7: Standard Error | B7: 0.63937707
A8: Observations | B8: 24
A10: ANOVA
B11: df | C11: SS | D11: MS | E11: F | F11: Significance F
A12: Regression | B12: 2 | C12: 5879.2563 | D12: 2939.6282 | E12: 7190.8179 | F12: 1.6582952e-30
A13: Residual | B13: 22 | C13: 8.9936668 | D13: 0.40880304
A14: Total | B14: 24 | C14: 5888.25
B16: Coefficients | C16: Standard Error | D16: t Stat | E16: P-value | F16: Lower 95% | G16: Upper 95% | H16: Lower 95.0% | I16: Upper 95.0%
A17: Intercept | B17: 0 | C17: =#N/A -> #N/A | D17: =#N/A -> #N/A | E17: =#N/A -> #N/A | F17: =#N/A -> #N/A | G17: =#N/A -> #N/A | H17: =#N/A -> #N/A | I17: =#N/A -> #N/A
A18: LW | B18: 0.16290828 | C18: 0.0033127901 | D18: 49.175551 | E18: 5.4013091e-24 | F18: 0.15603797 | G18: 0.16977858 | H18: 0.15603797 | I18: 0.16977858
A19: WG | B19: 0.012974028 | C19: 0.00033306206 | D19: 38.953785 | E19: 8.599049e-22 | F19: 0.012283299 | G19: 0.013664756 | H19: 0.012283299 | I19: 0.013664756
A23: RESIDUAL OUTPUT
A25: Observation | B25: Predicted ME | C25: Residuals | D25: Standard Residuals
A26: 1 | B26: 4.8872483 | C26: 1.1127517 | D26: 1.8177556
A27: 2 | B27: 6.5163311 | C27: 0.4836689 | D27: 0.79010606
A28: 3 | B28: 8.1454139 | C28: 0.35458613 | D28: 0.57924056
A29: 4 | B29: 9.7744966 | C29: 0.22550336 | D29: 0.36837507
A30: 5 | B30: 11.403579 | C30: 0.096420582 | D30: 0.15750958
A31: 6 | B31: 13.032662 | C31: -0.032662192 | D31: -0.053355913
A32: 7 | B32: 8.1307553 | C32: -0.1307553 | D32: -0.21359768
A33: 8 | B33: 9.7598381 | C33: -0.25983807 | D33: -0.42446317
A34: 9 | B34: 11.388921 | C34: -0.38892085 | D34: -0.63532866
A35: 10 | B35: 13.018004 | C35: -0.51800362 | D35: -0.84619415
A36: 11 | B36: 14.647086 | C36: -0.6470864 | D36: -1.0570596
A37: 12 | B37: 16.276169 | C37: -0.27616917 | D37: -0.45114113
... A49: 24 | B49: 26.00669 | C49: 1.9933099 | D49: 3.2562073

Sheet DPCache_G&D slakt
A1: Djur | B1: Ras | C1: År | D1: Antal djur | E1: Slaktvikt (kg) | F1: Fettgrupp | G1: Formklass | H1: Ålder (månader) | I1: Slaktvikt*Antal | J1: Ålder*Antal
A2: ko | B2: 01 SRB | C2: 2016 | D2: 30638 | E2: 302.7 | F2: 7.7 | G2: 4 | H2: 68.6 | I2: 9274122.6 | J2: 2101766.8
A3: ko | B3: 01 SRB | C3: 2017 | D3: 26251 | E3: 308.5 | F3: 7.8 | G3: 4.1 | H3: 68.9 | I3: 8098433.5 | J3: 1808693.9
A4: ko | B4: 01 SRB | C4: 2018 | D4: 26489 | E4: 306.2 | F4: 7.5 | G4: 4 | H4: 69.3 | I4: 8110931.8 | J4: 1835687.7
A5: ko | B5: 01 SRB | C5: 2019 | D5: 25859 | E5: 310.4 | F5: 7.6 | G5: 4.1 | H5: 70.1 | I5: 8026633.6 | J5: 1812715.9
A6: ko | B6: 01 SRB | C6: 2020 | D6: 23718 | E6: 311.7 | F6: 7.4 | G6: 4 | H6: 71.6 | I6: 7392900.6 | J6: 1698208.8
A7: ko | B7: 01 SRB | C7: 2021 | D7: 21589 | E7: 313.4 | F7: 7.3 | G7: 4 | H7: 72.9 | I7: 6765992.6 | J7: 1573838.1
A8: ko | B8: 02 SLB | C8: 2016 | D8: 41922 | E8: 310.8 | F8: 7 | G8: 3.4 | H8: 69.2 | I8: 13029358 | J8: 2901002.4
A9: ko | B9: 02 SLB | C9: 2017 | D9: 38032 | E9: 316.9 | F9: 7.2 | G9: 3.5 | H9: 68.9 | I9: 12052341 | J9: 2620404.8
A10: ko | B10: 02 SLB | C10: 2018 | D10: 40654 | E10: 317 | F10: 7 | G10: 3.4 | H10: 69.4 | I10: 12887318 | J10: 2821387.6
A11: ko | B11: 02 SLB | C11: 2019 | D11: 40784 | E11: 321.4 | F11: 7.1 | G11: 3.5 | H11: 70.2 | I11: 13107978 | J11: 2863036.8
A12: ko | B12: 02 SLB | C12: 2020 | D12: 40218 | E12: 322.6 | F12: 7 | G12: 3.4 | H12: 71.6 | I12: 12974327 | J12: 2879608.8
A13: ko | B13: 02 SLB | C13: 2021 | D13: 38776 | E13: 324.9 | F13: 6.9 | G13: 3.4 | H13: 73.2 | I13: 12598322 | J13: 2838403.2
... A421: mellankalv | B421: 99 Korsning/övriga raser | C421: 2021 | D421: 1961 | E421: 164.3 | F421: 5.6 | G421: 5.5 | H421: 14.1 | I421: 322192.3 | J421: 27650.1
